{
"type": "FeatureCollection",
"name": "amostra5",
"crs": { "type": "name", "properties": { "name": "urn:ogc:def:crs:OGC:1.3:CRS84" } },
"features": [
{ "type": "Feature", "properties": { "CLASSE": "PLANTIO" }, "geometry": { "type": "Point", "coordinates": [ -57.711875418482421, -19.304976926628701 ] } },
{ "type": "Feature", "properties": { "CLASSE": "PLANTIO" }, "geometry": { "type": "Point", "coordinates": [ -57.711845243169925, -19.304999516582111 ] } },
{ "type": "Feature", "properties": { "CLASSE": "PLANTIO" }, "geometry": { "type": "Point", "coordinates": [ -57.711821965202006, -19.304987876646443 ] } },
{ "type": "Feature", "properties": { "CLASSE": "PLANTIO" }, "geometry": { "type": "Point", "coordinates": [ -57.711798744532047, -19.304978651949821 ] } },
{ "type": "Feature", "properties": { "CLASSE": "PLANTIO" }, "geometry": { "type": "Point", "coordinates": [ -57.711853546292389, -19.30496591381856 ] } },
{ "type": "Feature", "properties": { "CLASSE": "PLANTIO" }, "geometry": { "type": "Point", "coordinates": [ -57.711828708778796, -19.30495725003739 ] } },
{ "type": "Feature", "properties": { "CLASSE": "PLANTIO" }, "geometry": { "type": "Point", "coordinates": [ -57.71180887428951, -19.304945971012028 ] } },
{ "type": "Feature", "properties": { "CLASSE": "PLANTIO" }, "geometry": { "type": "Point", "coordinates": [ -57.711887378073868, -19.304943997521839 ] } },
{ "type": "Feature", "properties": { "CLASSE": "PLANTIO" }, "geometry": { "type": "Point", "coordinates": [ -57.711900027989614, -19.304916403572939 ] } },
{ "type": "Feature", "properties": { "CLASSE": "PLANTIO" }, "geometry": { "type": "Point", "coordinates": [ -57.71187358540616, -19.304905893609291 ] } },
{ "type": "Feature", "properties": { "CLASSE": "PLANTIO" }, "geometry": { "type": "Point", "coordinates": [ -57.711899115738674, -19.304877343094713 ] } },
{ "type": "Feature", "properties": { "CLASSE": "PLANTIO" }, "geometry": { "type": "Point", "coordinates": [ -57.711862088793154, -19.304934161664299 ] } },
{ "type": "Feature", "properties": { "CLASSE": "PLANTIO" }, "geometry": { "type": "Point", "coordinates": [ -57.711837091326551, -19.304925141574984 ] } },
{ "type": "Feature", "properties": { "CLASSE": "PLANTIO" }, "geometry": { "type": "Point", "coordinates": [ -57.711812318834276, -19.304913592164464 ] } },
{ "type": "Feature", "properties": { "CLASSE": "PLANTIO" }, "geometry": { "type": "Point", "coordinates": [ -57.711788416947577, -19.304903695777849 ] } },
{ "type": "Feature", "properties": { "CLASSE": "PLANTIO" }, "geometry": { "type": "Point", "coordinates": [ -57.711849897578546, -19.304896483827278 ] } },
{ "type": "Feature", "properties": { "CLASSE": "PLANTIO" }, "geometry": { "type": "Point", "coordinates": [ -57.711822837034084, -19.304885160380522 ] } },
{ "type": "Feature", "properties": { "CLASSE": "PLANTIO" }, "geometry": { "type": "Point", "coordinates": [ -57.711798761318484, -19.304875322308568 ] } },
{ "type": "Feature", "properties": { "CLASSE": "PLANTIO" }, "geometry": { "type": "Point", "coordinates": [ -57.711853020082053, -19.30486237285502 ] } },
{ "type": "Feature", "properties": { "CLASSE": "PLANTIO" }, "geometry": { "type": "Point", "coordinates": [ -57.711828312859225, -19.304852586700648 ] } },
{ "type": "Feature", "properties": { "CLASSE": "PLANTIO" }, "geometry": { "type": "Point", "coordinates": [ -57.711804514643838, -19.304841925198968 ] } },
{ "type": "Feature", "properties": { "CLASSE": "PLANTIO" }, "geometry": { "type": "Point", "coordinates": [ -57.711878689503699, -19.304871879547754 ] } },
{ "type": "Feature", "properties": { "CLASSE": "PLANTIO" }, "geometry": { "type": "Point", "coordinates": [ -57.711919405897866, -19.304855055595894 ] } },
{ "type": "Feature", "properties": { "CLASSE": "PLANTIO" }, "geometry": { "type": "Point", "coordinates": [ -57.711895575746283, -19.304845023323203 ] } },
{ "type": "Feature", "properties": { "CLASSE": "PLANTIO" }, "geometry": { "type": "Point", "coordinates": [ -57.711869927082766, -19.304835076100918 ] } },
{ "type": "Feature", "properties": { "CLASSE": "PLANTIO" }, "geometry": { "type": "Point", "coordinates": [ -57.71193104191498, -19.304828464736168 ] } },
{ "type": "Feature", "properties": { "CLASSE": "PLANTIO" }, "geometry": { "type": "Point", "coordinates": [ -57.711906479787572, -19.304818974562789 ] } },
{ "type": "Feature", "properties": { "CLASSE": "PLANTIO" }, "geometry": { "type": "Point", "coordinates": [ -57.711898117399066, -19.304808711666197 ] } },
{ "type": "Feature", "properties": { "CLASSE": "PLANTIO" }, "geometry": { "type": "Point", "coordinates": [ -57.711879660282612, -19.304807696458493 ] } },
{ "type": "Feature", "properties": { "CLASSE": "PLANTIO" }, "geometry": { "type": "Point", "coordinates": [ -57.711940452688921, -19.304795276787001 ] } },
{ "type": "Feature", "properties": { "CLASSE": "PLANTIO" }, "geometry": { "type": "Point", "coordinates": [ -57.711964403455021, -19.304773984851792 ] } },
{ "type": "Feature", "properties": { "CLASSE": "PLANTIO" }, "geometry": { "type": "Point", "coordinates": [ -57.711845498290579, -19.304823236186817 ] } },
{ "type": "Feature", "properties": { "CLASSE": "PLANTIO" }, "geometry": { "type": "Point", "coordinates": [ -57.711822019298573, -19.304811768026017 ] } },
{ "type": "Feature", "properties": { "CLASSE": "PLANTIO" }, "geometry": { "type": "Point", "coordinates": [ -57.711797923210518, -19.304802880134357 ] } },
{ "type": "Feature", "properties": { "CLASSE": "PLANTIO" }, "geometry": { "type": "Point", "coordinates": [ -57.711852968299667, -19.304795774120826 ] } },
{ "type": "Feature", "properties": { "CLASSE": "PLANTIO" }, "geometry": { "type": "Point", "coordinates": [ -57.71182798815461, -19.304782923843923 ] } },
{ "type": "Feature", "properties": { "CLASSE": "PLANTIO" }, "geometry": { "type": "Point", "coordinates": [ -57.711802216738519, -19.30476965383194 ] } },
{ "type": "Feature", "properties": { "CLASSE": "PLANTIO" }, "geometry": { "type": "Point", "coordinates": [ -57.711867235189267, -19.304764322094961 ] } },
{ "type": "Feature", "properties": { "CLASSE": "PLANTIO" }, "geometry": { "type": "Point", "coordinates": [ -57.711842751188129, -19.304753621847841 ] } },
{ "type": "Feature", "properties": { "CLASSE": "PLANTIO" }, "geometry": { "type": "Point", "coordinates": [ -57.711818508921446, -19.304740128045204 ] } },
{ "type": "Feature", "properties": { "CLASSE": "PLANTIO" }, "geometry": { "type": "Point", "coordinates": [ -57.71179123773581, -19.304731043437179 ] } },
{ "type": "Feature", "properties": { "CLASSE": "PLANTIO" }, "geometry": { "type": "Point", "coordinates": [ -57.71191690006534, -19.304786778962089 ] } },
{ "type": "Feature", "properties": { "CLASSE": "PLANTIO" }, "geometry": { "type": "Point", "coordinates": [ -57.711903820812402, -19.304776995153816 ] } },
{ "type": "Feature", "properties": { "CLASSE": "PLANTIO" }, "geometry": { "type": "Point", "coordinates": [ -57.711892190719311, -19.304776049158782 ] } },
{ "type": "Feature", "properties": { "CLASSE": "PLANTIO" }, "geometry": { "type": "Point", "coordinates": [ -57.711940721958527, -19.304760853929789 ] } },
{ "type": "Feature", "properties": { "CLASSE": "PLANTIO" }, "geometry": { "type": "Point", "coordinates": [ -57.71191805919014, -19.304751019386835 ] } },
{ "type": "Feature", "properties": { "CLASSE": "PLANTIO" }, "geometry": { "type": "Point", "coordinates": [ -57.711893751386292, -19.304742572358105 ] } },
{ "type": "Feature", "properties": { "CLASSE": "PLANTIO" }, "geometry": { "type": "Point", "coordinates": [ -57.711869717734118, -19.304732393996218 ] } },
{ "type": "Feature", "properties": { "CLASSE": "PLANTIO" }, "geometry": { "type": "Point", "coordinates": [ -57.711934548465997, -19.304721840550616 ] } },
{ "type": "Feature", "properties": { "CLASSE": "PLANTIO" }, "geometry": { "type": "Point", "coordinates": [ -57.711907885637302, -19.304709972658152 ] } },
{ "type": "Feature", "properties": { "CLASSE": "PLANTIO" }, "geometry": { "type": "Point", "coordinates": [ -57.711881601444183, -19.304698698133731 ] } },
{ "type": "Feature", "properties": { "CLASSE": "PLANTIO" }, "geometry": { "type": "Point", "coordinates": [ -57.711499805909632, -19.304847931246108 ] } },
{ "type": "Feature", "properties": { "CLASSE": "PLANTIO" }, "geometry": { "type": "Point", "coordinates": [ -57.711480230720866, -19.304834542705066 ] } },
{ "type": "Feature", "properties": { "CLASSE": "PLANTIO" }, "geometry": { "type": "Point", "coordinates": [ -57.711409277220731, -19.304807504316834 ] } },
{ "type": "Feature", "properties": { "CLASSE": "PLANTIO" }, "geometry": { "type": "Point", "coordinates": [ -57.711775480621235, -19.304967287740386 ] } },
{ "type": "Feature", "properties": { "CLASSE": "PLANTIO" }, "geometry": { "type": "Point", "coordinates": [ -57.711753060804718, -19.30496048024456 ] } },
{ "type": "Feature", "properties": { "CLASSE": "PLANTIO" }, "geometry": { "type": "Point", "coordinates": [ -57.71173174657919, -19.304949615856906 ] } },
{ "type": "Feature", "properties": { "CLASSE": "PLANTIO" }, "geometry": { "type": "Point", "coordinates": [ -57.711781814930433, -19.304936508781314 ] } },
{ "type": "Feature", "properties": { "CLASSE": "PLANTIO" }, "geometry": { "type": "Point", "coordinates": [ -57.711702155553006, -19.304936656529016 ] } },
{ "type": "Feature", "properties": { "CLASSE": "PLANTIO" }, "geometry": { "type": "Point", "coordinates": [ -57.711758663316772, -19.304926949152488 ] } },
{ "type": "Feature", "properties": { "CLASSE": "PLANTIO" }, "geometry": { "type": "Point", "coordinates": [ -57.711735499591626, -19.30491517742993 ] } },
{ "type": "Feature", "properties": { "CLASSE": "PLANTIO" }, "geometry": { "type": "Point", "coordinates": [ -57.711714843803108, -19.304905431461378 ] } },
{ "type": "Feature", "properties": { "CLASSE": "PLANTIO" }, "geometry": { "type": "Point", "coordinates": [ -57.711764221049883, -19.304891680454588 ] } },
{ "type": "Feature", "properties": { "CLASSE": "PLANTIO" }, "geometry": { "type": "Point", "coordinates": [ -57.711683646030586, -19.30492817876517 ] } },
{ "type": "Feature", "properties": { "CLASSE": "PLANTIO" }, "geometry": { "type": "Point", "coordinates": [ -57.711660445449986, -19.304918767750404 ] } },
{ "type": "Feature", "properties": { "CLASSE": "PLANTIO" }, "geometry": { "type": "Point", "coordinates": [ -57.711636764689111, -19.304908038990572 ] } },
{ "type": "Feature", "properties": { "CLASSE": "PLANTIO" }, "geometry": { "type": "Point", "coordinates": [ -57.711614856730385, -19.304898710411972 ] } },
{ "type": "Feature", "properties": { "CLASSE": "PLANTIO" }, "geometry": { "type": "Point", "coordinates": [ -57.711691812681138, -19.304895844037901 ] } },
{ "type": "Feature", "properties": { "CLASSE": "PLANTIO" }, "geometry": { "type": "Point", "coordinates": [ -57.711664770513984, -19.304885991971073 ] } },
{ "type": "Feature", "properties": { "CLASSE": "PLANTIO" }, "geometry": { "type": "Point", "coordinates": [ -57.711640451828011, -19.304874657294242 ] } },
{ "type": "Feature", "properties": { "CLASSE": "PLANTIO" }, "geometry": { "type": "Point", "coordinates": [ -57.711615747018307, -19.304862568285813 ] } },
{ "type": "Feature", "properties": { "CLASSE": "PLANTIO" }, "geometry": { "type": "Point", "coordinates": [ -57.711591652612213, -19.304887425166985 ] } },
{ "type": "Feature", "properties": { "CLASSE": "PLANTIO" }, "geometry": { "type": "Point", "coordinates": [ -57.711567325897619, -19.304877764541864 ] } },
{ "type": "Feature", "properties": { "CLASSE": "PLANTIO" }, "geometry": { "type": "Point", "coordinates": [ -57.711557404352241, -19.304870897106937 ] } },
{ "type": "Feature", "properties": { "CLASSE": "PLANTIO" }, "geometry": { "type": "Point", "coordinates": [ -57.711544490453932, -19.304869252772669 ] } },
{ "type": "Feature", "properties": { "CLASSE": "PLANTIO" }, "geometry": { "type": "Point", "coordinates": [ -57.711522889097594, -19.304858842769342 ] } },
{ "type": "Feature", "properties": { "CLASSE": "PLANTIO" }, "geometry": { "type": "Point", "coordinates": [ -57.711594807724424, -19.304851414366833 ] } },
{ "type": "Feature", "properties": { "CLASSE": "PLANTIO" }, "geometry": { "type": "Point", "coordinates": [ -57.711570406751427, -19.304839731602321 ] } },
{ "type": "Feature", "properties": { "CLASSE": "PLANTIO" }, "geometry": { "type": "Point", "coordinates": [ -57.711549615191188, -19.304835613599622 ] } },
{ "type": "Feature", "properties": { "CLASSE": "PLANTIO" }, "geometry": { "type": "Point", "coordinates": [ -57.711525854790352, -19.304823621856151 ] } },
{ "type": "Feature", "properties": { "CLASSE": "PLANTIO" }, "geometry": { "type": "Point", "coordinates": [ -57.711600416959094, -19.304817853194578 ] } },
{ "type": "Feature", "properties": { "CLASSE": "PLANTIO" }, "geometry": { "type": "Point", "coordinates": [ -57.711739579755992, -19.304881555480907 ] } },
{ "type": "Feature", "properties": { "CLASSE": "PLANTIO" }, "geometry": { "type": "Point", "coordinates": [ -57.711716041784463, -19.304870924808093 ] } },
{ "type": "Feature", "properties": { "CLASSE": "PLANTIO" }, "geometry": { "type": "Point", "coordinates": [ -57.711773594017096, -19.304862068175073 ] } },
{ "type": "Feature", "properties": { "CLASSE": "PLANTIO" }, "geometry": { "type": "Point", "coordinates": [ -57.711749629200106, -19.304851584311439 ] } },
{ "type": "Feature", "properties": { "CLASSE": "PLANTIO" }, "geometry": { "type": "Point", "coordinates": [ -57.711724243161868, -19.304841434596192 ] } },
{ "type": "Feature", "properties": { "CLASSE": "PLANTIO" }, "geometry": { "type": "Point", "coordinates": [ -57.711780851864738, -19.304830978185823 ] } },
{ "type": "Feature", "properties": { "CLASSE": "PLANTIO" }, "geometry": { "type": "Point", "coordinates": [ -57.711698378016749, -19.304829922016374 ] } },
{ "type": "Feature", "properties": { "CLASSE": "PLANTIO" }, "geometry": { "type": "Point", "coordinates": [ -57.711756074331838, -19.304821065602699 ] } },
{ "type": "Feature", "properties": { "CLASSE": "PLANTIO" }, "geometry": { "type": "Point", "coordinates": [ -57.711732974866663, -19.304809720249356 ] } },
{ "type": "Feature", "properties": { "CLASSE": "PLANTIO" }, "geometry": { "type": "Point", "coordinates": [ -57.711710636499873, -19.304797865724755 ] } },
{ "type": "Feature", "properties": { "CLASSE": "PLANTIO" }, "geometry": { "type": "Point", "coordinates": [ -57.71169136660891, -19.304859397870263 ] } },
{ "type": "Feature", "properties": { "CLASSE": "PLANTIO" }, "geometry": { "type": "Point", "coordinates": [ -57.711668541552164, -19.304849372176278 ] } },
{ "type": "Feature", "properties": { "CLASSE": "PLANTIO" }, "geometry": { "type": "Point", "coordinates": [ -57.711645653872793, -19.304837475477058 ] } },
{ "type": "Feature", "properties": { "CLASSE": "PLANTIO" }, "geometry": { "type": "Point", "coordinates": [ -57.711623763917181, -19.304827964175072 ] } },
{ "type": "Feature", "properties": { "CLASSE": "PLANTIO" }, "geometry": { "type": "Point", "coordinates": [ -57.711673734570617, -19.3048182464128 ] } },
{ "type": "Feature", "properties": { "CLASSE": "PLANTIO" }, "geometry": { "type": "Point", "coordinates": [ -57.711648338959009, -19.304807140603188 ] } },
{ "type": "Feature", "properties": { "CLASSE": "PLANTIO" }, "geometry": { "type": "Point", "coordinates": [ -57.711622387197465, -19.304795862822139 ] } },
{ "type": "Feature", "properties": { "CLASSE": "PLANTIO" }, "geometry": { "type": "Point", "coordinates": [ -57.711685358336638, -19.304787155249738 ] } },
{ "type": "Feature", "properties": { "CLASSE": "PLANTIO" }, "geometry": { "type": "Point", "coordinates": [ -57.711656355989795, -19.304770258632118 ] } },
{ "type": "Feature", "properties": { "CLASSE": "PLANTIO" }, "geometry": { "type": "Point", "coordinates": [ -57.711636308893624, -19.304767260269692 ] } },
{ "type": "Feature", "properties": { "CLASSE": "PLANTIO" }, "geometry": { "type": "Point", "coordinates": [ -57.711456336113464, -19.304824877855296 ] } },
{ "type": "Feature", "properties": { "CLASSE": "PLANTIO" }, "geometry": { "type": "Point", "coordinates": [ -57.711433277054496, -19.304816918140382 ] } },
{ "type": "Feature", "properties": { "CLASSE": "PLANTIO" }, "geometry": { "type": "Point", "coordinates": [ -57.711501800640328, -19.304811372628766 ] } },
{ "type": "Feature", "properties": { "CLASSE": "PLANTIO" }, "geometry": { "type": "Point", "coordinates": [ -57.711478932090344, -19.304800256024325 ] } },
{ "type": "Feature", "properties": { "CLASSE": "PLANTIO" }, "geometry": { "type": "Point", "coordinates": [ -57.711454735314724, -19.304790279301205 ] } },
{ "type": "Feature", "properties": { "CLASSE": "PLANTIO" }, "geometry": { "type": "Point", "coordinates": [ -57.711446960258797, -19.304787343539203 ] } },
{ "type": "Feature", "properties": { "CLASSE": "PLANTIO" }, "geometry": { "type": "Point", "coordinates": [ -57.711430701609416, -19.30477902932704 ] } },
{ "type": "Feature", "properties": { "CLASSE": "PLANTIO" }, "geometry": { "type": "Point", "coordinates": [ -57.711507028251944, -19.304775393359609 ] } },
{ "type": "Feature", "properties": { "CLASSE": "PLANTIO" }, "geometry": { "type": "Point", "coordinates": [ -57.711482647984532, -19.304765851445719 ] } },
{ "type": "Feature", "properties": { "CLASSE": "PLANTIO" }, "geometry": { "type": "Point", "coordinates": [ -57.711579067362756, -19.304808939177466 ] } },
{ "type": "Feature", "properties": { "CLASSE": "PLANTIO" }, "geometry": { "type": "Point", "coordinates": [ -57.711556564769687, -19.304798378477489 ] } },
{ "type": "Feature", "properties": { "CLASSE": "PLANTIO" }, "geometry": { "type": "Point", "coordinates": [ -57.711598528974108, -19.304785097471335 ] } },
{ "type": "Feature", "properties": { "CLASSE": "PLANTIO" }, "geometry": { "type": "Point", "coordinates": [ -57.711527719960472, -19.30478545936975 ] } },
{ "type": "Feature", "properties": { "CLASSE": "PLANTIO" }, "geometry": { "type": "Point", "coordinates": [ -57.711574794800057, -19.304774134838716 ] } },
{ "type": "Feature", "properties": { "CLASSE": "PLANTIO" }, "geometry": { "type": "Point", "coordinates": [ -57.711562705644894, -19.30476672554979 ] } },
{ "type": "Feature", "properties": { "CLASSE": "PLANTIO" }, "geometry": { "type": "Point", "coordinates": [ -57.711547660997525, -19.304766675560192 ] } },
{ "type": "Feature", "properties": { "CLASSE": "PLANTIO" }, "geometry": { "type": "Point", "coordinates": [ -57.711526689902911, -19.304754223194774 ] } },
{ "type": "Feature", "properties": { "CLASSE": "PLANTIO" }, "geometry": { "type": "Point", "coordinates": [ -57.711591193659366, -19.304747195268419 ] } },
{ "type": "Feature", "properties": { "CLASSE": "PLANTIO" }, "geometry": { "type": "Point", "coordinates": [ -57.711570987546509, -19.304739730924513 ] } },
{ "type": "Feature", "properties": { "CLASSE": "PLANTIO" }, "geometry": { "type": "Point", "coordinates": [ -57.711387984965121, -19.304800433260564 ] } },
{ "type": "Feature", "properties": { "CLASSE": "PLANTIO" }, "geometry": { "type": "Point", "coordinates": [ -57.711363828377863, -19.304787701513252 ] } },
{ "type": "Feature", "properties": { "CLASSE": "PLANTIO" }, "geometry": { "type": "Point", "coordinates": [ -57.711341396699645, -19.304777383772279 ] } },
{ "type": "Feature", "properties": { "CLASSE": "PLANTIO" }, "geometry": { "type": "Point", "coordinates": [ -57.711407497962973, -19.304771559722852 ] } },
{ "type": "Feature", "properties": { "CLASSE": "PLANTIO" }, "geometry": { "type": "Point", "coordinates": [ -57.711318712290293, -19.304767880970427 ] } },
{ "type": "Feature", "properties": { "CLASSE": "PLANTIO" }, "geometry": { "type": "Point", "coordinates": [ -57.711381757947187, -19.304759798160212 ] } },
{ "type": "Feature", "properties": { "CLASSE": "PLANTIO" }, "geometry": { "type": "Point", "coordinates": [ -57.711358186553007, -19.304750035466338 ] } },
{ "type": "Feature", "properties": { "CLASSE": "PLANTIO" }, "geometry": { "type": "Point", "coordinates": [ -57.711335526191036, -19.304739121740074 ] } },
{ "type": "Feature", "properties": { "CLASSE": "PLANTIO" }, "geometry": { "type": "Point", "coordinates": [ -57.711410591182798, -19.304734158130135 ] } },
{ "type": "Feature", "properties": { "CLASSE": "PLANTIO" }, "geometry": { "type": "Point", "coordinates": [ -57.711295418658075, -19.304760404129794 ] } },
{ "type": "Feature", "properties": { "CLASSE": "PLANTIO" }, "geometry": { "type": "Point", "coordinates": [ -57.711273602872645, -19.304750173089136 ] } },
{ "type": "Feature", "properties": { "CLASSE": "PLANTIO" }, "geometry": { "type": "Point", "coordinates": [ -57.711250293796802, -19.304741239487559 ] } },
{ "type": "Feature", "properties": { "CLASSE": "PLANTIO" }, "geometry": { "type": "Point", "coordinates": [ -57.711227890669981, -19.304728945289174 ] } },
{ "type": "Feature", "properties": { "CLASSE": "PLANTIO" }, "geometry": { "type": "Point", "coordinates": [ -57.711309973677736, -19.304727729669818 ] } },
{ "type": "Feature", "properties": { "CLASSE": "PLANTIO" }, "geometry": { "type": "Point", "coordinates": [ -57.711285605646651, -19.304715943254809 ] } },
{ "type": "Feature", "properties": { "CLASSE": "PLANTIO" }, "geometry": { "type": "Point", "coordinates": [ -57.711461351681656, -19.304756494619937 ] } },
{ "type": "Feature", "properties": { "CLASSE": "PLANTIO" }, "geometry": { "type": "Point", "coordinates": [ -57.711436084185159, -19.30474574284214 ] } },
{ "type": "Feature", "properties": { "CLASSE": "PLANTIO" }, "geometry": { "type": "Point", "coordinates": [ -57.71150227518519, -19.304743858740444 ] } },
{ "type": "Feature", "properties": { "CLASSE": "PLANTIO" }, "geometry": { "type": "Point", "coordinates": [ -57.711479732864923, -19.30473297483676 ] } },
{ "type": "Feature", "properties": { "CLASSE": "PLANTIO" }, "geometry": { "type": "Point", "coordinates": [ -57.711454069764237, -19.304721984373298 ] } },
{ "type": "Feature", "properties": { "CLASSE": "PLANTIO" }, "geometry": { "type": "Point", "coordinates": [ -57.711428706269153, -19.304710863560381 ] } },
{ "type": "Feature", "properties": { "CLASSE": "PLANTIO" }, "geometry": { "type": "Point", "coordinates": [ -57.711494167647992, -19.304704211455846 ] } },
{ "type": "Feature", "properties": { "CLASSE": "PLANTIO" }, "geometry": { "type": "Point", "coordinates": [ -57.711469241854594, -19.304694396937371 ] } },
{ "type": "Feature", "properties": { "CLASSE": "PLANTIO" }, "geometry": { "type": "Point", "coordinates": [ -57.71144554949074, -19.304684018829992 ] } },
{ "type": "Feature", "properties": { "CLASSE": "PLANTIO" }, "geometry": { "type": "Point", "coordinates": [ -57.71142036103803, -19.304673585593655 ] } },
{ "type": "Feature", "properties": { "CLASSE": "PLANTIO" }, "geometry": { "type": "Point", "coordinates": [ -57.711388984760738, -19.304725260826078 ] } },
{ "type": "Feature", "properties": { "CLASSE": "PLANTIO" }, "geometry": { "type": "Point", "coordinates": [ -57.711360667333643, -19.304712057420861 ] } },
{ "type": "Feature", "properties": { "CLASSE": "PLANTIO" }, "geometry": { "type": "Point", "coordinates": [ -57.711407246132893, -19.304701902570013 ] } },
{ "type": "Feature", "properties": { "CLASSE": "PLANTIO" }, "geometry": { "type": "Point", "coordinates": [ -57.711333847049936, -19.304701659256228 ] } },
{ "type": "Feature", "properties": { "CLASSE": "PLANTIO" }, "geometry": { "type": "Point", "coordinates": [ -57.711321450664329, -19.304695607828631 ] } },
{ "type": "Feature", "properties": { "CLASSE": "PLANTIO" }, "geometry": { "type": "Point", "coordinates": [ -57.711382440817623, -19.304688891831184 ] } },
{ "type": "Feature", "properties": { "CLASSE": "PLANTIO" }, "geometry": { "type": "Point", "coordinates": [ -57.71135921887246, -19.304679233883874 ] } },
{ "type": "Feature", "properties": { "CLASSE": "PLANTIO" }, "geometry": { "type": "Point", "coordinates": [ -57.711334553532048, -19.304668394195765 ] } },
{ "type": "Feature", "properties": { "CLASSE": "PLANTIO" }, "geometry": { "type": "Point", "coordinates": [ -57.711261876922123, -19.304706808611581 ] } },
{ "type": "Feature", "properties": { "CLASSE": "PLANTIO" }, "geometry": { "type": "Point", "coordinates": [ -57.711237410720429, -19.304695418571779 ] } },
{ "type": "Feature", "properties": { "CLASSE": "PLANTIO" }, "geometry": { "type": "Point", "coordinates": [ -57.711311824539678, -19.304691397137088 ] } },
{ "type": "Feature", "properties": { "CLASSE": "PLANTIO" }, "geometry": { "type": "Point", "coordinates": [ -57.711215407934304, -19.304685860305462 ] } },
{ "type": "Feature", "properties": { "CLASSE": "PLANTIO" }, "geometry": { "type": "Point", "coordinates": [ -57.711288874761834, -19.304680736633614 ] } },
{ "type": "Feature", "properties": { "CLASSE": "PLANTIO" }, "geometry": { "type": "Point", "coordinates": [ -57.71126447591525, -19.304668976940093 ] } },
{ "type": "Feature", "properties": { "CLASSE": "PLANTIO" }, "geometry": { "type": "Point", "coordinates": [ -57.711310159943203, -19.304660135006067 ] } },
{ "type": "Feature", "properties": { "CLASSE": "PLANTIO" }, "geometry": { "type": "Point", "coordinates": [ -57.711241910824313, -19.304659892738666 ] } },
{ "type": "Feature", "properties": { "CLASSE": "PLANTIO" }, "geometry": { "type": "Point", "coordinates": [ -57.711219698154743, -19.304651074256693 ] } },
{ "type": "Feature", "properties": { "CLASSE": "PLANTIO" }, "geometry": { "type": "Point", "coordinates": [ -57.711166905301098, -19.304664945804653 ] } },
{ "type": "Feature", "properties": { "CLASSE": "PLANTIO" }, "geometry": { "type": "Point", "coordinates": [ -57.711142226705093, -19.304654215025273 ] } },
{ "type": "Feature", "properties": { "CLASSE": "PLANTIO" }, "geometry": { "type": "Point", "coordinates": [ -57.711207988543407, -19.304645254639286 ] } },
{ "type": "Feature", "properties": { "CLASSE": "PLANTIO" }, "geometry": { "type": "Point", "coordinates": [ -57.711117417848143, -19.304642368210072 ] } },
{ "type": "Feature", "properties": { "CLASSE": "PLANTIO" }, "geometry": { "type": "Point", "coordinates": [ -57.711196444850479, -19.304638727704219 ] } },
{ "type": "Feature", "properties": { "CLASSE": "PLANTIO" }, "geometry": { "type": "Point", "coordinates": [ -57.711172885442551, -19.304625778429344 ] } },
{ "type": "Feature", "properties": { "CLASSE": "PLANTIO" }, "geometry": { "type": "Point", "coordinates": [ -57.711145948960933, -19.304617810168164 ] } },
{ "type": "Feature", "properties": { "CLASSE": "PLANTIO" }, "geometry": { "type": "Point", "coordinates": [ -57.711120858046364, -19.304605165331733 ] } },
{ "type": "Feature", "properties": { "CLASSE": "PLANTIO" }, "geometry": { "type": "Point", "coordinates": [ -57.711190847003046, -19.304604328363808 ] } },
{ "type": "Feature", "properties": { "CLASSE": "PLANTIO" }, "geometry": { "type": "Point", "coordinates": [ -57.71149590467477, -19.304668281779112 ] } },
{ "type": "Feature", "properties": { "CLASSE": "PLANTIO" }, "geometry": { "type": "Point", "coordinates": [ -57.711469951363036, -19.304658079806014 ] } },
{ "type": "Feature", "properties": { "CLASSE": "PLANTIO" }, "geometry": { "type": "Point", "coordinates": [ -57.711446002330554, -19.304644514341152 ] } },
{ "type": "Feature", "properties": { "CLASSE": "PLANTIO" }, "geometry": { "type": "Point", "coordinates": [ -57.711495702622663, -19.30463486827087 ] } },
{ "type": "Feature", "properties": { "CLASSE": "PLANTIO" }, "geometry": { "type": "Point", "coordinates": [ -57.711422270195165, -19.304633432947242 ] } },
{ "type": "Feature", "properties": { "CLASSE": "PLANTIO" }, "geometry": { "type": "Point", "coordinates": [ -57.711471641669618, -19.304626156590142 ] } },
{ "type": "Feature", "properties": { "CLASSE": "PLANTIO" }, "geometry": { "type": "Point", "coordinates": [ -57.711445535167165, -19.304613214258165 ] } },
{ "type": "Feature", "properties": { "CLASSE": "PLANTIO" }, "geometry": { "type": "Point", "coordinates": [ -57.711420140157713, -19.304604696598357 ] } },
{ "type": "Feature", "properties": { "CLASSE": "PLANTIO" }, "geometry": { "type": "Point", "coordinates": [ -57.71149640202939, -19.304599936351536 ] } },
{ "type": "Feature", "properties": { "CLASSE": "PLANTIO" }, "geometry": { "type": "Point", "coordinates": [ -57.711473340174237, -19.304588161437948 ] } },
{ "type": "Feature", "properties": { "CLASSE": "PLANTIO" }, "geometry": { "type": "Point", "coordinates": [ -57.711396234049062, -19.3046629333003 ] } },
{ "type": "Feature", "properties": { "CLASSE": "PLANTIO" }, "geometry": { "type": "Point", "coordinates": [ -57.711374034103898, -19.304652353663428 ] } },
{ "type": "Feature", "properties": { "CLASSE": "PLANTIO" }, "geometry": { "type": "Point", "coordinates": [ -57.711348818283845, -19.304642598005081 ] } },
{ "type": "Feature", "properties": { "CLASSE": "PLANTIO" }, "geometry": { "type": "Point", "coordinates": [ -57.711325528333553, -19.304631048841589 ] } },
{ "type": "Feature", "properties": { "CLASSE": "PLANTIO" }, "geometry": { "type": "Point", "coordinates": [ -57.711398114521266, -19.304624747445871 ] } },
{ "type": "Feature", "properties": { "CLASSE": "PLANTIO" }, "geometry": { "type": "Point", "coordinates": [ -57.711374381868019, -19.304613221932527 ] } },
{ "type": "Feature", "properties": { "CLASSE": "PLANTIO" }, "geometry": { "type": "Point", "coordinates": [ -57.711347424299746, -19.30460193548398 ] } },
{ "type": "Feature", "properties": { "CLASSE": "PLANTIO" }, "geometry": { "type": "Point", "coordinates": [ -57.711394482148975, -19.304591928662717 ] } },
{ "type": "Feature", "properties": { "CLASSE": "PLANTIO" }, "geometry": { "type": "Point", "coordinates": [ -57.711320621735879, -19.304590947307528 ] } },
{ "type": "Feature", "properties": { "CLASSE": "PLANTIO" }, "geometry": { "type": "Point", "coordinates": [ -57.711204829966213, -19.304717761430709 ] } },
{ "type": "Feature", "properties": { "CLASSE": "PLANTIO" }, "geometry": { "type": "Point", "coordinates": [ -57.711193275341934, -19.30471023946799 ] } },
{ "type": "Feature", "properties": { "CLASSE": "PLANTIO" }, "geometry": { "type": "Point", "coordinates": [ -57.71118100389522, -19.304708174241984 ] } },
{ "type": "Feature", "properties": { "CLASSE": "PLANTIO" }, "geometry": { "type": "Point", "coordinates": [ -57.711158768206687, -19.304698250586384 ] } },
{ "type": "Feature", "properties": { "CLASSE": "PLANTIO" }, "geometry": { "type": "Point", "coordinates": [ -57.711137347075066, -19.304686672486049 ] } },
{ "type": "Feature", "properties": { "CLASSE": "PLANTIO" }, "geometry": { "type": "Point", "coordinates": [ -57.711201109833354, -19.30467946568082 ] } },
{ "type": "Feature", "properties": { "CLASSE": "PLANTIO" }, "geometry": { "type": "Point", "coordinates": [ -57.711114249676484, -19.304676270764233 ] } },
{ "type": "Feature", "properties": { "CLASSE": "PLANTIO" }, "geometry": { "type": "Point", "coordinates": [ -57.711191822217451, -19.30467488280118 ] } },
{ "type": "Feature", "properties": { "CLASSE": "PLANTIO" }, "geometry": { "type": "Point", "coordinates": [ -57.711091188991126, -19.304665570447703 ] } },
{ "type": "Feature", "properties": { "CLASSE": "PLANTIO" }, "geometry": { "type": "Point", "coordinates": [ -57.7110678551321, -19.304654229408097 ] } },
{ "type": "Feature", "properties": { "CLASSE": "PLANTIO" }, "geometry": { "type": "Point", "coordinates": [ -57.71104909794532, -19.30464745721498 ] } },
{ "type": "Feature", "properties": { "CLASSE": "PLANTIO" }, "geometry": { "type": "Point", "coordinates": [ -57.711026344873346, -19.304636018793083 ] } },
{ "type": "Feature", "properties": { "CLASSE": "PLANTIO" }, "geometry": { "type": "Point", "coordinates": [ -57.710982578066613, -19.304617036031754 ] } },
{ "type": "Feature", "properties": { "CLASSE": "PLANTIO" }, "geometry": { "type": "Point", "coordinates": [ -57.710961644114512, -19.304606381287105 ] } },
{ "type": "Feature", "properties": { "CLASSE": "PLANTIO" }, "geometry": { "type": "Point", "coordinates": [ -57.71109417340525, -19.304631721073548 ] } },
{ "type": "Feature", "properties": { "CLASSE": "PLANTIO" }, "geometry": { "type": "Point", "coordinates": [ -57.711003812011576, -19.304628858426899 ] } },
{ "type": "Feature", "properties": { "CLASSE": "PLANTIO" }, "geometry": { "type": "Point", "coordinates": [ -57.711081383589836, -19.304627625978107 ] } },
{ "type": "Feature", "properties": { "CLASSE": "PLANTIO" }, "geometry": { "type": "Point", "coordinates": [ -57.711065881300861, -19.304618706676862 ] } },
{ "type": "Feature", "properties": { "CLASSE": "PLANTIO" }, "geometry": { "type": "Point", "coordinates": [ -57.711043996478132, -19.304607897741377 ] } },
{ "type": "Feature", "properties": { "CLASSE": "PLANTIO" }, "geometry": { "type": "Point", "coordinates": [ -57.711019967116158, -19.304600301072849 ] } },
{ "type": "Feature", "properties": { "CLASSE": "PLANTIO" }, "geometry": { "type": "Point", "coordinates": [ -57.711097067421036, -19.304594113989314 ] } },
{ "type": "Feature", "properties": { "CLASSE": "PLANTIO" }, "geometry": { "type": "Point", "coordinates": [ -57.710995262958733, -19.304589811448537 ] } },
{ "type": "Feature", "properties": { "CLASSE": "PLANTIO" }, "geometry": { "type": "Point", "coordinates": [ -57.711074757387593, -19.304584815272417 ] } },
{ "type": "Feature", "properties": { "CLASSE": "PLANTIO" }, "geometry": { "type": "Point", "coordinates": [ -57.711051540644469, -19.304575907782088 ] } },
{ "type": "Feature", "properties": { "CLASSE": "PLANTIO" }, "geometry": { "type": "Point", "coordinates": [ -57.711771448849618, -19.304793334468688 ] } },
{ "type": "Feature", "properties": { "CLASSE": "PLANTIO" }, "geometry": { "type": "Point", "coordinates": [ -57.71174872176578, -19.304782063251192 ] } },
{ "type": "Feature", "properties": { "CLASSE": "PLANTIO" }, "geometry": { "type": "Point", "coordinates": [ -57.711720552731933, -19.30476973495869 ] } },
{ "type": "Feature", "properties": { "CLASSE": "PLANTIO" }, "geometry": { "type": "Point", "coordinates": [ -57.711779694880747, -19.304762076057919 ] } },
{ "type": "Feature", "properties": { "CLASSE": "PLANTIO" }, "geometry": { "type": "Point", "coordinates": [ -57.711696553920504, -19.304757769677266 ] } },
{ "type": "Feature", "properties": { "CLASSE": "PLANTIO" }, "geometry": { "type": "Point", "coordinates": [ -57.711752638290378, -19.304750100211628 ] } },
{ "type": "Feature", "properties": { "CLASSE": "PLANTIO" }, "geometry": { "type": "Point", "coordinates": [ -57.711728792847047, -19.304738139446979 ] } },
{ "type": "Feature", "properties": { "CLASSE": "PLANTIO" }, "geometry": { "type": "Point", "coordinates": [ -57.711705044969371, -19.304727782779608 ] } },
{ "type": "Feature", "properties": { "CLASSE": "PLANTIO" }, "geometry": { "type": "Point", "coordinates": [ -57.711766815414734, -19.304719284057132 ] } },
{ "type": "Feature", "properties": { "CLASSE": "PLANTIO" }, "geometry": { "type": "Point", "coordinates": [ -57.711742297733451, -19.304708606135804 ] } },
{ "type": "Feature", "properties": { "CLASSE": "PLANTIO" }, "geometry": { "type": "Point", "coordinates": [ -57.711614424966463, -19.304756155246267 ] } },
{ "type": "Feature", "properties": { "CLASSE": "PLANTIO" }, "geometry": { "type": "Point", "coordinates": [ -57.711669231943304, -19.304745384243542 ] } },
{ "type": "Feature", "properties": { "CLASSE": "PLANTIO" }, "geometry": { "type": "Point", "coordinates": [ -57.711643777973599, -19.304736045275721 ] } },
{ "type": "Feature", "properties": { "CLASSE": "PLANTIO" }, "geometry": { "type": "Point", "coordinates": [ -57.7116206603366, -19.304723937291453 ] } },
{ "type": "Feature", "properties": { "CLASSE": "PLANTIO" }, "geometry": { "type": "Point", "coordinates": [ -57.711677833178399, -19.304715313902797 ] } },
{ "type": "Feature", "properties": { "CLASSE": "PLANTIO" }, "geometry": { "type": "Point", "coordinates": [ -57.71166460277891, -19.304707376563073 ] } },
{ "type": "Feature", "properties": { "CLASSE": "PLANTIO" }, "geometry": { "type": "Point", "coordinates": [ -57.711653374531046, -19.304705050621326 ] } },
{ "type": "Feature", "properties": { "CLASSE": "PLANTIO" }, "geometry": { "type": "Point", "coordinates": [ -57.711628138675209, -19.304694356912155 ] } },
{ "type": "Feature", "properties": { "CLASSE": "PLANTIO" }, "geometry": { "type": "Point", "coordinates": [ -57.711694720602424, -19.304685306987977 ] } },
{ "type": "Feature", "properties": { "CLASSE": "PLANTIO" }, "geometry": { "type": "Point", "coordinates": [ -57.711668629547667, -19.304675393901892 ] } },
{ "type": "Feature", "properties": { "CLASSE": "PLANTIO" }, "geometry": { "type": "Point", "coordinates": [ -57.711542674645848, -19.304726046850028 ] } },
{ "type": "Feature", "properties": { "CLASSE": "PLANTIO" }, "geometry": { "type": "Point", "coordinates": [ -57.711518744575883, -19.30471427332056 ] } },
{ "type": "Feature", "properties": { "CLASSE": "PLANTIO" }, "geometry": { "type": "Point", "coordinates": [ -57.711596114088159, -19.304712230266151 ] } },
{ "type": "Feature", "properties": { "CLASSE": "PLANTIO" }, "geometry": { "type": "Point", "coordinates": [ -57.711571464153707, -19.304701752250196 ] } },
{ "type": "Feature", "properties": { "CLASSE": "PLANTIO" }, "geometry": { "type": "Point", "coordinates": [ -57.711544928627021, -19.304689272473979 ] } },
{ "type": "Feature", "properties": { "CLASSE": "PLANTIO" }, "geometry": { "type": "Point", "coordinates": [ -57.711600844976445, -19.304682617908412 ] } },
{ "type": "Feature", "properties": { "CLASSE": "PLANTIO" }, "geometry": { "type": "Point", "coordinates": [ -57.711518803679724, -19.304681663053277 ] } },
{ "type": "Feature", "properties": { "CLASSE": "PLANTIO" }, "geometry": { "type": "Point", "coordinates": [ -57.711577980634033, -19.304670926390742 ] } },
{ "type": "Feature", "properties": { "CLASSE": "PLANTIO" }, "geometry": { "type": "Point", "coordinates": [ -57.711551424881883, -19.304658445563447 ] } },
{ "type": "Feature", "properties": { "CLASSE": "PLANTIO" }, "geometry": { "type": "Point", "coordinates": [ -57.711524678101483, -19.304648046563251 ] } },
{ "type": "Feature", "properties": { "CLASSE": "PLANTIO" }, "geometry": { "type": "Point", "coordinates": [ -57.711717645953179, -19.304696549554819 ] } },
{ "type": "Feature", "properties": { "CLASSE": "PLANTIO" }, "geometry": { "type": "Point", "coordinates": [ -57.711778778247442, -19.304686692030749 ] } },
{ "type": "Feature", "properties": { "CLASSE": "PLANTIO" }, "geometry": { "type": "Point", "coordinates": [ -57.711751333146225, -19.304678517850594 ] } },
{ "type": "Feature", "properties": { "CLASSE": "PLANTIO" }, "geometry": { "type": "Point", "coordinates": [ -57.711727639905384, -19.304666250279432 ] } },
{ "type": "Feature", "properties": { "CLASSE": "PLANTIO" }, "geometry": { "type": "Point", "coordinates": [ -57.711702601352115, -19.304656605303084 ] } },
{ "type": "Feature", "properties": { "CLASSE": "PLANTIO" }, "geometry": { "type": "Point", "coordinates": [ -57.71177872439597, -19.30465207266435 ] } },
{ "type": "Feature", "properties": { "CLASSE": "PLANTIO" }, "geometry": { "type": "Point", "coordinates": [ -57.711755297271999, -19.304641865977359 ] } },
{ "type": "Feature", "properties": { "CLASSE": "PLANTIO" }, "geometry": { "type": "Point", "coordinates": [ -57.711727215011393, -19.304629968829719 ] } },
{ "type": "Feature", "properties": { "CLASSE": "PLANTIO" }, "geometry": { "type": "Point", "coordinates": [ -57.711705618190379, -19.304620711762368 ] } },
{ "type": "Feature", "properties": { "CLASSE": "PLANTIO" }, "geometry": { "type": "Point", "coordinates": [ -57.711777223525651, -19.304615970158164 ] } },
{ "type": "Feature", "properties": { "CLASSE": "PLANTIO" }, "geometry": { "type": "Point", "coordinates": [ -57.711643231404423, -19.304662990030053 ] } },
{ "type": "Feature", "properties": { "CLASSE": "PLANTIO" }, "geometry": { "type": "Point", "coordinates": [ -57.711618375301796, -19.304652786551557 ] } },
{ "type": "Feature", "properties": { "CLASSE": "PLANTIO" }, "geometry": { "type": "Point", "coordinates": [ -57.711678098488058, -19.304646124644325 ] } },
{ "type": "Feature", "properties": { "CLASSE": "PLANTIO" }, "geometry": { "type": "Point", "coordinates": [ -57.711654336545124, -19.304635478531459 ] } },
{ "type": "Feature", "properties": { "CLASSE": "PLANTIO" }, "geometry": { "type": "Point", "coordinates": [ -57.711632161755972, -19.304625223122912 ] } },
{ "type": "Feature", "properties": { "CLASSE": "PLANTIO" }, "geometry": { "type": "Point", "coordinates": [ -57.711608986439664, -19.30461431243182 ] } },
{ "type": "Feature", "properties": { "CLASSE": "PLANTIO" }, "geometry": { "type": "Point", "coordinates": [ -57.711676282667369, -19.304608932200249 ] } },
{ "type": "Feature", "properties": { "CLASSE": "PLANTIO" }, "geometry": { "type": "Point", "coordinates": [ -57.711654475735152, -19.304596753466303 ] } },
{ "type": "Feature", "properties": { "CLASSE": "PLANTIO" }, "geometry": { "type": "Point", "coordinates": [ -57.711630925927849, -19.304585717773563 ] } },
{ "type": "Feature", "properties": { "CLASSE": "PLANTIO" }, "geometry": { "type": "Point", "coordinates": [ -57.711681476451155, -19.304578193656951 ] } },
{ "type": "Feature", "properties": { "CLASSE": "PLANTIO" }, "geometry": { "type": "Point", "coordinates": [ -57.711595629762876, -19.304642452232397 ] } },
{ "type": "Feature", "properties": { "CLASSE": "PLANTIO" }, "geometry": { "type": "Point", "coordinates": [ -57.711570411991111, -19.304632425072544 ] } },
{ "type": "Feature", "properties": { "CLASSE": "PLANTIO" }, "geometry": { "type": "Point", "coordinates": [ -57.711546380925412, -19.304622444082323 ] } },
{ "type": "Feature", "properties": { "CLASSE": "PLANTIO" }, "geometry": { "type": "Point", "coordinates": [ -57.711521649346693, -19.304610059737673 ] } },
{ "type": "Feature", "properties": { "CLASSE": "PLANTIO" }, "geometry": { "type": "Point", "coordinates": [ -57.711585369277579, -19.304603476900024 ] } },
{ "type": "Feature", "properties": { "CLASSE": "PLANTIO" }, "geometry": { "type": "Point", "coordinates": [ -57.711549833038326, -19.304593949999163 ] } },
{ "type": "Feature", "properties": { "CLASSE": "PLANTIO" }, "geometry": { "type": "Point", "coordinates": [ -57.711560905338594, -19.304593843520131 ] } },
{ "type": "Feature", "properties": { "CLASSE": "PLANTIO" }, "geometry": { "type": "Point", "coordinates": [ -57.71153796080435, -19.304581629986412 ] } },
{ "type": "Feature", "properties": { "CLASSE": "PLANTIO" }, "geometry": { "type": "Point", "coordinates": [ -57.711512962091987, -19.304571319877443 ] } },
{ "type": "Feature", "properties": { "CLASSE": "PLANTIO" }, "geometry": { "type": "Point", "coordinates": [ -57.711585422955245, -19.304560220888856 ] } },
{ "type": "Feature", "properties": { "CLASSE": "PLANTIO" }, "geometry": { "type": "Point", "coordinates": [ -57.711608262373502, -19.304572327575585 ] } },
{ "type": "Feature", "properties": { "CLASSE": "PLANTIO" }, "geometry": { "type": "Point", "coordinates": [ -57.711658178325457, -19.304566244517495 ] } },
{ "type": "Feature", "properties": { "CLASSE": "PLANTIO" }, "geometry": { "type": "Point", "coordinates": [ -57.711646610286188, -19.304560041570312 ] } },
{ "type": "Feature", "properties": { "CLASSE": "PLANTIO" }, "geometry": { "type": "Point", "coordinates": [ -57.711634757956084, -19.304554988357761 ] } },
{ "type": "Feature", "properties": { "CLASSE": "PLANTIO" }, "geometry": { "type": "Point", "coordinates": [ -57.711612103921922, -19.304543236189598 ] } },
{ "type": "Feature", "properties": { "CLASSE": "PLANTIO" }, "geometry": { "type": "Point", "coordinates": [ -57.711685339736924, -19.304542641584913 ] } },
{ "type": "Feature", "properties": { "CLASSE": "PLANTIO" }, "geometry": { "type": "Point", "coordinates": [ -57.711661713849935, -19.304535804201894 ] } },
{ "type": "Feature", "properties": { "CLASSE": "PLANTIO" }, "geometry": { "type": "Point", "coordinates": [ -57.711648393015949, -19.304523376781098 ] } },
{ "type": "Feature", "properties": { "CLASSE": "PLANTIO" }, "geometry": { "type": "Point", "coordinates": [ -57.711631082002924, -19.304513226748487 ] } },
{ "type": "Feature", "properties": { "CLASSE": "PLANTIO" }, "geometry": { "type": "Point", "coordinates": [ -57.711614000970613, -19.304511220502146 ] } },
{ "type": "Feature", "properties": { "CLASSE": "PLANTIO" }, "geometry": { "type": "Point", "coordinates": [ -57.711555061486997, -19.30455989833656 ] } },
{ "type": "Feature", "properties": { "CLASSE": "PLANTIO" }, "geometry": { "type": "Point", "coordinates": [ -57.711559425695874, -19.304549212247988 ] } },
{ "type": "Feature", "properties": { "CLASSE": "PLANTIO" }, "geometry": { "type": "Point", "coordinates": [ -57.711532736751977, -19.30453825605256 ] } },
{ "type": "Feature", "properties": { "CLASSE": "PLANTIO" }, "geometry": { "type": "Point", "coordinates": [ -57.711517577577581, -19.304534813665256 ] } },
{ "type": "Feature", "properties": { "CLASSE": "PLANTIO" }, "geometry": { "type": "Point", "coordinates": [ -57.711588832030181, -19.304533386755402 ] } },
{ "type": "Feature", "properties": { "CLASSE": "PLANTIO" }, "geometry": { "type": "Point", "coordinates": [ -57.711565074880077, -19.304522561369428 ] } },
{ "type": "Feature", "properties": { "CLASSE": "PLANTIO" }, "geometry": { "type": "Point", "coordinates": [ -57.711540029549184, -19.304513063591802 ] } },
{ "type": "Feature", "properties": { "CLASSE": "PLANTIO" }, "geometry": { "type": "Point", "coordinates": [ -57.711594606025059, -19.30450256523125 ] } },
{ "type": "Feature", "properties": { "CLASSE": "PLANTIO" }, "geometry": { "type": "Point", "coordinates": [ -57.711516126788723, -19.304499161900637 ] } },
{ "type": "Feature", "properties": { "CLASSE": "PLANTIO" }, "geometry": { "type": "Point", "coordinates": [ -57.711573355454043, -19.30449181041902 ] } },
{ "type": "Feature", "properties": { "CLASSE": "PLANTIO" }, "geometry": { "type": "Point", "coordinates": [ -57.711702285710544, -19.30451689475024 ] } },
{ "type": "Feature", "properties": { "CLASSE": "PLANTIO" }, "geometry": { "type": "Point", "coordinates": [ -57.71177106977381, -19.304510862005653 ] } },
{ "type": "Feature", "properties": { "CLASSE": "PLANTIO" }, "geometry": { "type": "Point", "coordinates": [ -57.711756527476766, -19.304509804226456 ] } },
{ "type": "Feature", "properties": { "CLASSE": "PLANTIO" }, "geometry": { "type": "Point", "coordinates": [ -57.711734665509127, -19.304497800086281 ] } },
{ "type": "Feature", "properties": { "CLASSE": "PLANTIO" }, "geometry": { "type": "Point", "coordinates": [ -57.711712106646594, -19.30448706958283 ] } },
{ "type": "Feature", "properties": { "CLASSE": "PLANTIO" }, "geometry": { "type": "Point", "coordinates": [ -57.711767198163898, -19.304475834059907 ] } },
{ "type": "Feature", "properties": { "CLASSE": "PLANTIO" }, "geometry": { "type": "Point", "coordinates": [ -57.711745057988253, -19.304465706844223 ] } },
{ "type": "Feature", "properties": { "CLASSE": "PLANTIO" }, "geometry": { "type": "Point", "coordinates": [ -57.71171952696762, -19.30445303508526 ] } },
{ "type": "Feature", "properties": { "CLASSE": "PLANTIO" }, "geometry": { "type": "Point", "coordinates": [ -57.711696199056917, -19.304442483392954 ] } },
{ "type": "Feature", "properties": { "CLASSE": "PLANTIO" }, "geometry": { "type": "Point", "coordinates": [ -57.711761209788399, -19.304436020127174 ] } },
{ "type": "Feature", "properties": { "CLASSE": "PLANTIO" }, "geometry": { "type": "Point", "coordinates": [ -57.711677495965603, -19.304506299222506 ] } },
{ "type": "Feature", "properties": { "CLASSE": "PLANTIO" }, "geometry": { "type": "Point", "coordinates": [ -57.71165731849446, -19.304495559754312 ] } },
{ "type": "Feature", "properties": { "CLASSE": "PLANTIO" }, "geometry": { "type": "Point", "coordinates": [ -57.711634443439735, -19.304486052929782 ] } },
{ "type": "Feature", "properties": { "CLASSE": "PLANTIO" }, "geometry": { "type": "Point", "coordinates": [ -57.711691576835157, -19.304477460276736 ] } },
{ "type": "Feature", "properties": { "CLASSE": "PLANTIO" }, "geometry": { "type": "Point", "coordinates": [ -57.711609090458332, -19.304477195795851 ] } },
{ "type": "Feature", "properties": { "CLASSE": "PLANTIO" }, "geometry": { "type": "Point", "coordinates": [ -57.711666997457925, -19.304468821854552 ] } },
{ "type": "Feature", "properties": { "CLASSE": "PLANTIO" }, "geometry": { "type": "Point", "coordinates": [ -57.711644804979912, -19.304458333264005 ] } },
{ "type": "Feature", "properties": { "CLASSE": "PLANTIO" }, "geometry": { "type": "Point", "coordinates": [ -57.711622674546931, -19.304449380795564 ] } },
{ "type": "Feature", "properties": { "CLASSE": "PLANTIO" }, "geometry": { "type": "Point", "coordinates": [ -57.711673216612105, -19.304431479473781 ] } },
{ "type": "Feature", "properties": { "CLASSE": "PLANTIO" }, "geometry": { "type": "Point", "coordinates": [ -57.711648867776525, -19.304422201475077 ] } },
{ "type": "Feature", "properties": { "CLASSE": "PLANTIO" }, "geometry": { "type": "Point", "coordinates": [ -57.711960924051951, -19.304732894818017 ] } },
{ "type": "Feature", "properties": { "CLASSE": "PLANTIO" }, "geometry": { "type": "Point", "coordinates": [ -57.711992088592751, -19.304713164502438 ] } },
{ "type": "Feature", "properties": { "CLASSE": "PLANTIO" }, "geometry": { "type": "Point", "coordinates": [ -57.711968695196298, -19.30470321819125 ] } },
{ "type": "Feature", "properties": { "CLASSE": "PLANTIO" }, "geometry": { "type": "Point", "coordinates": [ -57.711999203106252, -19.304683741942384 ] } },
{ "type": "Feature", "properties": { "CLASSE": "PLANTIO" }, "geometry": { "type": "Point", "coordinates": [ -57.711975667244445, -19.304673546140716 ] } },
{ "type": "Feature", "properties": { "CLASSE": "PLANTIO" }, "geometry": { "type": "Point", "coordinates": [ -57.71184417483623, -19.304719843792284 ] } },
{ "type": "Feature", "properties": { "CLASSE": "PLANTIO" }, "geometry": { "type": "Point", "coordinates": [ -57.711821421191914, -19.304708718051096 ] } },
{ "type": "Feature", "properties": { "CLASSE": "PLANTIO" }, "geometry": { "type": "Point", "coordinates": [ -57.711799404207234, -19.304698595161014 ] } },
{ "type": "Feature", "properties": { "CLASSE": "PLANTIO" }, "geometry": { "type": "Point", "coordinates": [ -57.711858623128627, -19.304688420709741 ] } },
{ "type": "Feature", "properties": { "CLASSE": "PLANTIO" }, "geometry": { "type": "Point", "coordinates": [ -57.711830414048158, -19.304674664560949 ] } },
{ "type": "Feature", "properties": { "CLASSE": "PLANTIO" }, "geometry": { "type": "Point", "coordinates": [ -57.711805104426013, -19.304663698831401 ] } },
{ "type": "Feature", "properties": { "CLASSE": "PLANTIO" }, "geometry": { "type": "Point", "coordinates": [ -57.711846677213387, -19.304647046410352 ] } },
{ "type": "Feature", "properties": { "CLASSE": "PLANTIO" }, "geometry": { "type": "Point", "coordinates": [ -57.711824607372542, -19.304639540097 ] } },
{ "type": "Feature", "properties": { "CLASSE": "PLANTIO" }, "geometry": { "type": "Point", "coordinates": [ -57.711801553259946, -19.304628044779925 ] } },
{ "type": "Feature", "properties": { "CLASSE": "PLANTIO" }, "geometry": { "type": "Point", "coordinates": [ -57.711945224243912, -19.304692010603961 ] } },
{ "type": "Feature", "properties": { "CLASSE": "PLANTIO" }, "geometry": { "type": "Point", "coordinates": [ -57.711896802114161, -19.304669619517064 ] } },
{ "type": "Feature", "properties": { "CLASSE": "PLANTIO" }, "geometry": { "type": "Point", "coordinates": [ -57.711873657889889, -19.304657230296158 ] } },
{ "type": "Feature", "properties": { "CLASSE": "PLANTIO" }, "geometry": { "type": "Point", "coordinates": [ -57.711931001177447, -19.304652928527574 ] } },
{ "type": "Feature", "properties": { "CLASSE": "PLANTIO" }, "geometry": { "type": "Point", "coordinates": [ -57.711907748097943, -19.304642040740941 ] } },
{ "type": "Feature", "properties": { "CLASSE": "PLANTIO" }, "geometry": { "type": "Point", "coordinates": [ -57.71188456676515, -19.30463228242288 ] } },
{ "type": "Feature", "properties": { "CLASSE": "PLANTIO" }, "geometry": { "type": "Point", "coordinates": [ -57.711931456008081, -19.304616490277549 ] } },
{ "type": "Feature", "properties": { "CLASSE": "PLANTIO" }, "geometry": { "type": "Point", "coordinates": [ -57.711909882595684, -19.304609077628243 ] } },
{ "type": "Feature", "properties": { "CLASSE": "PLANTIO" }, "geometry": { "type": "Point", "coordinates": [ -57.711887325285907, -19.304598717204001 ] } },
{ "type": "Feature", "properties": { "CLASSE": "PLANTIO" }, "geometry": { "type": "Point", "coordinates": [ -57.711953447834262, -19.304662436604268 ] } },
{ "type": "Feature", "properties": { "CLASSE": "PLANTIO" }, "geometry": { "type": "Point", "coordinates": [ -57.712005766084658, -19.304650707391421 ] } },
{ "type": "Feature", "properties": { "CLASSE": "PLANTIO" }, "geometry": { "type": "Point", "coordinates": [ -57.711978021764992, -19.304639035249714 ] } },
{ "type": "Feature", "properties": { "CLASSE": "PLANTIO" }, "geometry": { "type": "Point", "coordinates": [ -57.711954750449813, -19.304629129830353 ] } },
{ "type": "Feature", "properties": { "CLASSE": "PLANTIO" }, "geometry": { "type": "Point", "coordinates": [ -57.712020602875455, -19.304624780183588 ] } },
{ "type": "Feature", "properties": { "CLASSE": "PLANTIO" }, "geometry": { "type": "Point", "coordinates": [ -57.711998022321353, -19.304616292113 ] } },
{ "type": "Feature", "properties": { "CLASSE": "PLANTIO" }, "geometry": { "type": "Point", "coordinates": [ -57.711976552082312, -19.304606282526159 ] } },
{ "type": "Feature", "properties": { "CLASSE": "PLANTIO" }, "geometry": { "type": "Point", "coordinates": [ -57.711953038350082, -19.304596080168906 ] } },
{ "type": "Feature", "properties": { "CLASSE": "PLANTIO" }, "geometry": { "type": "Point", "coordinates": [ -57.712012644104988, -19.304586225473045 ] } },
{ "type": "Feature", "properties": { "CLASSE": "PLANTIO" }, "geometry": { "type": "Point", "coordinates": [ -57.711861776072809, -19.304625546019206 ] } },
{ "type": "Feature", "properties": { "CLASSE": "PLANTIO" }, "geometry": { "type": "Point", "coordinates": [ -57.711839835428201, -19.304614028650267 ] } },
{ "type": "Feature", "properties": { "CLASSE": "PLANTIO" }, "geometry": { "type": "Point", "coordinates": [ -57.711818782116801, -19.304600993067371 ] } },
{ "type": "Feature", "properties": { "CLASSE": "PLANTIO" }, "geometry": { "type": "Point", "coordinates": [ -57.71179918042823, -19.304591463596946 ] } },
{ "type": "Feature", "properties": { "CLASSE": "PLANTIO" }, "geometry": { "type": "Point", "coordinates": [ -57.711865413081, -19.30459006578646 ] } },
{ "type": "Feature", "properties": { "CLASSE": "PLANTIO" }, "geometry": { "type": "Point", "coordinates": [ -57.711787331721688, -19.304585991808384 ] } },
{ "type": "Feature", "properties": { "CLASSE": "PLANTIO" }, "geometry": { "type": "Point", "coordinates": [ -57.711841654262315, -19.30457983793119 ] } },
{ "type": "Feature", "properties": { "CLASSE": "PLANTIO" }, "geometry": { "type": "Point", "coordinates": [ -57.711820111018362, -19.304569134060277 ] } },
{ "type": "Feature", "properties": { "CLASSE": "PLANTIO" }, "geometry": { "type": "Point", "coordinates": [ -57.711795238800889, -19.304557479569247 ] } },
{ "type": "Feature", "properties": { "CLASSE": "PLANTIO" }, "geometry": { "type": "Point", "coordinates": [ -57.711845215057743, -19.30454591602135 ] } },
{ "type": "Feature", "properties": { "CLASSE": "PLANTIO" }, "geometry": { "type": "Point", "coordinates": [ -57.711753027893558, -19.304607601797976 ] } },
{ "type": "Feature", "properties": { "CLASSE": "PLANTIO" }, "geometry": { "type": "Point", "coordinates": [ -57.711731377750709, -19.304593667407779 ] } },
{ "type": "Feature", "properties": { "CLASSE": "PLANTIO" }, "geometry": { "type": "Point", "coordinates": [ -57.711707770435872, -19.304585411581666 ] } },
{ "type": "Feature", "properties": { "CLASSE": "PLANTIO" }, "geometry": { "type": "Point", "coordinates": [ -57.711774218672176, -19.304581733432588 ] } },
{ "type": "Feature", "properties": { "CLASSE": "PLANTIO" }, "geometry": { "type": "Point", "coordinates": [ -57.711765173355609, -19.304573299561028 ] } },
{ "type": "Feature", "properties": { "CLASSE": "PLANTIO" }, "geometry": { "type": "Point", "coordinates": [ -57.711729585711851, -19.304566118653273 ] } },
{ "type": "Feature", "properties": { "CLASSE": "PLANTIO" }, "geometry": { "type": "Point", "coordinates": [ -57.711708195321698, -19.304554109068086 ] } },
{ "type": "Feature", "properties": { "CLASSE": "PLANTIO" }, "geometry": { "type": "Point", "coordinates": [ -57.711771750081169, -19.304545073641989 ] } },
{ "type": "Feature", "properties": { "CLASSE": "PLANTIO" }, "geometry": { "type": "Point", "coordinates": [ -57.711749368305291, -19.304536813563871 ] } },
{ "type": "Feature", "properties": { "CLASSE": "PLANTIO" }, "geometry": { "type": "Point", "coordinates": [ -57.71172625919273, -19.304527556188592 ] } },
{ "type": "Feature", "properties": { "CLASSE": "PLANTIO" }, "geometry": { "type": "Point", "coordinates": [ -57.711931797154335, -19.304584754217757 ] } },
{ "type": "Feature", "properties": { "CLASSE": "PLANTIO" }, "geometry": { "type": "Point", "coordinates": [ -57.711909443355623, -19.304574664261882 ] } },
{ "type": "Feature", "properties": { "CLASSE": "PLANTIO" }, "geometry": { "type": "Point", "coordinates": [ -57.711889848739268, -19.304566275909437 ] } },
{ "type": "Feature", "properties": { "CLASSE": "PLANTIO" }, "geometry": { "type": "Point", "coordinates": [ -57.711865732637868, -19.304555179292752 ] } },
{ "type": "Feature", "properties": { "CLASSE": "PLANTIO" }, "geometry": { "type": "Point", "coordinates": [ -57.711938512860975, -19.304551262177974 ] } },
{ "type": "Feature", "properties": { "CLASSE": "PLANTIO" }, "geometry": { "type": "Point", "coordinates": [ -57.711916430582676, -19.30453989324937 ] } },
{ "type": "Feature", "properties": { "CLASSE": "PLANTIO" }, "geometry": { "type": "Point", "coordinates": [ -57.711888443527897, -19.304529706929245 ] } },
{ "type": "Feature", "properties": { "CLASSE": "PLANTIO" }, "geometry": { "type": "Point", "coordinates": [ -57.711945997814531, -19.304517028019436 ] } },
{ "type": "Feature", "properties": { "CLASSE": "PLANTIO" }, "geometry": { "type": "Point", "coordinates": [ -57.711922317424893, -19.304506941719946 ] } },
{ "type": "Feature", "properties": { "CLASSE": "PLANTIO" }, "geometry": { "type": "Point", "coordinates": [ -57.711901877894576, -19.304497050283974 ] } },
{ "type": "Feature", "properties": { "CLASSE": "PLANTIO" }, "geometry": { "type": "Point", "coordinates": [ -57.711989276452286, -19.304575176392191 ] } },
{ "type": "Feature", "properties": { "CLASSE": "PLANTIO" }, "geometry": { "type": "Point", "coordinates": [ -57.71196486790911, -19.304563386393074 ] } },
{ "type": "Feature", "properties": { "CLASSE": "PLANTIO" }, "geometry": { "type": "Point", "coordinates": [ -57.71201486423621, -19.304548330119292 ] } },
{ "type": "Feature", "properties": { "CLASSE": "PLANTIO" }, "geometry": { "type": "Point", "coordinates": [ -57.711990819979192, -19.304539285766463 ] } },
{ "type": "Feature", "properties": { "CLASSE": "PLANTIO" }, "geometry": { "type": "Point", "coordinates": [ -57.711966604845792, -19.304528222317444 ] } },
{ "type": "Feature", "properties": { "CLASSE": "PLANTIO" }, "geometry": { "type": "Point", "coordinates": [ -57.712006868269278, -19.304511505657945 ] } },
{ "type": "Feature", "properties": { "CLASSE": "PLANTIO" }, "geometry": { "type": "Point", "coordinates": [ -57.711986466880411, -19.304500848082458 ] } },
{ "type": "Feature", "properties": { "CLASSE": "PLANTIO" }, "geometry": { "type": "Point", "coordinates": [ -57.711963244542709, -19.304488504537634 ] } },
{ "type": "Feature", "properties": { "CLASSE": "PLANTIO" }, "geometry": { "type": "Point", "coordinates": [ -57.712017509133723, -19.304480972983875 ] } },
{ "type": "Feature", "properties": { "CLASSE": "PLANTIO" }, "geometry": { "type": "Point", "coordinates": [ -57.711992716587574, -19.304471144853334 ] } },
{ "type": "Feature", "properties": { "CLASSE": "PLANTIO" }, "geometry": { "type": "Point", "coordinates": [ -57.711822903182949, -19.304535697968745 ] } },
{ "type": "Feature", "properties": { "CLASSE": "PLANTIO" }, "geometry": { "type": "Point", "coordinates": [ -57.711808458138705, -19.304531720029352 ] } },
{ "type": "Feature", "properties": { "CLASSE": "PLANTIO" }, "geometry": { "type": "Point", "coordinates": [ -57.711798902834687, -19.304526831738848 ] } },
{ "type": "Feature", "properties": { "CLASSE": "PLANTIO" }, "geometry": { "type": "Point", "coordinates": [ -57.711863533540608, -19.304518126463098 ] } },
{ "type": "Feature", "properties": { "CLASSE": "PLANTIO" }, "geometry": { "type": "Point", "coordinates": [ -57.711839441622608, -19.304507725374325 ] } },
{ "type": "Feature", "properties": { "CLASSE": "PLANTIO" }, "geometry": { "type": "Point", "coordinates": [ -57.711816341877551, -19.304495401544695 ] } },
{ "type": "Feature", "properties": { "CLASSE": "PLANTIO" }, "geometry": { "type": "Point", "coordinates": [ -57.711791435614323, -19.304483864467326 ] } },
{ "type": "Feature", "properties": { "CLASSE": "PLANTIO" }, "geometry": { "type": "Point", "coordinates": [ -57.711854943629326, -19.304477468487921 ] } },
{ "type": "Feature", "properties": { "CLASSE": "PLANTIO" }, "geometry": { "type": "Point", "coordinates": [ -57.711831895070056, -19.304466729051384 ] } },
{ "type": "Feature", "properties": { "CLASSE": "PLANTIO" }, "geometry": { "type": "Point", "coordinates": [ -57.711806305187515, -19.304458644892687 ] } },
{ "type": "Feature", "properties": { "CLASSE": "PLANTIO" }, "geometry": { "type": "Point", "coordinates": [ -57.711887925557392, -19.30449011518072 ] } },
{ "type": "Feature", "properties": { "CLASSE": "PLANTIO" }, "geometry": { "type": "Point", "coordinates": [ -57.711877997849157, -19.304486358830331 ] } },
{ "type": "Feature", "properties": { "CLASSE": "PLANTIO" }, "geometry": { "type": "Point", "coordinates": [ -57.711940009861209, -19.304480217752673 ] } },
{ "type": "Feature", "properties": { "CLASSE": "PLANTIO" }, "geometry": { "type": "Point", "coordinates": [ -57.711912323506745, -19.30446991982711 ] } },
{ "type": "Feature", "properties": { "CLASSE": "PLANTIO" }, "geometry": { "type": "Point", "coordinates": [ -57.711891992812362, -19.304458064193874 ] } },
{ "type": "Feature", "properties": { "CLASSE": "PLANTIO" }, "geometry": { "type": "Point", "coordinates": [ -57.711943747936402, -19.304446635385879 ] } },
{ "type": "Feature", "properties": { "CLASSE": "PLANTIO" }, "geometry": { "type": "Point", "coordinates": [ -57.711867668341817, -19.304446581410875 ] } },
{ "type": "Feature", "properties": { "CLASSE": "PLANTIO" }, "geometry": { "type": "Point", "coordinates": [ -57.711927728744215, -19.304443754327536 ] } },
{ "type": "Feature", "properties": { "CLASSE": "PLANTIO" }, "geometry": { "type": "Point", "coordinates": [ -57.711919577191338, -19.304436458146991 ] } },
{ "type": "Feature", "properties": { "CLASSE": "PLANTIO" }, "geometry": { "type": "Point", "coordinates": [ -57.711286444453442, -19.304647457314154 ] } },
{ "type": "Feature", "properties": { "CLASSE": "PLANTIO" }, "geometry": { "type": "Point", "coordinates": [ -57.71126172713975, -19.304635324767442 ] } },
{ "type": "Feature", "properties": { "CLASSE": "PLANTIO" }, "geometry": { "type": "Point", "coordinates": [ -57.711237034644412, -19.304627790618348 ] } },
{ "type": "Feature", "properties": { "CLASSE": "PLANTIO" }, "geometry": { "type": "Point", "coordinates": [ -57.711313336299661, -19.304626138964245 ] } },
{ "type": "Feature", "properties": { "CLASSE": "PLANTIO" }, "geometry": { "type": "Point", "coordinates": [ -57.711295539480268, -19.304616268616442 ] } },
{ "type": "Feature", "properties": { "CLASSE": "PLANTIO" }, "geometry": { "type": "Point", "coordinates": [ -57.7112133279105, -19.304615485877601 ] } },
{ "type": "Feature", "properties": { "CLASSE": "PLANTIO" }, "geometry": { "type": "Point", "coordinates": [ -57.711277390328817, -19.304609037928472 ] } },
{ "type": "Feature", "properties": { "CLASSE": "PLANTIO" }, "geometry": { "type": "Point", "coordinates": [ -57.711254238654369, -19.30459909058758 ] } },
{ "type": "Feature", "properties": { "CLASSE": "PLANTIO" }, "geometry": { "type": "Point", "coordinates": [ -57.711229013129419, -19.304587482430389 ] } },
{ "type": "Feature", "properties": { "CLASSE": "PLANTIO" }, "geometry": { "type": "Point", "coordinates": [ -57.711448289213159, -19.304577619085908 ] } },
{ "type": "Feature", "properties": { "CLASSE": "PLANTIO" }, "geometry": { "type": "Point", "coordinates": [ -57.711421717753609, -19.304568295489531 ] } },
{ "type": "Feature", "properties": { "CLASSE": "PLANTIO" }, "geometry": { "type": "Point", "coordinates": [ -57.711489262067253, -19.304561925882318 ] } },
{ "type": "Feature", "properties": { "CLASSE": "PLANTIO" }, "geometry": { "type": "Point", "coordinates": [ -57.71146574428014, -19.304550260799125 ] } },
{ "type": "Feature", "properties": { "CLASSE": "PLANTIO" }, "geometry": { "type": "Point", "coordinates": [ -57.711439614766263, -19.304540044707732 ] } },
{ "type": "Feature", "properties": { "CLASSE": "PLANTIO" }, "geometry": { "type": "Point", "coordinates": [ -57.711427324511007, -19.304538509141608 ] } },
{ "type": "Feature", "properties": { "CLASSE": "PLANTIO" }, "geometry": { "type": "Point", "coordinates": [ -57.711415137849741, -19.304528053912993 ] } },
{ "type": "Feature", "properties": { "CLASSE": "PLANTIO" }, "geometry": { "type": "Point", "coordinates": [ -57.711506997640043, -19.304525453485237 ] } },
{ "type": "Feature", "properties": { "CLASSE": "PLANTIO" }, "geometry": { "type": "Point", "coordinates": [ -57.711481487725933, -19.304520047879116 ] } },
{ "type": "Feature", "properties": { "CLASSE": "PLANTIO" }, "geometry": { "type": "Point", "coordinates": [ -57.711454986677623, -19.304508928688339 ] } },
{ "type": "Feature", "properties": { "CLASSE": "PLANTIO" }, "geometry": { "type": "Point", "coordinates": [ -57.711298578374723, -19.304580150359872 ] } },
{ "type": "Feature", "properties": { "CLASSE": "PLANTIO" }, "geometry": { "type": "Point", "coordinates": [ -57.711273206208745, -19.304569672606256 ] } },
{ "type": "Feature", "properties": { "CLASSE": "PLANTIO" }, "geometry": { "type": "Point", "coordinates": [ -57.711247288183053, -19.304558427891454 ] } },
{ "type": "Feature", "properties": { "CLASSE": "PLANTIO" }, "geometry": { "type": "Point", "coordinates": [ -57.711297870547661, -19.304547948701877 ] } },
{ "type": "Feature", "properties": { "CLASSE": "PLANTIO" }, "geometry": { "type": "Point", "coordinates": [ -57.711222592579972, -19.304548015843576 ] } },
{ "type": "Feature", "properties": { "CLASSE": "PLANTIO" }, "geometry": { "type": "Point", "coordinates": [ -57.711267681558589, -19.304536248729139 ] } },
{ "type": "Feature", "properties": { "CLASSE": "PLANTIO" }, "geometry": { "type": "Point", "coordinates": [ -57.711241423742756, -19.304523595655954 ] } },
{ "type": "Feature", "properties": { "CLASSE": "PLANTIO" }, "geometry": { "type": "Point", "coordinates": [ -57.711300611828122, -19.304512710231229 ] } },
{ "type": "Feature", "properties": { "CLASSE": "PLANTIO" }, "geometry": { "type": "Point", "coordinates": [ -57.71121681969008, -19.3045099426399 ] } },
{ "type": "Feature", "properties": { "CLASSE": "PLANTIO" }, "geometry": { "type": "Point", "coordinates": [ -57.711273962246743, -19.304500392032487 ] } },
{ "type": "Feature", "properties": { "CLASSE": "PLANTIO" }, "geometry": { "type": "Point", "coordinates": [ -57.711368748805349, -19.304581994006405 ] } },
{ "type": "Feature", "properties": { "CLASSE": "PLANTIO" }, "geometry": { "type": "Point", "coordinates": [ -57.711344770538041, -19.304570258713849 ] } },
{ "type": "Feature", "properties": { "CLASSE": "PLANTIO" }, "geometry": { "type": "Point", "coordinates": [ -57.711319849020832, -19.30455941739395 ] } },
{ "type": "Feature", "properties": { "CLASSE": "PLANTIO" }, "geometry": { "type": "Point", "coordinates": [ -57.71139577516918, -19.304553544854219 ] } },
{ "type": "Feature", "properties": { "CLASSE": "PLANTIO" }, "geometry": { "type": "Point", "coordinates": [ -57.711372539920852, -19.304545297890645 ] } },
{ "type": "Feature", "properties": { "CLASSE": "PLANTIO" }, "geometry": { "type": "Point", "coordinates": [ -57.71134799954816, -19.304536174836919 ] } },
{ "type": "Feature", "properties": { "CLASSE": "PLANTIO" }, "geometry": { "type": "Point", "coordinates": [ -57.711325203992061, -19.304523825496094 ] } },
{ "type": "Feature", "properties": { "CLASSE": "PLANTIO" }, "geometry": { "type": "Point", "coordinates": [ -57.711392316377726, -19.304520479733476 ] } },
{ "type": "Feature", "properties": { "CLASSE": "PLANTIO" }, "geometry": { "type": "Point", "coordinates": [ -57.711368203028506, -19.304508600983013 ] } },
{ "type": "Feature", "properties": { "CLASSE": "PLANTIO" }, "geometry": { "type": "Point", "coordinates": [ -57.711346464898575, -19.304497071913222 ] } },
{ "type": "Feature", "properties": { "CLASSE": "PLANTIO" }, "geometry": { "type": "Point", "coordinates": [ -57.711429212724589, -19.304497650060963 ] } },
{ "type": "Feature", "properties": { "CLASSE": "PLANTIO" }, "geometry": { "type": "Point", "coordinates": [ -57.711469393042691, -19.304479775560374 ] } },
{ "type": "Feature", "properties": { "CLASSE": "PLANTIO" }, "geometry": { "type": "Point", "coordinates": [ -57.71144577864947, -19.304471022906515 ] } },
{ "type": "Feature", "properties": { "CLASSE": "PLANTIO" }, "geometry": { "type": "Point", "coordinates": [ -57.711422011289429, -19.304460435011421 ] } },
{ "type": "Feature", "properties": { "CLASSE": "PLANTIO" }, "geometry": { "type": "Point", "coordinates": [ -57.711482614177605, -19.304455278090753 ] } },
{ "type": "Feature", "properties": { "CLASSE": "PLANTIO" }, "geometry": { "type": "Point", "coordinates": [ -57.711458607124825, -19.304443219406675 ] } },
{ "type": "Feature", "properties": { "CLASSE": "PLANTIO" }, "geometry": { "type": "Point", "coordinates": [ -57.711435210062668, -19.304432046446646 ] } },
{ "type": "Feature", "properties": { "CLASSE": "PLANTIO" }, "geometry": { "type": "Point", "coordinates": [ -57.711422757577381, -19.30442843655581 ] } },
{ "type": "Feature", "properties": { "CLASSE": "PLANTIO" }, "geometry": { "type": "Point", "coordinates": [ -57.711495787951478, -19.304424941613707 ] } },
{ "type": "Feature", "properties": { "CLASSE": "PLANTIO" }, "geometry": { "type": "Point", "coordinates": [ -57.711249135705025, -19.304491078004698 ] } },
{ "type": "Feature", "properties": { "CLASSE": "PLANTIO" }, "geometry": { "type": "Point", "coordinates": [ -57.711224416443386, -19.304478809708041 ] } },
{ "type": "Feature", "properties": { "CLASSE": "PLANTIO" }, "geometry": { "type": "Point", "coordinates": [ -57.711297726339289, -19.304476197821661 ] } },
{ "type": "Feature", "properties": { "CLASSE": "PLANTIO" }, "geometry": { "type": "Point", "coordinates": [ -57.711273883581633, -19.304464535212041 ] } },
{ "type": "Feature", "properties": { "CLASSE": "PLANTIO" }, "geometry": { "type": "Point", "coordinates": [ -57.711250361412716, -19.304454967052671 ] } },
{ "type": "Feature", "properties": { "CLASSE": "PLANTIO" }, "geometry": { "type": "Point", "coordinates": [ -57.711302822129426, -19.304448137162822 ] } },
{ "type": "Feature", "properties": { "CLASSE": "PLANTIO" }, "geometry": { "type": "Point", "coordinates": [ -57.711226672397643, -19.304445340905581 ] } },
{ "type": "Feature", "properties": { "CLASSE": "PLANTIO" }, "geometry": { "type": "Point", "coordinates": [ -57.711301948972633, -19.304440768651535 ] } },
{ "type": "Feature", "properties": { "CLASSE": "PLANTIO" }, "geometry": { "type": "Point", "coordinates": [ -57.711288067523242, -19.304437273100916 ] } },
{ "type": "Feature", "properties": { "CLASSE": "PLANTIO" }, "geometry": { "type": "Point", "coordinates": [ -57.711273121292045, -19.304428059538967 ] } },
{ "type": "Feature", "properties": { "CLASSE": "PLANTIO" }, "geometry": { "type": "Point", "coordinates": [ -57.711321335928062, -19.304487422094422 ] } },
{ "type": "Feature", "properties": { "CLASSE": "PLANTIO" }, "geometry": { "type": "Point", "coordinates": [ -57.711403234571577, -19.304485146874917 ] } },
{ "type": "Feature", "properties": { "CLASSE": "PLANTIO" }, "geometry": { "type": "Point", "coordinates": [ -57.711377815907269, -19.304476564937911 ] } },
{ "type": "Feature", "properties": { "CLASSE": "PLANTIO" }, "geometry": { "type": "Point", "coordinates": [ -57.711352047715117, -19.30446473875806 ] } },
{ "type": "Feature", "properties": { "CLASSE": "PLANTIO" }, "geometry": { "type": "Point", "coordinates": [ -57.711326877944749, -19.304454073980448 ] } },
{ "type": "Feature", "properties": { "CLASSE": "PLANTIO" }, "geometry": { "type": "Point", "coordinates": [ -57.711400628379536, -19.304449252997564 ] } },
{ "type": "Feature", "properties": { "CLASSE": "PLANTIO" }, "geometry": { "type": "Point", "coordinates": [ -57.711374475114987, -19.304437105447025 ] } },
{ "type": "Feature", "properties": { "CLASSE": "PLANTIO" }, "geometry": { "type": "Point", "coordinates": [ -57.711351131899377, -19.304428856264057 ] } },
{ "type": "Feature", "properties": { "CLASSE": "PLANTIO" }, "geometry": { "type": "Point", "coordinates": [ -57.711412764058714, -19.30442198705488 ] } },
{ "type": "Feature", "properties": { "CLASSE": "PLANTIO" }, "geometry": { "type": "Point", "coordinates": [ -57.71132833464538, -19.30441884043319 ] } },
{ "type": "Feature", "properties": { "CLASSE": "PLANTIO" }, "geometry": { "type": "Point", "coordinates": [ -57.711163688816384, -19.304450378090927 ] } },
{ "type": "Feature", "properties": { "CLASSE": "PLANTIO" }, "geometry": { "type": "Point", "coordinates": [ -57.711147774319024, -19.304445133288748 ] } },
{ "type": "Feature", "properties": { "CLASSE": "PLANTIO" }, "geometry": { "type": "Point", "coordinates": [ -57.711202695408232, -19.30443614068172 ] } },
{ "type": "Feature", "properties": { "CLASSE": "PLANTIO" }, "geometry": { "type": "Point", "coordinates": [ -57.711122852171627, -19.304434662607441 ] } },
{ "type": "Feature", "properties": { "CLASSE": "PLANTIO" }, "geometry": { "type": "Point", "coordinates": [ -57.711179984693779, -19.304425527873356 ] } },
{ "type": "Feature", "properties": { "CLASSE": "PLANTIO" }, "geometry": { "type": "Point", "coordinates": [ -57.711170546264327, -19.304418451676423 ] } },
{ "type": "Feature", "properties": { "CLASSE": "PLANTIO" }, "geometry": { "type": "Point", "coordinates": [ -57.711155186849723, -19.304411362280749 ] } },
{ "type": "Feature", "properties": { "CLASSE": "PLANTIO" }, "geometry": { "type": "Point", "coordinates": [ -57.711131830341699, -19.304402188289803 ] } },
{ "type": "Feature", "properties": { "CLASSE": "PLANTIO" }, "geometry": { "type": "Point", "coordinates": [ -57.711182916279888, -19.304396095184629 ] } },
{ "type": "Feature", "properties": { "CLASSE": "PLANTIO" }, "geometry": { "type": "Point", "coordinates": [ -57.711204862884877, -19.304395726968036 ] } },
{ "type": "Feature", "properties": { "CLASSE": "PLANTIO" }, "geometry": { "type": "Point", "coordinates": [ -57.711252170460916, -19.304420030327346 ] } },
{ "type": "Feature", "properties": { "CLASSE": "PLANTIO" }, "geometry": { "type": "Point", "coordinates": [ -57.711305449788014, -19.304409704231666 ] } },
{ "type": "Feature", "properties": { "CLASSE": "PLANTIO" }, "geometry": { "type": "Point", "coordinates": [ -57.711227915014092, -19.304406587281097 ] } },
{ "type": "Feature", "properties": { "CLASSE": "PLANTIO" }, "geometry": { "type": "Point", "coordinates": [ -57.711282333927521, -19.304399130989491 ] } },
{ "type": "Feature", "properties": { "CLASSE": "PLANTIO" }, "geometry": { "type": "Point", "coordinates": [ -57.711259167012514, -19.304388388289983 ] } },
{ "type": "Feature", "properties": { "CLASSE": "PLANTIO" }, "geometry": { "type": "Point", "coordinates": [ -57.711236841496302, -19.304377668757745 ] } },
{ "type": "Feature", "properties": { "CLASSE": "PLANTIO" }, "geometry": { "type": "Point", "coordinates": [ -57.711295281268519, -19.304371156283317 ] } },
{ "type": "Feature", "properties": { "CLASSE": "PLANTIO" }, "geometry": { "type": "Point", "coordinates": [ -57.711214620356678, -19.304368336489325 ] } },
{ "type": "Feature", "properties": { "CLASSE": "PLANTIO" }, "geometry": { "type": "Point", "coordinates": [ -57.711271423413542, -19.30436113431049 ] } },
{ "type": "Feature", "properties": { "CLASSE": "PLANTIO" }, "geometry": { "type": "Point", "coordinates": [ -57.711248153505551, -19.3043512282566 ] } },
{ "type": "Feature", "properties": { "CLASSE": "PLANTIO" }, "geometry": { "type": "Point", "coordinates": [ -57.711447873164218, -19.304402861560405 ] } },
{ "type": "Feature", "properties": { "CLASSE": "PLANTIO" }, "geometry": { "type": "Point", "coordinates": [ -57.711506404448883, -19.304395793557664 ] } },
{ "type": "Feature", "properties": { "CLASSE": "PLANTIO" }, "geometry": { "type": "Point", "coordinates": [ -57.711427693473318, -19.304395089266162 ] } },
{ "type": "Feature", "properties": { "CLASSE": "PLANTIO" }, "geometry": { "type": "Point", "coordinates": [ -57.711482666341972, -19.3043877270438 ] } },
{ "type": "Feature", "properties": { "CLASSE": "PLANTIO" }, "geometry": { "type": "Point", "coordinates": [ -57.711460355155175, -19.30437677526394 ] } },
{ "type": "Feature", "properties": { "CLASSE": "PLANTIO" }, "geometry": { "type": "Point", "coordinates": [ -57.711438140802528, -19.304365111157875 ] } },
{ "type": "Feature", "properties": { "CLASSE": "PLANTIO" }, "geometry": { "type": "Point", "coordinates": [ -57.711497922145419, -19.304357634900747 ] } },
{ "type": "Feature", "properties": { "CLASSE": "PLANTIO" }, "geometry": { "type": "Point", "coordinates": [ -57.711414886327596, -19.304355814290133 ] } },
{ "type": "Feature", "properties": { "CLASSE": "PLANTIO" }, "geometry": { "type": "Point", "coordinates": [ -57.711475252322408, -19.304346909479271 ] } },
{ "type": "Feature", "properties": { "CLASSE": "PLANTIO" }, "geometry": { "type": "Point", "coordinates": [ -57.711458656048556, -19.304345404463344 ] } },
{ "type": "Feature", "properties": { "CLASSE": "PLANTIO" }, "geometry": { "type": "Point", "coordinates": [ -57.710970324189759, -19.304579078700055 ] } },
{ "type": "Feature", "properties": { "CLASSE": "PLANTIO" }, "geometry": { "type": "Point", "coordinates": [ -57.710984168349846, -19.304547507798045 ] } },
{ "type": "Feature", "properties": { "CLASSE": "PLANTIO" }, "geometry": { "type": "Point", "coordinates": [ -57.711166652878489, -19.304593933987103 ] } },
{ "type": "Feature", "properties": { "CLASSE": "PLANTIO" }, "geometry": { "type": "Point", "coordinates": [ -57.711139466757658, -19.304584410896449 ] } },
{ "type": "Feature", "properties": { "CLASSE": "PLANTIO" }, "geometry": { "type": "Point", "coordinates": [ -57.711203969895699, -19.304577294387268 ] } },
{ "type": "Feature", "properties": { "CLASSE": "PLANTIO" }, "geometry": { "type": "Point", "coordinates": [ -57.711115401474174, -19.304571325671095 ] } },
{ "type": "Feature", "properties": { "CLASSE": "PLANTIO" }, "geometry": { "type": "Point", "coordinates": [ -57.71117994431313, -19.304565739874334 ] } },
{ "type": "Feature", "properties": { "CLASSE": "PLANTIO" }, "geometry": { "type": "Point", "coordinates": [ -57.711154907920296, -19.304554571001457 ] } },
{ "type": "Feature", "properties": { "CLASSE": "PLANTIO" }, "geometry": { "type": "Point", "coordinates": [ -57.711130657059982, -19.304544185851039 ] } },
{ "type": "Feature", "properties": { "CLASSE": "PLANTIO" }, "geometry": { "type": "Point", "coordinates": [ -57.711199381110525, -19.304536616869242 ] } },
{ "type": "Feature", "properties": { "CLASSE": "PLANTIO" }, "geometry": { "type": "Point", "coordinates": [ -57.711106691577058, -19.304531537160194 ] } },
{ "type": "Feature", "properties": { "CLASSE": "PLANTIO" }, "geometry": { "type": "Point", "coordinates": [ -57.711182534090419, -19.304529897626153 ] } },
{ "type": "Feature", "properties": { "CLASSE": "PLANTIO" }, "geometry": { "type": "Point", "coordinates": [ -57.711026755995391, -19.30456416283128 ] } },
{ "type": "Feature", "properties": { "CLASSE": "PLANTIO" }, "geometry": { "type": "Point", "coordinates": [ -57.711090756949851, -19.304561133897039 ] } },
{ "type": "Feature", "properties": { "CLASSE": "PLANTIO" }, "geometry": { "type": "Point", "coordinates": [ -57.711005968041079, -19.304553906598617 ] } },
{ "type": "Feature", "properties": { "CLASSE": "PLANTIO" }, "geometry": { "type": "Point", "coordinates": [ -57.71106700485592, -19.304549727080882 ] } },
{ "type": "Feature", "properties": { "CLASSE": "PLANTIO" }, "geometry": { "type": "Point", "coordinates": [ -57.711052825594386, -19.304540238449519 ] } },
{ "type": "Feature", "properties": { "CLASSE": "PLANTIO" }, "geometry": { "type": "Point", "coordinates": [ -57.711042200788206, -19.304538056475252 ] } },
{ "type": "Feature", "properties": { "CLASSE": "PLANTIO" }, "geometry": { "type": "Point", "coordinates": [ -57.711036659454223, -19.304530003380719 ] } },
{ "type": "Feature", "properties": { "CLASSE": "PLANTIO" }, "geometry": { "type": "Point", "coordinates": [ -57.711018395694339, -19.304526894860185 ] } },
{ "type": "Feature", "properties": { "CLASSE": "PLANTIO" }, "geometry": { "type": "Point", "coordinates": [ -57.71099460025011, -19.304516187451259 ] } },
{ "type": "Feature", "properties": { "CLASSE": "PLANTIO" }, "geometry": { "type": "Point", "coordinates": [ -57.711057284854135, -19.304512020148763 ] } },
{ "type": "Feature", "properties": { "CLASSE": "PLANTIO" }, "geometry": { "type": "Point", "coordinates": [ -57.711173706637588, -19.304524943837706 ] } },
{ "type": "Feature", "properties": { "CLASSE": "PLANTIO" }, "geometry": { "type": "Point", "coordinates": [ -57.71114963926474, -19.304514918270424 ] } },
{ "type": "Feature", "properties": { "CLASSE": "PLANTIO" }, "geometry": { "type": "Point", "coordinates": [ -57.711199964549934, -19.304504637501473 ] } },
{ "type": "Feature", "properties": { "CLASSE": "PLANTIO" }, "geometry": { "type": "Point", "coordinates": [ -57.711123378268113, -19.304503722317133 ] } },
{ "type": "Feature", "properties": { "CLASSE": "PLANTIO" }, "geometry": { "type": "Point", "coordinates": [ -57.711191462325722, -19.304501392499731 ] } },
{ "type": "Feature", "properties": { "CLASSE": "PLANTIO" }, "geometry": { "type": "Point", "coordinates": [ -57.711164331007588, -19.304489505157044 ] } },
{ "type": "Feature", "properties": { "CLASSE": "PLANTIO" }, "geometry": { "type": "Point", "coordinates": [ -57.711138130539844, -19.304477765255594 ] } },
{ "type": "Feature", "properties": { "CLASSE": "PLANTIO" }, "geometry": { "type": "Point", "coordinates": [ -57.711198957382116, -19.304467393719069 ] } },
{ "type": "Feature", "properties": { "CLASSE": "PLANTIO" }, "geometry": { "type": "Point", "coordinates": [ -57.711111154091178, -19.304467884653874 ] } },
{ "type": "Feature", "properties": { "CLASSE": "PLANTIO" }, "geometry": { "type": "Point", "coordinates": [ -57.71117421344043, -19.304456470317962 ] } },
{ "type": "Feature", "properties": { "CLASSE": "PLANTIO" }, "geometry": { "type": "Point", "coordinates": [ -57.711032597300573, -19.304499778129827 ] } },
{ "type": "Feature", "properties": { "CLASSE": "PLANTIO" }, "geometry": { "type": "Point", "coordinates": [ -57.711100449409884, -19.304492550925005 ] } },
{ "type": "Feature", "properties": { "CLASSE": "PLANTIO" }, "geometry": { "type": "Point", "coordinates": [ -57.711007005978999, -19.304490923608554 ] } },
{ "type": "Feature", "properties": { "CLASSE": "PLANTIO" }, "geometry": { "type": "Point", "coordinates": [ -57.71106309225042, -19.304474670416205 ] } },
{ "type": "Feature", "properties": { "CLASSE": "PLANTIO" }, "geometry": { "type": "Point", "coordinates": [ -57.711050943422329, -19.304471213044955 ] } },
{ "type": "Feature", "properties": { "CLASSE": "PLANTIO" }, "geometry": { "type": "Point", "coordinates": [ -57.711096328429953, -19.30446534971016 ] } },
{ "type": "Feature", "properties": { "CLASSE": "PLANTIO" }, "geometry": { "type": "Point", "coordinates": [ -57.711024632618951, -19.304463582237158 ] } },
{ "type": "Feature", "properties": { "CLASSE": "PLANTIO" }, "geometry": { "type": "Point", "coordinates": [ -57.711086334262021, -19.304456115648069 ] } },
{ "type": "Feature", "properties": { "CLASSE": "PLANTIO" }, "geometry": { "type": "Point", "coordinates": [ -57.711062699424836, -19.304444302603049 ] } },
{ "type": "Feature", "properties": { "CLASSE": "PLANTIO" }, "geometry": { "type": "Point", "coordinates": [ -57.711036980074098, -19.3044343152702 ] } },
{ "type": "Feature", "properties": { "CLASSE": "PLANTIO" }, "geometry": { "type": "Point", "coordinates": [ -57.711100012960031, -19.304423762933819 ] } },
{ "type": "Feature", "properties": { "CLASSE": "PLANTIO" }, "geometry": { "type": "Point", "coordinates": [ -57.711075907776468, -19.304414402876496 ] } },
{ "type": "Feature", "properties": { "CLASSE": "PLANTIO" }, "geometry": { "type": "Point", "coordinates": [ -57.711051195459014, -19.304402837748189 ] } },
{ "type": "Feature", "properties": { "CLASSE": "PLANTIO" }, "geometry": { "type": "Point", "coordinates": [ -57.711084345595395, -19.304381831116693 ] } },
{ "type": "Feature", "properties": { "CLASSE": "PLANTIO" }, "geometry": { "type": "Point", "coordinates": [ -57.711059983823411, -19.304369496156955 ] } },
{ "type": "Feature", "properties": { "CLASSE": "PLANTIO" }, "geometry": { "type": "Point", "coordinates": [ -57.711550698787867, -19.304479375552042 ] } },
{ "type": "Feature", "properties": { "CLASSE": "PLANTIO" }, "geometry": { "type": "Point", "coordinates": [ -57.711529742895742, -19.304473196893742 ] } },
{ "type": "Feature", "properties": { "CLASSE": "PLANTIO" }, "geometry": { "type": "Point", "coordinates": [ -57.711586023952741, -19.304466004205981 ] } },
{ "type": "Feature", "properties": { "CLASSE": "PLANTIO" }, "geometry": { "type": "Point", "coordinates": [ -57.71156423726854, -19.304455077373404 ] } },
{ "type": "Feature", "properties": { "CLASSE": "PLANTIO" }, "geometry": { "type": "Point", "coordinates": [ -57.711602093479385, -19.30443890953088 ] } },
{ "type": "Feature", "properties": { "CLASSE": "PLANTIO" }, "geometry": { "type": "Point", "coordinates": [ -57.711516983470339, -19.304435092265994 ] } },
{ "type": "Feature", "properties": { "CLASSE": "PLANTIO" }, "geometry": { "type": "Point", "coordinates": [ -57.711579924592911, -19.304428262754893 ] } },
{ "type": "Feature", "properties": { "CLASSE": "PLANTIO" }, "geometry": { "type": "Point", "coordinates": [ -57.711558731785757, -19.304419020448599 ] } },
{ "type": "Feature", "properties": { "CLASSE": "PLANTIO" }, "geometry": { "type": "Point", "coordinates": [ -57.711543690671903, -19.304411030059793 ] } },
{ "type": "Feature", "properties": { "CLASSE": "PLANTIO" }, "geometry": { "type": "Point", "coordinates": [ -57.711530665988064, -19.304409994680206 ] } },
{ "type": "Feature", "properties": { "CLASSE": "PLANTIO" }, "geometry": { "type": "Point", "coordinates": [ -57.711738357491349, -19.304424542357413 ] } },
{ "type": "Feature", "properties": { "CLASSE": "PLANTIO" }, "geometry": { "type": "Point", "coordinates": [ -57.71171568143577, -19.304413751631902 ] } },
{ "type": "Feature", "properties": { "CLASSE": "PLANTIO" }, "geometry": { "type": "Point", "coordinates": [ -57.71177204942898, -19.304404827855492 ] } },
{ "type": "Feature", "properties": { "CLASSE": "PLANTIO" }, "geometry": { "type": "Point", "coordinates": [ -57.711746868721839, -19.304392912439795 ] } },
{ "type": "Feature", "properties": { "CLASSE": "PLANTIO" }, "geometry": { "type": "Point", "coordinates": [ -57.711750663974428, -19.304388747868643 ] } },
{ "type": "Feature", "properties": { "CLASSE": "PLANTIO" }, "geometry": { "type": "Point", "coordinates": [ -57.711724309089625, -19.30438178235914 ] } },
{ "type": "Feature", "properties": { "CLASSE": "PLANTIO" }, "geometry": { "type": "Point", "coordinates": [ -57.711693269490659, -19.304377562688046 ] } },
{ "type": "Feature", "properties": { "CLASSE": "PLANTIO" }, "geometry": { "type": "Point", "coordinates": [ -57.711703301073456, -19.304373336675692 ] } },
{ "type": "Feature", "properties": { "CLASSE": "PLANTIO" }, "geometry": { "type": "Point", "coordinates": [ -57.711773336931984, -19.304370421307755 ] } },
{ "type": "Feature", "properties": { "CLASSE": "PLANTIO" }, "geometry": { "type": "Point", "coordinates": [ -57.711747863253663, -19.30435998075405 ] } },
{ "type": "Feature", "properties": { "CLASSE": "PLANTIO" }, "geometry": { "type": "Point", "coordinates": [ -57.711534111395167, -19.30440977096972 ] } },
{ "type": "Feature", "properties": { "CLASSE": "PLANTIO" }, "geometry": { "type": "Point", "coordinates": [ -57.711595882709993, -19.304399778038395 ] } },
{ "type": "Feature", "properties": { "CLASSE": "PLANTIO" }, "geometry": { "type": "Point", "coordinates": [ -57.711573309270413, -19.304387995809538 ] } },
{ "type": "Feature", "properties": { "CLASSE": "PLANTIO" }, "geometry": { "type": "Point", "coordinates": [ -57.711558234995167, -19.304383636845838 ] } },
{ "type": "Feature", "properties": { "CLASSE": "PLANTIO" }, "geometry": { "type": "Point", "coordinates": [ -57.711599613661633, -19.30436584769998 ] } },
{ "type": "Feature", "properties": { "CLASSE": "PLANTIO" }, "geometry": { "type": "Point", "coordinates": [ -57.711522742108322, -19.304365154195018 ] } },
{ "type": "Feature", "properties": { "CLASSE": "PLANTIO" }, "geometry": { "type": "Point", "coordinates": [ -57.711575924302572, -19.304354949195584 ] } },
{ "type": "Feature", "properties": { "CLASSE": "PLANTIO" }, "geometry": { "type": "Point", "coordinates": [ -57.711551756462612, -19.304345396367477 ] } },
{ "type": "Feature", "properties": { "CLASSE": "PLANTIO" }, "geometry": { "type": "Point", "coordinates": [ -57.711536827390219, -19.304337460618616 ] } },
{ "type": "Feature", "properties": { "CLASSE": "PLANTIO" }, "geometry": { "type": "Point", "coordinates": [ -57.71161879596967, -19.304411587563656 ] } },
{ "type": "Feature", "properties": { "CLASSE": "PLANTIO" }, "geometry": { "type": "Point", "coordinates": [ -57.711692203881057, -19.304403818844655 ] } },
{ "type": "Feature", "properties": { "CLASSE": "PLANTIO" }, "geometry": { "type": "Point", "coordinates": [ -57.711657194209948, -19.304393386082197 ] } },
{ "type": "Feature", "properties": { "CLASSE": "PLANTIO" }, "geometry": { "type": "Point", "coordinates": [ -57.711645155514177, -19.304385852137063 ] } },
{ "type": "Feature", "properties": { "CLASSE": "PLANTIO" }, "geometry": { "type": "Point", "coordinates": [ -57.711636870950827, -19.304379038099345 ] } },
{ "type": "Feature", "properties": { "CLASSE": "PLANTIO" }, "geometry": { "type": "Point", "coordinates": [ -57.711622510749365, -19.304376778434744 ] } },
{ "type": "Feature", "properties": { "CLASSE": "PLANTIO" }, "geometry": { "type": "Point", "coordinates": [ -57.711681728334369, -19.30436269122734 ] } },
{ "type": "Feature", "properties": { "CLASSE": "PLANTIO" }, "geometry": { "type": "Point", "coordinates": [ -57.71165572060977, -19.304351482018362 ] } },
{ "type": "Feature", "properties": { "CLASSE": "PLANTIO" }, "geometry": { "type": "Point", "coordinates": [ -57.711634457659386, -19.304343619252776 ] } },
{ "type": "Feature", "properties": { "CLASSE": "PLANTIO" }, "geometry": { "type": "Point", "coordinates": [ -57.711612877542414, -19.304332718103481 ] } },
{ "type": "Feature", "properties": { "CLASSE": "PLANTIO" }, "geometry": { "type": "Point", "coordinates": [ -57.711722392631607, -19.304348635196352 ] } },
{ "type": "Feature", "properties": { "CLASSE": "PLANTIO" }, "geometry": { "type": "Point", "coordinates": [ -57.711693988496982, -19.304338557751365 ] } },
{ "type": "Feature", "properties": { "CLASSE": "PLANTIO" }, "geometry": { "type": "Point", "coordinates": [ -57.711761238314139, -19.304333865763702 ] } },
{ "type": "Feature", "properties": { "CLASSE": "PLANTIO" }, "geometry": { "type": "Point", "coordinates": [ -57.711740381368671, -19.304325991006404 ] } },
{ "type": "Feature", "properties": { "CLASSE": "PLANTIO" }, "geometry": { "type": "Point", "coordinates": [ -57.711758196018373, -19.304323294750645 ] } },
{ "type": "Feature", "properties": { "CLASSE": "PLANTIO" }, "geometry": { "type": "Point", "coordinates": [ -57.711737016039294, -19.304313548282835 ] } },
{ "type": "Feature", "properties": { "CLASSE": "PLANTIO" }, "geometry": { "type": "Point", "coordinates": [ -57.711714426574495, -19.304313602743246 ] } },
{ "type": "Feature", "properties": { "CLASSE": "PLANTIO" }, "geometry": { "type": "Point", "coordinates": [ -57.711760489800184, -19.304299224004044 ] } },
{ "type": "Feature", "properties": { "CLASSE": "PLANTIO" }, "geometry": { "type": "Point", "coordinates": [ -57.711739304903936, -19.304287527555129 ] } },
{ "type": "Feature", "properties": { "CLASSE": "PLANTIO" }, "geometry": { "type": "Point", "coordinates": [ -57.711714612460717, -19.304277746942347 ] } },
{ "type": "Feature", "properties": { "CLASSE": "PLANTIO" }, "geometry": { "type": "Point", "coordinates": [ -57.711448872045587, -19.304337205564291 ] } },
{ "type": "Feature", "properties": { "CLASSE": "PLANTIO" }, "geometry": { "type": "Point", "coordinates": [ -57.711507155059479, -19.30432463046585 ] } },
{ "type": "Feature", "properties": { "CLASSE": "PLANTIO" }, "geometry": { "type": "Point", "coordinates": [ -57.711425265125207, -19.304324148975489 ] } },
{ "type": "Feature", "properties": { "CLASSE": "PLANTIO" }, "geometry": { "type": "Point", "coordinates": [ -57.711483344053484, -19.304312173352947 ] } },
{ "type": "Feature", "properties": { "CLASSE": "PLANTIO" }, "geometry": { "type": "Point", "coordinates": [ -57.711461483899711, -19.304302337957722 ] } },
{ "type": "Feature", "properties": { "CLASSE": "PLANTIO" }, "geometry": { "type": "Point", "coordinates": [ -57.711436344596898, -19.304291550546878 ] } },
{ "type": "Feature", "properties": { "CLASSE": "PLANTIO" }, "geometry": { "type": "Point", "coordinates": [ -57.711505575046367, -19.30428909617671 ] } },
{ "type": "Feature", "properties": { "CLASSE": "PLANTIO" }, "geometry": { "type": "Point", "coordinates": [ -57.71141586979811, -19.304282498046575 ] } },
{ "type": "Feature", "properties": { "CLASSE": "PLANTIO" }, "geometry": { "type": "Point", "coordinates": [ -57.71148159739959, -19.304280416280264 ] } },
{ "type": "Feature", "properties": { "CLASSE": "PLANTIO" }, "geometry": { "type": "Point", "coordinates": [ -57.711528793493898, -19.304334418930171 ] } },
{ "type": "Feature", "properties": { "CLASSE": "PLANTIO" }, "geometry": { "type": "Point", "coordinates": [ -57.71159052213482, -19.304323616497957 ] } },
{ "type": "Feature", "properties": { "CLASSE": "PLANTIO" }, "geometry": { "type": "Point", "coordinates": [ -57.711565698716612, -19.304312585997955 ] } },
{ "type": "Feature", "properties": { "CLASSE": "PLANTIO" }, "geometry": { "type": "Point", "coordinates": [ -57.711540282365391, -19.304301669468188 ] } },
{ "type": "Feature", "properties": { "CLASSE": "PLANTIO" }, "geometry": { "type": "Point", "coordinates": [ -57.711529207985222, -19.304300258441138 ] } },
{ "type": "Feature", "properties": { "CLASSE": "PLANTIO" }, "geometry": { "type": "Point", "coordinates": [ -57.71159674534821, -19.304293471004744 ] } },
{ "type": "Feature", "properties": { "CLASSE": "PLANTIO" }, "geometry": { "type": "Point", "coordinates": [ -57.711518023498726, -19.304290162494251 ] } },
{ "type": "Feature", "properties": { "CLASSE": "PLANTIO" }, "geometry": { "type": "Point", "coordinates": [ -57.71157138182128, -19.304282377931006 ] } },
{ "type": "Feature", "properties": { "CLASSE": "PLANTIO" }, "geometry": { "type": "Point", "coordinates": [ -57.711547896253975, -19.304270178688707 ] } },
{ "type": "Feature", "properties": { "CLASSE": "PLANTIO" }, "geometry": { "type": "Point", "coordinates": [ -57.711596822839887, -19.304263025635663 ] } },
{ "type": "Feature", "properties": { "CLASSE": "PLANTIO" }, "geometry": { "type": "Point", "coordinates": [ -57.711670214250795, -19.304326377743568 ] } },
{ "type": "Feature", "properties": { "CLASSE": "PLANTIO" }, "geometry": { "type": "Point", "coordinates": [ -57.711646373993524, -19.304316127591679 ] } },
{ "type": "Feature", "properties": { "CLASSE": "PLANTIO" }, "geometry": { "type": "Point", "coordinates": [ -57.71162017904981, -19.304305241070185 ] } },
{ "type": "Feature", "properties": { "CLASSE": "PLANTIO" }, "geometry": { "type": "Point", "coordinates": [ -57.711691258145237, -19.304303088938656 ] } },
{ "type": "Feature", "properties": { "CLASSE": "PLANTIO" }, "geometry": { "type": "Point", "coordinates": [ -57.711632905156449, -19.304303383981402 ] } },
{ "type": "Feature", "properties": { "CLASSE": "PLANTIO" }, "geometry": { "type": "Point", "coordinates": [ -57.711667445999332, -19.304291369631041 ] } },
{ "type": "Feature", "properties": { "CLASSE": "PLANTIO" }, "geometry": { "type": "Point", "coordinates": [ -57.711643060312682, -19.304281956817995 ] } },
{ "type": "Feature", "properties": { "CLASSE": "PLANTIO" }, "geometry": { "type": "Point", "coordinates": [ -57.71161742277274, -19.304273189407109 ] } },
{ "type": "Feature", "properties": { "CLASSE": "PLANTIO" }, "geometry": { "type": "Point", "coordinates": [ -57.711637233235045, -19.304269133829862 ] } },
{ "type": "Feature", "properties": { "CLASSE": "PLANTIO" }, "geometry": { "type": "Point", "coordinates": [ -57.711690728505161, -19.304264119544925 ] } },
{ "type": "Feature", "properties": { "CLASSE": "PLANTIO" }, "geometry": { "type": "Point", "coordinates": [ -57.711461583700959, -19.304270355346848 ] } },
{ "type": "Feature", "properties": { "CLASSE": "PLANTIO" }, "geometry": { "type": "Point", "coordinates": [ -57.711434423473122, -19.304260282784419 ] } },
{ "type": "Feature", "properties": { "CLASSE": "PLANTIO" }, "geometry": { "type": "Point", "coordinates": [ -57.711499190866213, -19.304249665825612 ] } },
{ "type": "Feature", "properties": { "CLASSE": "PLANTIO" }, "geometry": { "type": "Point", "coordinates": [ -57.711419377630982, -19.304248785969868 ] } },
{ "type": "Feature", "properties": { "CLASSE": "PLANTIO" }, "geometry": { "type": "Point", "coordinates": [ -57.711473813736994, -19.304241779880893 ] } },
{ "type": "Feature", "properties": { "CLASSE": "PLANTIO" }, "geometry": { "type": "Point", "coordinates": [ -57.711450582674793, -19.304228718216695 ] } },
{ "type": "Feature", "properties": { "CLASSE": "PLANTIO" }, "geometry": { "type": "Point", "coordinates": [ -57.711506019968581, -19.304221155147019 ] } },
{ "type": "Feature", "properties": { "CLASSE": "PLANTIO" }, "geometry": { "type": "Point", "coordinates": [ -57.711424872331925, -19.304218084460764 ] } },
{ "type": "Feature", "properties": { "CLASSE": "PLANTIO" }, "geometry": { "type": "Point", "coordinates": [ -57.711481231909879, -19.304212432423409 ] } },
{ "type": "Feature", "properties": { "CLASSE": "PLANTIO" }, "geometry": { "type": "Point", "coordinates": [ -57.711769159986503, -19.304265814836732 ] } },
{ "type": "Feature", "properties": { "CLASSE": "PLANTIO" }, "geometry": { "type": "Point", "coordinates": [ -57.711741270639088, -19.304258095855321 ] } },
{ "type": "Feature", "properties": { "CLASSE": "PLANTIO" }, "geometry": { "type": "Point", "coordinates": [ -57.711715465535811, -19.304244992889412 ] } },
{ "type": "Feature", "properties": { "CLASSE": "PLANTIO" }, "geometry": { "type": "Point", "coordinates": [ -57.711777371480984, -19.304234620612309 ] } },
{ "type": "Feature", "properties": { "CLASSE": "PLANTIO" }, "geometry": { "type": "Point", "coordinates": [ -57.711693776863449, -19.30423438695378 ] } },
{ "type": "Feature", "properties": { "CLASSE": "PLANTIO" }, "geometry": { "type": "Point", "coordinates": [ -57.711755819331756, -19.304226275221541 ] } },
{ "type": "Feature", "properties": { "CLASSE": "PLANTIO" }, "geometry": { "type": "Point", "coordinates": [ -57.711731943363446, -19.304216506080049 ] } },
{ "type": "Feature", "properties": { "CLASSE": "PLANTIO" }, "geometry": { "type": "Point", "coordinates": [ -57.71171088331635, -19.304205727026755 ] } },
{ "type": "Feature", "properties": { "CLASSE": "PLANTIO" }, "geometry": { "type": "Point", "coordinates": [ -57.711772544549021, -19.304195979160305 ] } },
{ "type": "Feature", "properties": { "CLASSE": "PLANTIO" }, "geometry": { "type": "Point", "coordinates": [ -57.711746843881706, -19.30418424597713 ] } },
{ "type": "Feature", "properties": { "CLASSE": "PLANTIO" }, "geometry": { "type": "Point", "coordinates": [ -57.71110803875964, -19.304391089927371 ] } },
{ "type": "Feature", "properties": { "CLASSE": "PLANTIO" }, "geometry": { "type": "Point", "coordinates": [ -57.711176597044329, -19.304385159783372 ] } },
{ "type": "Feature", "properties": { "CLASSE": "PLANTIO" }, "geometry": { "type": "Point", "coordinates": [ -57.711163355995488, -19.304383472260959 ] } },
{ "type": "Feature", "properties": { "CLASSE": "PLANTIO" }, "geometry": { "type": "Point", "coordinates": [ -57.711148437479181, -19.304371589927722 ] } },
{ "type": "Feature", "properties": { "CLASSE": "PLANTIO" }, "geometry": { "type": "Point", "coordinates": [ -57.711126130112987, -19.304364701585865 ] } },
{ "type": "Feature", "properties": { "CLASSE": "PLANTIO" }, "geometry": { "type": "Point", "coordinates": [ -57.711188255552642, -19.304357838691416 ] } },
{ "type": "Feature", "properties": { "CLASSE": "PLANTIO" }, "geometry": { "type": "Point", "coordinates": [ -57.711114878363404, -19.304352465393844 ] } },
{ "type": "Feature", "properties": { "CLASSE": "PLANTIO" }, "geometry": { "type": "Point", "coordinates": [ -57.711167616864493, -19.304347337354805 ] } },
{ "type": "Feature", "properties": { "CLASSE": "PLANTIO" }, "geometry": { "type": "Point", "coordinates": [ -57.711144902777903, -19.304338157859121 ] } },
{ "type": "Feature", "properties": { "CLASSE": "PLANTIO" }, "geometry": { "type": "Point", "coordinates": [ -57.71109846808784, -19.304351536597807 ] } },
{ "type": "Feature", "properties": { "CLASSE": "PLANTIO" }, "geometry": { "type": "Point", "coordinates": [ -57.711075006345219, -19.304341644248943 ] } },
{ "type": "Feature", "properties": { "CLASSE": "PLANTIO" }, "geometry": { "type": "Point", "coordinates": [ -57.71109742462874, -19.304315795387687 ] } },
{ "type": "Feature", "properties": { "CLASSE": "PLANTIO" }, "geometry": { "type": "Point", "coordinates": [ -57.711165302203952, -19.304210023701533 ] } },
{ "type": "Feature", "properties": { "CLASSE": "PLANTIO" }, "geometry": { "type": "Point", "coordinates": [ -57.711139769937411, -19.304197637556776 ] } },
{ "type": "Feature", "properties": { "CLASSE": "PLANTIO" }, "geometry": { "type": "Point", "coordinates": [ -57.711181412957117, -19.304181892528959 ] } },
{ "type": "Feature", "properties": { "CLASSE": "PLANTIO" }, "geometry": { "type": "Point", "coordinates": [ -57.711167057035922, -19.304175762352546 ] } },
{ "type": "Feature", "properties": { "CLASSE": "PLANTIO" }, "geometry": { "type": "Point", "coordinates": [ -57.711146576148657, -19.304166426873305 ] } },
{ "type": "Feature", "properties": { "CLASSE": "PLANTIO" }, "geometry": { "type": "Point", "coordinates": [ -57.711190306956262, -19.304149407560214 ] } },
{ "type": "Feature", "properties": { "CLASSE": "PLANTIO" }, "geometry": { "type": "Point", "coordinates": [ -57.711169183681449, -19.304138597811477 ] } },
{ "type": "Feature", "properties": { "CLASSE": "PLANTIO" }, "geometry": { "type": "Point", "coordinates": [ -57.71138851713166, -19.304412993813798 ] } },
{ "type": "Feature", "properties": { "CLASSE": "PLANTIO" }, "geometry": { "type": "Point", "coordinates": [ -57.711365156136104, -19.304403401244176 ] } },
{ "type": "Feature", "properties": { "CLASSE": "PLANTIO" }, "geometry": { "type": "Point", "coordinates": [ -57.711341342347929, -19.304391494572553 ] } },
{ "type": "Feature", "properties": { "CLASSE": "PLANTIO" }, "geometry": { "type": "Point", "coordinates": [ -57.711401629504522, -19.304383422639756 ] } },
{ "type": "Feature", "properties": { "CLASSE": "PLANTIO" }, "geometry": { "type": "Point", "coordinates": [ -57.711318253243846, -19.304381490694986 ] } },
{ "type": "Feature", "properties": { "CLASSE": "PLANTIO" }, "geometry": { "type": "Point", "coordinates": [ -57.711378041944954, -19.3043754092493 ] } },
{ "type": "Feature", "properties": { "CLASSE": "PLANTIO" }, "geometry": { "type": "Point", "coordinates": [ -57.711354445930191, -19.304365165286384 ] } },
{ "type": "Feature", "properties": { "CLASSE": "PLANTIO" }, "geometry": { "type": "Point", "coordinates": [ -57.711329657385775, -19.304352498769113 ] } },
{ "type": "Feature", "properties": { "CLASSE": "PLANTIO" }, "geometry": { "type": "Point", "coordinates": [ -57.711393382697921, -19.304347369045011 ] } },
{ "type": "Feature", "properties": { "CLASSE": "PLANTIO" }, "geometry": { "type": "Point", "coordinates": [ -57.71134976490498, -19.304326050931433 ] } },
{ "type": "Feature", "properties": { "CLASSE": "PLANTIO" }, "geometry": { "type": "Point", "coordinates": [ -57.711307032028351, -19.304341569747113 ] } },
{ "type": "Feature", "properties": { "CLASSE": "PLANTIO" }, "geometry": { "type": "Point", "coordinates": [ -57.711225300304022, -19.304339273808683 ] } },
{ "type": "Feature", "properties": { "CLASSE": "PLANTIO" }, "geometry": { "type": "Point", "coordinates": [ -57.71128498005767, -19.304331571668982 ] } },
{ "type": "Feature", "properties": { "CLASSE": "PLANTIO" }, "geometry": { "type": "Point", "coordinates": [ -57.711259929456432, -19.304321714419796 ] } },
{ "type": "Feature", "properties": { "CLASSE": "PLANTIO" }, "geometry": { "type": "Point", "coordinates": [ -57.711237629957758, -19.304311400393132 ] } },
{ "type": "Feature", "properties": { "CLASSE": "PLANTIO" }, "geometry": { "type": "Point", "coordinates": [ -57.711306274908715, -19.304308916357019 ] } },
{ "type": "Feature", "properties": { "CLASSE": "PLANTIO" }, "geometry": { "type": "Point", "coordinates": [ -57.711297034529061, -19.304301906687556 ] } },
{ "type": "Feature", "properties": { "CLASSE": "PLANTIO" }, "geometry": { "type": "Point", "coordinates": [ -57.711215159671845, -19.304301047502364 ] } },
{ "type": "Feature", "properties": { "CLASSE": "PLANTIO" }, "geometry": { "type": "Point", "coordinates": [ -57.711282245970203, -19.304300060024548 ] } },
{ "type": "Feature", "properties": { "CLASSE": "PLANTIO" }, "geometry": { "type": "Point", "coordinates": [ -57.711263878609834, -19.304292999472551 ] } },
{ "type": "Feature", "properties": { "CLASSE": "PLANTIO" }, "geometry": { "type": "Point", "coordinates": [ -57.711203317127776, -19.304328738671163 ] } },
{ "type": "Feature", "properties": { "CLASSE": "PLANTIO" }, "geometry": { "type": "Point", "coordinates": [ -57.711119612871208, -19.304324979285671 ] } },
{ "type": "Feature", "properties": { "CLASSE": "PLANTIO" }, "geometry": { "type": "Point", "coordinates": [ -57.71117824134523, -19.304317139955728 ] } },
{ "type": "Feature", "properties": { "CLASSE": "PLANTIO" }, "geometry": { "type": "Point", "coordinates": [ -57.71115754602021, -19.304308665649117 ] } },
{ "type": "Feature", "properties": { "CLASSE": "PLANTIO" }, "geometry": { "type": "Point", "coordinates": [ -57.711203831047136, -19.304305308777675 ] } },
{ "type": "Feature", "properties": { "CLASSE": "PLANTIO" }, "geometry": { "type": "Point", "coordinates": [ -57.711132804073081, -19.30430061365314 ] } },
{ "type": "Feature", "properties": { "CLASSE": "PLANTIO" }, "geometry": { "type": "Point", "coordinates": [ -57.711190044845054, -19.304291085615919 ] } },
{ "type": "Feature", "properties": { "CLASSE": "PLANTIO" }, "geometry": { "type": "Point", "coordinates": [ -57.711109877606191, -19.304290512843131 ] } },
{ "type": "Feature", "properties": { "CLASSE": "PLANTIO" }, "geometry": { "type": "Point", "coordinates": [ -57.711124241440842, -19.304288311454194 ] } },
{ "type": "Feature", "properties": { "CLASSE": "PLANTIO" }, "geometry": { "type": "Point", "coordinates": [ -57.711328461472739, -19.304317748985731 ] } },
{ "type": "Feature", "properties": { "CLASSE": "PLANTIO" }, "geometry": { "type": "Point", "coordinates": [ -57.711407078601034, -19.304315220050064 ] } },
{ "type": "Feature", "properties": { "CLASSE": "PLANTIO" }, "geometry": { "type": "Point", "coordinates": [ -57.711381035598386, -19.304303742887416 ] } },
{ "type": "Feature", "properties": { "CLASSE": "PLANTIO" }, "geometry": { "type": "Point", "coordinates": [ -57.711354735833254, -19.304294845942245 ] } },
{ "type": "Feature", "properties": { "CLASSE": "PLANTIO" }, "geometry": { "type": "Point", "coordinates": [ -57.711343185901328, -19.304291147674203 ] } },
{ "type": "Feature", "properties": { "CLASSE": "PLANTIO" }, "geometry": { "type": "Point", "coordinates": [ -57.711400785806141, -19.304279192090373 ] } },
{ "type": "Feature", "properties": { "CLASSE": "PLANTIO" }, "geometry": { "type": "Point", "coordinates": [ -57.711392611667279, -19.304270669529291 ] } },
{ "type": "Feature", "properties": { "CLASSE": "PLANTIO" }, "geometry": { "type": "Point", "coordinates": [ -57.711370348764682, -19.304265149646564 ] } },
{ "type": "Feature", "properties": { "CLASSE": "PLANTIO" }, "geometry": { "type": "Point", "coordinates": [ -57.711351595509022, -19.3042573034895 ] } },
{ "type": "Feature", "properties": { "CLASSE": "PLANTIO" }, "geometry": { "type": "Point", "coordinates": [ -57.711326211147671, -19.304246507419407 ] } },
{ "type": "Feature", "properties": { "CLASSE": "PLANTIO" }, "geometry": { "type": "Point", "coordinates": [ -57.711241889022553, -19.30428258878834 ] } },
{ "type": "Feature", "properties": { "CLASSE": "PLANTIO" }, "geometry": { "type": "Point", "coordinates": [ -57.711310713809155, -19.304273332809558 ] } },
{ "type": "Feature", "properties": { "CLASSE": "PLANTIO" }, "geometry": { "type": "Point", "coordinates": [ -57.711219893438233, -19.304272138508953 ] } },
{ "type": "Feature", "properties": { "CLASSE": "PLANTIO" }, "geometry": { "type": "Point", "coordinates": [ -57.711284586357401, -19.30426467268353 ] } },
{ "type": "Feature", "properties": { "CLASSE": "PLANTIO" }, "geometry": { "type": "Point", "coordinates": [ -57.711263116818699, -19.304253360155201 ] } },
{ "type": "Feature", "properties": { "CLASSE": "PLANTIO" }, "geometry": { "type": "Point", "coordinates": [ -57.711238405155171, -19.304242098503185 ] } },
{ "type": "Feature", "properties": { "CLASSE": "PLANTIO" }, "geometry": { "type": "Point", "coordinates": [ -57.711305971209299, -19.304237778571128 ] } },
{ "type": "Feature", "properties": { "CLASSE": "PLANTIO" }, "geometry": { "type": "Point", "coordinates": [ -57.711291746412989, -19.304226795616191 ] } },
{ "type": "Feature", "properties": { "CLASSE": "PLANTIO" }, "geometry": { "type": "Point", "coordinates": [ -57.711276639095111, -19.304219144796445 ] } },
{ "type": "Feature", "properties": { "CLASSE": "PLANTIO" }, "geometry": { "type": "Point", "coordinates": [ -57.711260438842181, -19.304214868568675 ] } },
{ "type": "Feature", "properties": { "CLASSE": "PLANTIO" }, "geometry": { "type": "Point", "coordinates": [ -57.711170017886843, -19.304279245083336 ] } },
{ "type": "Feature", "properties": { "CLASSE": "PLANTIO" }, "geometry": { "type": "Point", "coordinates": [ -57.711148353085193, -19.304272256172887 ] } },
{ "type": "Feature", "properties": { "CLASSE": "PLANTIO" }, "geometry": { "type": "Point", "coordinates": [ -57.711126019335744, -19.304263203600701 ] } },
{ "type": "Feature", "properties": { "CLASSE": "PLANTIO" }, "geometry": { "type": "Point", "coordinates": [ -57.71119860583719, -19.304260721857126 ] } },
{ "type": "Feature", "properties": { "CLASSE": "PLANTIO" }, "geometry": { "type": "Point", "coordinates": [ -57.711175040435613, -19.304251145558187 ] } },
{ "type": "Feature", "properties": { "CLASSE": "PLANTIO" }, "geometry": { "type": "Point", "coordinates": [ -57.711152620518547, -19.304243110350768 ] } },
{ "type": "Feature", "properties": { "CLASSE": "PLANTIO" }, "geometry": { "type": "Point", "coordinates": [ -57.711131058887524, -19.304233570361294 ] } },
{ "type": "Feature", "properties": { "CLASSE": "PLANTIO" }, "geometry": { "type": "Point", "coordinates": [ -57.711209273473337, -19.304230669301994 ] } },
{ "type": "Feature", "properties": { "CLASSE": "PLANTIO" }, "geometry": { "type": "Point", "coordinates": [ -57.711188559319723, -19.304217699247371 ] } },
{ "type": "Feature", "properties": { "CLASSE": "PLANTIO" }, "geometry": { "type": "Point", "coordinates": [ -57.71139586506203, -19.304239452042108 ] } },
{ "type": "Feature", "properties": { "CLASSE": "PLANTIO" }, "geometry": { "type": "Point", "coordinates": [ -57.711374913327603, -19.304229516519598 ] } },
{ "type": "Feature", "properties": { "CLASSE": "PLANTIO" }, "geometry": { "type": "Point", "coordinates": [ -57.71135270409453, -19.304215728749046 ] } },
{ "type": "Feature", "properties": { "CLASSE": "PLANTIO" }, "geometry": { "type": "Point", "coordinates": [ -57.711329753789066, -19.304207322757218 ] } },
{ "type": "Feature", "properties": { "CLASSE": "PLANTIO" }, "geometry": { "type": "Point", "coordinates": [ -57.711400935752486, -19.304206854032653 ] } },
{ "type": "Feature", "properties": { "CLASSE": "PLANTIO" }, "geometry": { "type": "Point", "coordinates": [ -57.711388778738993, -19.304200114076483 ] } },
{ "type": "Feature", "properties": { "CLASSE": "PLANTIO" }, "geometry": { "type": "Point", "coordinates": [ -57.711370804340767, -19.304188775014246 ] } },
{ "type": "Feature", "properties": { "CLASSE": "PLANTIO" }, "geometry": { "type": "Point", "coordinates": [ -57.711348214641554, -19.304184202493051 ] } },
{ "type": "Feature", "properties": { "CLASSE": "PLANTIO" }, "geometry": { "type": "Point", "coordinates": [ -57.711410512527465, -19.304180596647431 ] } },
{ "type": "Feature", "properties": { "CLASSE": "PLANTIO" }, "geometry": { "type": "Point", "coordinates": [ -57.711236510557946, -19.304203283550201 ] } },
{ "type": "Feature", "properties": { "CLASSE": "PLANTIO" }, "geometry": { "type": "Point", "coordinates": [ -57.711303843266862, -19.304197944500043 ] } },
{ "type": "Feature", "properties": { "CLASSE": "PLANTIO" }, "geometry": { "type": "Point", "coordinates": [ -57.711212113905034, -19.304192715413752 ] } },
{ "type": "Feature", "properties": { "CLASSE": "PLANTIO" }, "geometry": { "type": "Point", "coordinates": [ -57.711283031440416, -19.304189339752096 ] } },
{ "type": "Feature", "properties": { "CLASSE": "PLANTIO" }, "geometry": { "type": "Point", "coordinates": [ -57.711257181199386, -19.304178465994386 ] } },
{ "type": "Feature", "properties": { "CLASSE": "PLANTIO" }, "geometry": { "type": "Point", "coordinates": [ -57.711235014324892, -19.304168834284788 ] } },
{ "type": "Feature", "properties": { "CLASSE": "PLANTIO" }, "geometry": { "type": "Point", "coordinates": [ -57.711296359498256, -19.30416314358278 ] } },
{ "type": "Feature", "properties": { "CLASSE": "PLANTIO" }, "geometry": { "type": "Point", "coordinates": [ -57.711212497372287, -19.304158327623728 ] } },
{ "type": "Feature", "properties": { "CLASSE": "PLANTIO" }, "geometry": { "type": "Point", "coordinates": [ -57.711271214026773, -19.30415105084596 ] } },
{ "type": "Feature", "properties": { "CLASSE": "PLANTIO" }, "geometry": { "type": "Point", "coordinates": [ -57.711245885711541, -19.304139200861691 ] } },
{ "type": "Feature", "properties": { "CLASSE": "PLANTIO" }, "geometry": { "type": "Point", "coordinates": [ -57.711457547592623, -19.304201988198177 ] } },
{ "type": "Feature", "properties": { "CLASSE": "PLANTIO" }, "geometry": { "type": "Point", "coordinates": [ -57.711434691226998, -19.30419092290682 ] } },
{ "type": "Feature", "properties": { "CLASSE": "PLANTIO" }, "geometry": { "type": "Point", "coordinates": [ -57.711494503137388, -19.30418147540756 ] } },
{ "type": "Feature", "properties": { "CLASSE": "PLANTIO" }, "geometry": { "type": "Point", "coordinates": [ -57.711472847671494, -19.304172208485991 ] } },
{ "type": "Feature", "properties": { "CLASSE": "PLANTIO" }, "geometry": { "type": "Point", "coordinates": [ -57.711450127791174, -19.304159801219022 ] } },
{ "type": "Feature", "properties": { "CLASSE": "PLANTIO" }, "geometry": { "type": "Point", "coordinates": [ -57.711493481094863, -19.304148784901152 ] } },
{ "type": "Feature", "properties": { "CLASSE": "PLANTIO" }, "geometry": { "type": "Point", "coordinates": [ -57.711424930305526, -19.304146893847882 ] } },
{ "type": "Feature", "properties": { "CLASSE": "PLANTIO" }, "geometry": { "type": "Point", "coordinates": [ -57.711411540477997, -19.304144301209718 ] } },
{ "type": "Feature", "properties": { "CLASSE": "PLANTIO" }, "geometry": { "type": "Point", "coordinates": [ -57.711470382388789, -19.304137144224569 ] } },
{ "type": "Feature", "properties": { "CLASSE": "PLANTIO" }, "geometry": { "type": "Point", "coordinates": [ -57.711322003051812, -19.304174691562718 ] } },
{ "type": "Feature", "properties": { "CLASSE": "PLANTIO" }, "geometry": { "type": "Point", "coordinates": [ -57.711385787839546, -19.304171095678964 ] } },
{ "type": "Feature", "properties": { "CLASSE": "PLANTIO" }, "geometry": { "type": "Point", "coordinates": [ -57.711362030161908, -19.30416078862751 ] } },
{ "type": "Feature", "properties": { "CLASSE": "PLANTIO" }, "geometry": { "type": "Point", "coordinates": [ -57.7113400424155, -19.304148514244627 ] } },
{ "type": "Feature", "properties": { "CLASSE": "PLANTIO" }, "geometry": { "type": "Point", "coordinates": [ -57.711400181819755, -19.304138584078874 ] } },
{ "type": "Feature", "properties": { "CLASSE": "PLANTIO" }, "geometry": { "type": "Point", "coordinates": [ -57.711319113279259, -19.304137290068454 ] } },
{ "type": "Feature", "properties": { "CLASSE": "PLANTIO" }, "geometry": { "type": "Point", "coordinates": [ -57.711377389948368, -19.304127454591111 ] } },
{ "type": "Feature", "properties": { "CLASSE": "PLANTIO" }, "geometry": { "type": "Point", "coordinates": [ -57.711353159047945, -19.304116120975394 ] } },
{ "type": "Feature", "properties": { "CLASSE": "PLANTIO" }, "geometry": { "type": "Point", "coordinates": [ -57.711401157255473, -19.304105069511028 ] } },
{ "type": "Feature", "properties": { "CLASSE": "PLANTIO" }, "geometry": { "type": "Point", "coordinates": [ -57.711328089489669, -19.304104695750393 ] } },
{ "type": "Feature", "properties": { "CLASSE": "PLANTIO" }, "geometry": { "type": "Point", "coordinates": [ -57.711612866875022, -19.304261312751386 ] } },
{ "type": "Feature", "properties": { "CLASSE": "PLANTIO" }, "geometry": { "type": "Point", "coordinates": [ -57.711655505495997, -19.304249950888277 ] } },
{ "type": "Feature", "properties": { "CLASSE": "PLANTIO" }, "geometry": { "type": "Point", "coordinates": [ -57.711642689453278, -19.304244790767953 ] } },
{ "type": "Feature", "properties": { "CLASSE": "PLANTIO" }, "geometry": { "type": "Point", "coordinates": [ -57.711616885346345, -19.304236165033252 ] } },
{ "type": "Feature", "properties": { "CLASSE": "PLANTIO" }, "geometry": { "type": "Point", "coordinates": [ -57.711673384206343, -19.304222859324213 ] } },
{ "type": "Feature", "properties": { "CLASSE": "PLANTIO" }, "geometry": { "type": "Point", "coordinates": [ -57.711650010447642, -19.304213777154473 ] } },
{ "type": "Feature", "properties": { "CLASSE": "PLANTIO" }, "geometry": { "type": "Point", "coordinates": [ -57.711627622701876, -19.304208236305278 ] } },
{ "type": "Feature", "properties": { "CLASSE": "PLANTIO" }, "geometry": { "type": "Point", "coordinates": [ -57.711606292530369, -19.304197226931578 ] } },
{ "type": "Feature", "properties": { "CLASSE": "PLANTIO" }, "geometry": { "type": "Point", "coordinates": [ -57.711689133252555, -19.304195651189751 ] } },
{ "type": "Feature", "properties": { "CLASSE": "PLANTIO" }, "geometry": { "type": "Point", "coordinates": [ -57.711679208610519, -19.304189843939568 ] } },
{ "type": "Feature", "properties": { "CLASSE": "PLANTIO" }, "geometry": { "type": "Point", "coordinates": [ -57.711513788163657, -19.304252777526084 ] } },
{ "type": "Feature", "properties": { "CLASSE": "PLANTIO" }, "geometry": { "type": "Point", "coordinates": [ -57.711573739565964, -19.30425236359622 ] } },
{ "type": "Feature", "properties": { "CLASSE": "PLANTIO" }, "geometry": { "type": "Point", "coordinates": [ -57.711552607594122, -19.304240037633864 ] } },
{ "type": "Feature", "properties": { "CLASSE": "PLANTIO" }, "geometry": { "type": "Point", "coordinates": [ -57.711527937347903, -19.304230373511825 ] } },
{ "type": "Feature", "properties": { "CLASSE": "PLANTIO" }, "geometry": { "type": "Point", "coordinates": [ -57.711593601235037, -19.304225184343672 ] } },
{ "type": "Feature", "properties": { "CLASSE": "PLANTIO" }, "geometry": { "type": "Point", "coordinates": [ -57.711569705492167, -19.304213937124331 ] } },
{ "type": "Feature", "properties": { "CLASSE": "PLANTIO" }, "geometry": { "type": "Point", "coordinates": [ -57.711545876776412, -19.304199122957574 ] } },
{ "type": "Feature", "properties": { "CLASSE": "PLANTIO" }, "geometry": { "type": "Point", "coordinates": [ -57.711527254934317, -19.304194117579105 ] } },
{ "type": "Feature", "properties": { "CLASSE": "PLANTIO" }, "geometry": { "type": "Point", "coordinates": [ -57.711518789543696, -19.304190573320991 ] } },
{ "type": "Feature", "properties": { "CLASSE": "PLANTIO" }, "geometry": { "type": "Point", "coordinates": [ -57.71158208078932, -19.304185835177073 ] } },
{ "type": "Feature", "properties": { "CLASSE": "PLANTIO" }, "geometry": { "type": "Point", "coordinates": [ -57.711559849013803, -19.304175458175262 ] } },
{ "type": "Feature", "properties": { "CLASSE": "PLANTIO" }, "geometry": { "type": "Point", "coordinates": [ -57.711539081093541, -19.304165428408563 ] } },
{ "type": "Feature", "properties": { "CLASSE": "PLANTIO" }, "geometry": { "type": "Point", "coordinates": [ -57.711523799655403, -19.304157694743147 ] } },
{ "type": "Feature", "properties": { "CLASSE": "PLANTIO" }, "geometry": { "type": "Point", "coordinates": [ -57.711597719853344, -19.304156060580645 ] } },
{ "type": "Feature", "properties": { "CLASSE": "PLANTIO" }, "geometry": { "type": "Point", "coordinates": [ -57.711513932164593, -19.304154788746786 ] } },
{ "type": "Feature", "properties": { "CLASSE": "PLANTIO" }, "geometry": { "type": "Point", "coordinates": [ -57.711574597464228, -19.304145008814825 ] } },
{ "type": "Feature", "properties": { "CLASSE": "PLANTIO" }, "geometry": { "type": "Point", "coordinates": [ -57.711550881886055, -19.304136445294027 ] } },
{ "type": "Feature", "properties": { "CLASSE": "PLANTIO" }, "geometry": { "type": "Point", "coordinates": [ -57.711527234500309, -19.304125444097295 ] } },
{ "type": "Feature", "properties": { "CLASSE": "PLANTIO" }, "geometry": { "type": "Point", "coordinates": [ -57.711598110950625, -19.304120379126616 ] } },
{ "type": "Feature", "properties": { "CLASSE": "PLANTIO" }, "geometry": { "type": "Point", "coordinates": [ -57.711518117155187, -19.304118889448336 ] } },
{ "type": "Feature", "properties": { "CLASSE": "PLANTIO" }, "geometry": { "type": "Point", "coordinates": [ -57.711722265024619, -19.304175972193352 ] } },
{ "type": "Feature", "properties": { "CLASSE": "PLANTIO" }, "geometry": { "type": "Point", "coordinates": [ -57.711696340295276, -19.30416367665282 ] } },
{ "type": "Feature", "properties": { "CLASSE": "PLANTIO" }, "geometry": { "type": "Point", "coordinates": [ -57.71177592260031, -19.304160457217421 ] } },
{ "type": "Feature", "properties": { "CLASSE": "PLANTIO" }, "geometry": { "type": "Point", "coordinates": [ -57.711751020721891, -19.304149963385676 ] } },
{ "type": "Feature", "properties": { "CLASSE": "PLANTIO" }, "geometry": { "type": "Point", "coordinates": [ -57.711725254234111, -19.304138845938642 ] } },
{ "type": "Feature", "properties": { "CLASSE": "PLANTIO" }, "geometry": { "type": "Point", "coordinates": [ -57.711701612020093, -19.304128688451033 ] } },
{ "type": "Feature", "properties": { "CLASSE": "PLANTIO" }, "geometry": { "type": "Point", "coordinates": [ -57.711773225663094, -19.30412741657927 ] } },
{ "type": "Feature", "properties": { "CLASSE": "PLANTIO" }, "geometry": { "type": "Point", "coordinates": [ -57.711760964436436, -19.30412229518906 ] } },
{ "type": "Feature", "properties": { "CLASSE": "PLANTIO" }, "geometry": { "type": "Point", "coordinates": [ -57.711749628615003, -19.304114548901023 ] } },
{ "type": "Feature", "properties": { "CLASSE": "PLANTIO" }, "geometry": { "type": "Point", "coordinates": [ -57.711664400807543, -19.304186583664361 ] } },
{ "type": "Feature", "properties": { "CLASSE": "PLANTIO" }, "geometry": { "type": "Point", "coordinates": [ -57.711643048466549, -19.304176754990966 ] } },
{ "type": "Feature", "properties": { "CLASSE": "PLANTIO" }, "geometry": { "type": "Point", "coordinates": [ -57.711621486164411, -19.30416639155106 ] } },
{ "type": "Feature", "properties": { "CLASSE": "PLANTIO" }, "geometry": { "type": "Point", "coordinates": [ -57.711671999654264, -19.304152663580275 ] } },
{ "type": "Feature", "properties": { "CLASSE": "PLANTIO" }, "geometry": { "type": "Point", "coordinates": [ -57.711645638269331, -19.304143525869026 ] } },
{ "type": "Feature", "properties": { "CLASSE": "PLANTIO" }, "geometry": { "type": "Point", "coordinates": [ -57.711635236112748, -19.30413191462047 ] } },
{ "type": "Feature", "properties": { "CLASSE": "PLANTIO" }, "geometry": { "type": "Point", "coordinates": [ -57.711623782518188, -19.30413142143853 ] } },
{ "type": "Feature", "properties": { "CLASSE": "PLANTIO" }, "geometry": { "type": "Point", "coordinates": [ -57.711674018423039, -19.304116383571234 ] } },
{ "type": "Feature", "properties": { "CLASSE": "PLANTIO" }, "geometry": { "type": "Point", "coordinates": [ -57.711645112234329, -19.304104279879017 ] } },
{ "type": "Feature", "properties": { "CLASSE": "PLANTIO" }, "geometry": { "type": "Point", "coordinates": [ -57.711625275933493, -19.304096443290224 ] } },
{ "type": "Feature", "properties": { "CLASSE": "PLANTIO" }, "geometry": { "type": "Point", "coordinates": [ -57.71144536045643, -19.304126663614497 ] } },
{ "type": "Feature", "properties": { "CLASSE": "PLANTIO" }, "geometry": { "type": "Point", "coordinates": [ -57.711501743636006, -19.304117889271136 ] } },
{ "type": "Feature", "properties": { "CLASSE": "PLANTIO" }, "geometry": { "type": "Point", "coordinates": [ -57.711420811028908, -19.304114043732632 ] } },
{ "type": "Feature", "properties": { "CLASSE": "PLANTIO" }, "geometry": { "type": "Point", "coordinates": [ -57.711480545637706, -19.304105907844999 ] } },
{ "type": "Feature", "properties": { "CLASSE": "PLANTIO" }, "geometry": { "type": "Point", "coordinates": [ -57.711458078706315, -19.304094215803929 ] } },
{ "type": "Feature", "properties": { "CLASSE": "PLANTIO" }, "geometry": { "type": "Point", "coordinates": [ -57.711433926496248, -19.304083225875022 ] } },
{ "type": "Feature", "properties": { "CLASSE": "PLANTIO" }, "geometry": { "type": "Point", "coordinates": [ -57.711495120032858, -19.304075537284586 ] } },
{ "type": "Feature", "properties": { "CLASSE": "PLANTIO" }, "geometry": { "type": "Point", "coordinates": [ -57.711470578281528, -19.304064029675736 ] } },
{ "type": "Feature", "properties": { "CLASSE": "PLANTIO" }, "geometry": { "type": "Point", "coordinates": [ -57.711443777507405, -19.304051925701927 ] } },
{ "type": "Feature", "properties": { "CLASSE": "PLANTIO" }, "geometry": { "type": "Point", "coordinates": [ -57.711733965044665, -19.304106430316939 ] } },
{ "type": "Feature", "properties": { "CLASSE": "PLANTIO" }, "geometry": { "type": "Point", "coordinates": [ -57.711710672431714, -19.304095685711811 ] } },
{ "type": "Feature", "properties": { "CLASSE": "PLANTIO" }, "geometry": { "type": "Point", "coordinates": [ -57.711763297489981, -19.30409016598928 ] } },
{ "type": "Feature", "properties": { "CLASSE": "PLANTIO" }, "geometry": { "type": "Point", "coordinates": [ -57.711738494438322, -19.304080596035085 ] } },
{ "type": "Feature", "properties": { "CLASSE": "PLANTIO" }, "geometry": { "type": "Point", "coordinates": [ -57.711713770152485, -19.304069795187921 ] } },
{ "type": "Feature", "properties": { "CLASSE": "PLANTIO" }, "geometry": { "type": "Point", "coordinates": [ -57.711691617886579, -19.304058361269597 ] } },
{ "type": "Feature", "properties": { "CLASSE": "PLANTIO" }, "geometry": { "type": "Point", "coordinates": [ -57.711766031253063, -19.304057303787285 ] } },
{ "type": "Feature", "properties": { "CLASSE": "PLANTIO" }, "geometry": { "type": "Point", "coordinates": [ -57.711741248095777, -19.304046203296128 ] } },
{ "type": "Feature", "properties": { "CLASSE": "PLANTIO" }, "geometry": { "type": "Point", "coordinates": [ -57.711716461281917, -19.304034303488574 ] } },
{ "type": "Feature", "properties": { "CLASSE": "PLANTIO" }, "geometry": { "type": "Point", "coordinates": [ -57.711692415893303, -19.304023080453334 ] } },
{ "type": "Feature", "properties": { "CLASSE": "PLANTIO" }, "geometry": { "type": "Point", "coordinates": [ -57.711686574158563, -19.304087428932792 ] } },
{ "type": "Feature", "properties": { "CLASSE": "PLANTIO" }, "geometry": { "type": "Point", "coordinates": [ -57.711600579246159, -19.304085278701791 ] } },
{ "type": "Feature", "properties": { "CLASSE": "PLANTIO" }, "geometry": { "type": "Point", "coordinates": [ -57.71166503165044, -19.304081958162783 ] } },
{ "type": "Feature", "properties": { "CLASSE": "PLANTIO" }, "geometry": { "type": "Point", "coordinates": [ -57.711638012816039, -19.304064988073797 ] } },
{ "type": "Feature", "properties": { "CLASSE": "PLANTIO" }, "geometry": { "type": "Point", "coordinates": [ -57.711619592998275, -19.304060784092702 ] } },
{ "type": "Feature", "properties": { "CLASSE": "PLANTIO" }, "geometry": { "type": "Point", "coordinates": [ -57.711668857339951, -19.304049072765959 ] } },
{ "type": "Feature", "properties": { "CLASSE": "PLANTIO" }, "geometry": { "type": "Point", "coordinates": [ -57.71165124881076, -19.30404035766243 ] } },
{ "type": "Feature", "properties": { "CLASSE": "PLANTIO" }, "geometry": { "type": "Point", "coordinates": [ -57.711632364699312, -19.30402750789262 ] } },
{ "type": "Feature", "properties": { "CLASSE": "PLANTIO" }, "geometry": { "type": "Point", "coordinates": [ -57.711620931885911, -19.304026598425338 ] } },
{ "type": "Feature", "properties": { "CLASSE": "PLANTIO" }, "geometry": { "type": "Point", "coordinates": [ -57.711679350635869, -19.304017916966888 ] } },
{ "type": "Feature", "properties": { "CLASSE": "PLANTIO" }, "geometry": { "type": "Point", "coordinates": [ -57.711548778744628, -19.304096883823746 ] } },
{ "type": "Feature", "properties": { "CLASSE": "PLANTIO" }, "geometry": { "type": "Point", "coordinates": [ -57.711553830662169, -19.304064059457811 ] } },
{ "type": "Feature", "properties": { "CLASSE": "PLANTIO" }, "geometry": { "type": "Point", "coordinates": [ -57.711526994963897, -19.30405447856738 ] } },
{ "type": "Feature", "properties": { "CLASSE": "PLANTIO" }, "geometry": { "type": "Point", "coordinates": [ -57.711598438782026, -19.304050352829492 ] } },
{ "type": "Feature", "properties": { "CLASSE": "PLANTIO" }, "geometry": { "type": "Point", "coordinates": [ -57.711575664534251, -19.304041024548507 ] } },
{ "type": "Feature", "properties": { "CLASSE": "PLANTIO" }, "geometry": { "type": "Point", "coordinates": [ -57.711553261049431, -19.304033159754905 ] } },
{ "type": "Feature", "properties": { "CLASSE": "PLANTIO" }, "geometry": { "type": "Point", "coordinates": [ -57.711532766103389, -19.304022450758172 ] } },
{ "type": "Feature", "properties": { "CLASSE": "PLANTIO" }, "geometry": { "type": "Point", "coordinates": [ -57.711598253148559, -19.304017036677262 ] } },
{ "type": "Feature", "properties": { "CLASSE": "PLANTIO" }, "geometry": { "type": "Point", "coordinates": [ -57.711507289747303, -19.304013290207706 ] } },
{ "type": "Feature", "properties": { "CLASSE": "PLANTIO" }, "geometry": { "type": "Point", "coordinates": [ -57.711573905746654, -19.304006551831009 ] } },
{ "type": "Feature", "properties": { "CLASSE": "PLANTIO" }, "geometry": { "type": "Point", "coordinates": [ -57.711502347260669, -19.304043666829958 ] } },
{ "type": "Feature", "properties": { "CLASSE": "PLANTIO" }, "geometry": { "type": "Point", "coordinates": [ -57.711419493562644, -19.304040791706836 ] } },
{ "type": "Feature", "properties": { "CLASSE": "PLANTIO" }, "geometry": { "type": "Point", "coordinates": [ -57.711478371081242, -19.304031366235968 ] } },
{ "type": "Feature", "properties": { "CLASSE": "PLANTIO" }, "geometry": { "type": "Point", "coordinates": [ -57.711429582307311, -19.304010717400867 ] } },
{ "type": "Feature", "properties": { "CLASSE": "PLANTIO" }, "geometry": { "type": "Point", "coordinates": [ -57.711484545797504, -19.303999857295807 ] } },
{ "type": "Feature", "properties": { "CLASSE": "PLANTIO" }, "geometry": { "type": "Point", "coordinates": [ -57.711464021850745, -19.303991324746207 ] } },
{ "type": "Feature", "properties": { "CLASSE": "PLANTIO" }, "geometry": { "type": "Point", "coordinates": [ -57.711443017701292, -19.303979571546122 ] } },
{ "type": "Feature", "properties": { "CLASSE": "PLANTIO" }, "geometry": { "type": "Point", "coordinates": [ -57.711505953419042, -19.303975486298118 ] } },
{ "type": "Feature", "properties": { "CLASSE": "PLANTIO" }, "geometry": { "type": "Point", "coordinates": [ -57.711420605316675, -19.303969792294616 ] } },
{ "type": "Feature", "properties": { "CLASSE": "PLANTIO" }, "geometry": { "type": "Point", "coordinates": [ -57.711479359496451, -19.303965335945989 ] } },
{ "type": "Feature", "properties": { "CLASSE": "PLANTIO" }, "geometry": { "type": "Point", "coordinates": [ -57.711197974431698, -19.304119399333167 ] } },
{ "type": "Feature", "properties": { "CLASSE": "PLANTIO" }, "geometry": { "type": "Point", "coordinates": [ -57.71117673122756, -19.304111948924263 ] } },
{ "type": "Feature", "properties": { "CLASSE": "PLANTIO" }, "geometry": { "type": "Point", "coordinates": [ -57.711198114715103, -19.304084243929868 ] } },
{ "type": "Feature", "properties": { "CLASSE": "PLANTIO" }, "geometry": { "type": "Point", "coordinates": [ -57.712037433469277, -19.30459629824389 ] } },
{ "type": "Feature", "properties": { "CLASSE": "PLANTIO" }, "geometry": { "type": "Point", "coordinates": [ -57.712062434660218, -19.304569381891707 ] } },
{ "type": "Feature", "properties": { "CLASSE": "PLANTIO" }, "geometry": { "type": "Point", "coordinates": [ -57.71204733467512, -19.304562685525742 ] } },
{ "type": "Feature", "properties": { "CLASSE": "PLANTIO" }, "geometry": { "type": "Point", "coordinates": [ -57.712038473529191, -19.304558447361153 ] } },
{ "type": "Feature", "properties": { "CLASSE": "PLANTIO" }, "geometry": { "type": "Point", "coordinates": [ -57.712057591707705, -19.304531141201739 ] } },
{ "type": "Feature", "properties": { "CLASSE": "PLANTIO" }, "geometry": { "type": "Point", "coordinates": [ -57.712031086018506, -19.30452198908489 ] } },
{ "type": "Feature", "properties": { "CLASSE": "PLANTIO" }, "geometry": { "type": "Point", "coordinates": [ -57.712090787937427, -19.304512071919742 ] } },
{ "type": "Feature", "properties": { "CLASSE": "PLANTIO" }, "geometry": { "type": "Point", "coordinates": [ -57.712067192151785, -19.304502585476584 ] } },
{ "type": "Feature", "properties": { "CLASSE": "PLANTIO" }, "geometry": { "type": "Point", "coordinates": [ -57.71204243871567, -19.304491948888376 ] } },
{ "type": "Feature", "properties": { "CLASSE": "PLANTIO" }, "geometry": { "type": "Point", "coordinates": [ -57.712088607178728, -19.304476618284433 ] } },
{ "type": "Feature", "properties": { "CLASSE": "PLANTIO" }, "geometry": { "type": "Point", "coordinates": [ -57.712066535096795, -19.304465021011556 ] } },
{ "type": "Feature", "properties": { "CLASSE": "PLANTIO" }, "geometry": { "type": "Point", "coordinates": [ -57.712043219664757, -19.304455477023495 ] } },
{ "type": "Feature", "properties": { "CLASSE": "PLANTIO" }, "geometry": { "type": "Point", "coordinates": [ -57.712100102845618, -19.30444848481979 ] } },
{ "type": "Feature", "properties": { "CLASSE": "PLANTIO" }, "geometry": { "type": "Point", "coordinates": [ -57.712075979109564, -19.304437981700556 ] } },
{ "type": "Feature", "properties": { "CLASSE": "PLANTIO" }, "geometry": { "type": "Point", "coordinates": [ -57.712051843107147, -19.304426434824705 ] } },
{ "type": "Feature", "properties": { "CLASSE": "PLANTIO" }, "geometry": { "type": "Point", "coordinates": [ -57.711969140190803, -19.304458636242078 ] } },
{ "type": "Feature", "properties": { "CLASSE": "PLANTIO" }, "geometry": { "type": "Point", "coordinates": [ -57.712018073265405, -19.30444940391326 ] } },
{ "type": "Feature", "properties": { "CLASSE": "PLANTIO" }, "geometry": { "type": "Point", "coordinates": [ -57.711974756394099, -19.304429088653048 ] } },
{ "type": "Feature", "properties": { "CLASSE": "PLANTIO" }, "geometry": { "type": "Point", "coordinates": [ -57.711950664478763, -19.304418088031195 ] } },
{ "type": "Feature", "properties": { "CLASSE": "PLANTIO" }, "geometry": { "type": "Point", "coordinates": [ -57.712017416115735, -19.304409913710888 ] } },
{ "type": "Feature", "properties": { "CLASSE": "PLANTIO" }, "geometry": { "type": "Point", "coordinates": [ -57.712004000149975, -19.304404377910142 ] } },
{ "type": "Feature", "properties": { "CLASSE": "PLANTIO" }, "geometry": { "type": "Point", "coordinates": [ -57.711975447179768, -19.304392420078031 ] } },
{ "type": "Feature", "properties": { "CLASSE": "PLANTIO" }, "geometry": { "type": "Point", "coordinates": [ -57.711953740839206, -19.304383004555099 ] } },
{ "type": "Feature", "properties": { "CLASSE": "PLANTIO" }, "geometry": { "type": "Point", "coordinates": [ -57.712018638706695, -19.304379545921922 ] } },
{ "type": "Feature", "properties": { "CLASSE": "PLANTIO" }, "geometry": { "type": "Point", "coordinates": [ -57.711783021119764, -19.304443544604592 ] } },
{ "type": "Feature", "properties": { "CLASSE": "PLANTIO" }, "geometry": { "type": "Point", "coordinates": [ -57.7118457838993, -19.304436015811003 ] } },
{ "type": "Feature", "properties": { "CLASSE": "PLANTIO" }, "geometry": { "type": "Point", "coordinates": [ -57.711822028432614, -19.304424932975181 ] } },
{ "type": "Feature", "properties": { "CLASSE": "PLANTIO" }, "geometry": { "type": "Point", "coordinates": [ -57.711796724119523, -19.304416364430143 ] } },
{ "type": "Feature", "properties": { "CLASSE": "PLANTIO" }, "geometry": { "type": "Point", "coordinates": [ -57.711783869700085, -19.304416229017288 ] } },
{ "type": "Feature", "properties": { "CLASSE": "PLANTIO" }, "geometry": { "type": "Point", "coordinates": [ -57.711843475413971, -19.304404307965189 ] } },
{ "type": "Feature", "properties": { "CLASSE": "PLANTIO" }, "geometry": { "type": "Point", "coordinates": [ -57.711819075924865, -19.304393596557134 ] } },
{ "type": "Feature", "properties": { "CLASSE": "PLANTIO" }, "geometry": { "type": "Point", "coordinates": [ -57.711796210931723, -19.304382543075054 ] } },
{ "type": "Feature", "properties": { "CLASSE": "PLANTIO" }, "geometry": { "type": "Point", "coordinates": [ -57.711855512456509, -19.304377875153719 ] } },
{ "type": "Feature", "properties": { "CLASSE": "PLANTIO" }, "geometry": { "type": "Point", "coordinates": [ -57.711833850124684, -19.304366201088033 ] } },
{ "type": "Feature", "properties": { "CLASSE": "PLANTIO" }, "geometry": { "type": "Point", "coordinates": [ -57.711892377749194, -19.304425594217395 ] } },
{ "type": "Feature", "properties": { "CLASSE": "PLANTIO" }, "geometry": { "type": "Point", "coordinates": [ -57.711867007088401, -19.304416159550556 ] } },
{ "type": "Feature", "properties": { "CLASSE": "PLANTIO" }, "geometry": { "type": "Point", "coordinates": [ -57.71192823241816, -19.304406149972358 ] } },
{ "type": "Feature", "properties": { "CLASSE": "PLANTIO" }, "geometry": { "type": "Point", "coordinates": [ -57.711903533194516, -19.30439730340531 ] } },
{ "type": "Feature", "properties": { "CLASSE": "PLANTIO" }, "geometry": { "type": "Point", "coordinates": [ -57.711882875952341, -19.30438658478867 ] } },
{ "type": "Feature", "properties": { "CLASSE": "PLANTIO" }, "geometry": { "type": "Point", "coordinates": [ -57.711929317226144, -19.30437205023496 ] } },
{ "type": "Feature", "properties": { "CLASSE": "PLANTIO" }, "geometry": { "type": "Point", "coordinates": [ -57.711905549074004, -19.304360601048376 ] } },
{ "type": "Feature", "properties": { "CLASSE": "PLANTIO" }, "geometry": { "type": "Point", "coordinates": [ -57.711880992547101, -19.304349275327009 ] } },
{ "type": "Feature", "properties": { "CLASSE": "PLANTIO" }, "geometry": { "type": "Point", "coordinates": [ -57.711938066859688, -19.304348456799442 ] } },
{ "type": "Feature", "properties": { "CLASSE": "PLANTIO" }, "geometry": { "type": "Point", "coordinates": [ -57.71194364933995, -19.30434648900081 ] } },
{ "type": "Feature", "properties": { "CLASSE": "PLANTIO" }, "geometry": { "type": "Point", "coordinates": [ -57.711995392885925, -19.304367826285457 ] } },
{ "type": "Feature", "properties": { "CLASSE": "PLANTIO" }, "geometry": { "type": "Point", "coordinates": [ -57.711972417063471, -19.304358617314531 ] } },
{ "type": "Feature", "properties": { "CLASSE": "PLANTIO" }, "geometry": { "type": "Point", "coordinates": [ -57.712004101253889, -19.304336414509141 ] } },
{ "type": "Feature", "properties": { "CLASSE": "PLANTIO" }, "geometry": { "type": "Point", "coordinates": [ -57.711982580798129, -19.304326507622331 ] } },
{ "type": "Feature", "properties": { "CLASSE": "PLANTIO" }, "geometry": { "type": "Point", "coordinates": [ -57.711958285149358, -19.304316940746059 ] } },
{ "type": "Feature", "properties": { "CLASSE": "PLANTIO" }, "geometry": { "type": "Point", "coordinates": [ -57.711949245757403, -19.30431638814354 ] } },
{ "type": "Feature", "properties": { "CLASSE": "PLANTIO" }, "geometry": { "type": "Point", "coordinates": [ -57.712004328009449, -19.304294979941591 ] } },
{ "type": "Feature", "properties": { "CLASSE": "PLANTIO" }, "geometry": { "type": "Point", "coordinates": [ -57.711979805170756, -19.304287536829424 ] } },
{ "type": "Feature", "properties": { "CLASSE": "PLANTIO" }, "geometry": { "type": "Point", "coordinates": [ -57.711988401106964, -19.304285066731008 ] } },
{ "type": "Feature", "properties": { "CLASSE": "PLANTIO" }, "geometry": { "type": "Point", "coordinates": [ -57.711955079792979, -19.304275417679509 ] } },
{ "type": "Feature", "properties": { "CLASSE": "PLANTIO" }, "geometry": { "type": "Point", "coordinates": [ -57.711809591222547, -19.304356003523594 ] } },
{ "type": "Feature", "properties": { "CLASSE": "PLANTIO" }, "geometry": { "type": "Point", "coordinates": [ -57.711784945381659, -19.30434102600767 ] } },
{ "type": "Feature", "properties": { "CLASSE": "PLANTIO" }, "geometry": { "type": "Point", "coordinates": [ -57.711856026048473, -19.304340414460281 ] } },
{ "type": "Feature", "properties": { "CLASSE": "PLANTIO" }, "geometry": { "type": "Point", "coordinates": [ -57.711833202666242, -19.304329829139576 ] } },
{ "type": "Feature", "properties": { "CLASSE": "PLANTIO" }, "geometry": { "type": "Point", "coordinates": [ -57.711810445067506, -19.304319255883843 ] } },
{ "type": "Feature", "properties": { "CLASSE": "PLANTIO" }, "geometry": { "type": "Point", "coordinates": [ -57.711784295590036, -19.304309776697323 ] } },
{ "type": "Feature", "properties": { "CLASSE": "PLANTIO" }, "geometry": { "type": "Point", "coordinates": [ -57.711855214786297, -19.304309084581874 ] } },
{ "type": "Feature", "properties": { "CLASSE": "PLANTIO" }, "geometry": { "type": "Point", "coordinates": [ -57.711832783550044, -19.30429898812881 ] } },
{ "type": "Feature", "properties": { "CLASSE": "PLANTIO" }, "geometry": { "type": "Point", "coordinates": [ -57.711812151128072, -19.30428844530039 ] } },
{ "type": "Feature", "properties": { "CLASSE": "PLANTIO" }, "geometry": { "type": "Point", "coordinates": [ -57.711788556394822, -19.304277392248885 ] } },
{ "type": "Feature", "properties": { "CLASSE": "PLANTIO" }, "geometry": { "type": "Point", "coordinates": [ -57.711925735402026, -19.304334983391428 ] } },
{ "type": "Feature", "properties": { "CLASSE": "PLANTIO" }, "geometry": { "type": "Point", "coordinates": [ -57.711907924105873, -19.304324779072243 ] } },
{ "type": "Feature", "properties": { "CLASSE": "PLANTIO" }, "geometry": { "type": "Point", "coordinates": [ -57.711880720938147, -19.30431917423325 ] } },
{ "type": "Feature", "properties": { "CLASSE": "PLANTIO" }, "geometry": { "type": "Point", "coordinates": [ -57.711933834005627, -19.304305193208567 ] } },
{ "type": "Feature", "properties": { "CLASSE": "PLANTIO" }, "geometry": { "type": "Point", "coordinates": [ -57.711910428466012, -19.304295001543373 ] } },
{ "type": "Feature", "properties": { "CLASSE": "PLANTIO" }, "geometry": { "type": "Point", "coordinates": [ -57.711889026583783, -19.304285292640031 ] } },
{ "type": "Feature", "properties": { "CLASSE": "PLANTIO" }, "geometry": { "type": "Point", "coordinates": [ -57.711865925106615, -19.304276098798152 ] } },
{ "type": "Feature", "properties": { "CLASSE": "PLANTIO" }, "geometry": { "type": "Point", "coordinates": [ -57.711931370182207, -19.304262698251897 ] } },
{ "type": "Feature", "properties": { "CLASSE": "PLANTIO" }, "geometry": { "type": "Point", "coordinates": [ -57.711904388617, -19.304254110008017 ] } },
{ "type": "Feature", "properties": { "CLASSE": "PLANTIO" }, "geometry": { "type": "Point", "coordinates": [ -57.711870716362085, -19.30423523254855 ] } },
{ "type": "Feature", "properties": { "CLASSE": "PLANTIO" }, "geometry": { "type": "Point", "coordinates": [ -57.712025985914501, -19.304271521378677 ] } },
{ "type": "Feature", "properties": { "CLASSE": "PLANTIO" }, "geometry": { "type": "Point", "coordinates": [ -57.71200224062278, -19.304260863640476 ] } },
{ "type": "Feature", "properties": { "CLASSE": "PLANTIO" }, "geometry": { "type": "Point", "coordinates": [ -57.711976720857898, -19.304250653796089 ] } },
{ "type": "Feature", "properties": { "CLASSE": "PLANTIO" }, "geometry": { "type": "Point", "coordinates": [ -57.711953839426435, -19.304240019060721 ] } },
{ "type": "Feature", "properties": { "CLASSE": "PLANTIO" }, "geometry": { "type": "Point", "coordinates": [ -57.71201745209099, -19.304235091661891 ] } },
{ "type": "Feature", "properties": { "CLASSE": "PLANTIO" }, "geometry": { "type": "Point", "coordinates": [ -57.711994275858736, -19.30422186921189 ] } },
{ "type": "Feature", "properties": { "CLASSE": "PLANTIO" }, "geometry": { "type": "Point", "coordinates": [ -57.711972728415397, -19.304212538175243 ] } },
{ "type": "Feature", "properties": { "CLASSE": "PLANTIO" }, "geometry": { "type": "Point", "coordinates": [ -57.711950915052213, -19.304205042949544 ] } },
{ "type": "Feature", "properties": { "CLASSE": "PLANTIO" }, "geometry": { "type": "Point", "coordinates": [ -57.712006293048653, -19.304196762293461 ] } },
{ "type": "Feature", "properties": { "CLASSE": "PLANTIO" }, "geometry": { "type": "Point", "coordinates": [ -57.71184298218602, -19.30426359729622 ] } },
{ "type": "Feature", "properties": { "CLASSE": "PLANTIO" }, "geometry": { "type": "Point", "coordinates": [ -57.711820456780785, -19.304255313055819 ] } },
{ "type": "Feature", "properties": { "CLASSE": "PLANTIO" }, "geometry": { "type": "Point", "coordinates": [ -57.711798187620808, -19.304246046809485 ] } },
{ "type": "Feature", "properties": { "CLASSE": "PLANTIO" }, "geometry": { "type": "Point", "coordinates": [ -57.711792473156422, -19.304237641926516 ] } },
{ "type": "Feature", "properties": { "CLASSE": "PLANTIO" }, "geometry": { "type": "Point", "coordinates": [ -57.711849645961991, -19.304230183554164 ] } },
{ "type": "Feature", "properties": { "CLASSE": "PLANTIO" }, "geometry": { "type": "Point", "coordinates": [ -57.711812666786521, -19.304218910231608 ] } },
{ "type": "Feature", "properties": { "CLASSE": "PLANTIO" }, "geometry": { "type": "Point", "coordinates": [ -57.711825572696895, -19.30421837610475 ] } },
{ "type": "Feature", "properties": { "CLASSE": "PLANTIO" }, "geometry": { "type": "Point", "coordinates": [ -57.711799085915487, -19.304209734964733 ] } },
{ "type": "Feature", "properties": { "CLASSE": "PLANTIO" }, "geometry": { "type": "Point", "coordinates": [ -57.711850205694923, -19.304194990348048 ] } },
{ "type": "Feature", "properties": { "CLASSE": "PLANTIO" }, "geometry": { "type": "Point", "coordinates": [ -57.711924475946162, -19.30422768061479 ] } },
{ "type": "Feature", "properties": { "CLASSE": "PLANTIO" }, "geometry": { "type": "Point", "coordinates": [ -57.711905778041626, -19.304222052803212 ] } },
{ "type": "Feature", "properties": { "CLASSE": "PLANTIO" }, "geometry": { "type": "Point", "coordinates": [ -57.711889027567572, -19.30421101315218 ] } },
{ "type": "Feature", "properties": { "CLASSE": "PLANTIO" }, "geometry": { "type": "Point", "coordinates": [ -57.711875909611074, -19.304207753188457 ] } },
{ "type": "Feature", "properties": { "CLASSE": "PLANTIO" }, "geometry": { "type": "Point", "coordinates": [ -57.71192951431722, -19.304195060847348 ] } },
{ "type": "Feature", "properties": { "CLASSE": "PLANTIO" }, "geometry": { "type": "Point", "coordinates": [ -57.711921113830144, -19.304194314709811 ] } },
{ "type": "Feature", "properties": { "CLASSE": "PLANTIO" }, "geometry": { "type": "Point", "coordinates": [ -57.711909297730898, -19.304185216509119 ] } },
{ "type": "Feature", "properties": { "CLASSE": "PLANTIO" }, "geometry": { "type": "Point", "coordinates": [ -57.711886309002224, -19.304178394539125 ] } },
{ "type": "Feature", "properties": { "CLASSE": "PLANTIO" }, "geometry": { "type": "Point", "coordinates": [ -57.711865013982582, -19.304169058070951 ] } },
{ "type": "Feature", "properties": { "CLASSE": "PLANTIO" }, "geometry": { "type": "Point", "coordinates": [ -57.711934112666768, -19.304166327498507 ] } },
{ "type": "Feature", "properties": { "CLASSE": "PLANTIO" }, "geometry": { "type": "Point", "coordinates": [ -57.711799734827956, -19.304171760670258 ] } },
{ "type": "Feature", "properties": { "CLASSE": "PLANTIO" }, "geometry": { "type": "Point", "coordinates": [ -57.711841810411229, -19.304158101352993 ] } },
{ "type": "Feature", "properties": { "CLASSE": "PLANTIO" }, "geometry": { "type": "Point", "coordinates": [ -57.711816877248751, -19.304147306471769 ] } },
{ "type": "Feature", "properties": { "CLASSE": "PLANTIO" }, "geometry": { "type": "Point", "coordinates": [ -57.711795895695538, -19.304138527623014 ] } },
{ "type": "Feature", "properties": { "CLASSE": "PLANTIO" }, "geometry": { "type": "Point", "coordinates": [ -57.71185931576408, -19.304134749970348 ] } },
{ "type": "Feature", "properties": { "CLASSE": "PLANTIO" }, "geometry": { "type": "Point", "coordinates": [ -57.711782992673605, -19.304131827679889 ] } },
{ "type": "Feature", "properties": { "CLASSE": "PLANTIO" }, "geometry": { "type": "Point", "coordinates": [ -57.711837091707899, -19.30412324420417 ] } },
{ "type": "Feature", "properties": { "CLASSE": "PLANTIO" }, "geometry": { "type": "Point", "coordinates": [ -57.71181243160872, -19.304111708914039 ] } },
{ "type": "Feature", "properties": { "CLASSE": "PLANTIO" }, "geometry": { "type": "Point", "coordinates": [ -57.712110229418407, -19.304422084075483 ] } },
{ "type": "Feature", "properties": { "CLASSE": "PLANTIO" }, "geometry": { "type": "Point", "coordinates": [ -57.712122549733579, -19.304386485554794 ] } },
{ "type": "Feature", "properties": { "CLASSE": "PLANTIO" }, "geometry": { "type": "Point", "coordinates": [ -57.712027361597251, -19.304415318799244 ] } },
{ "type": "Feature", "properties": { "CLASSE": "PLANTIO" }, "geometry": { "type": "Point", "coordinates": [ -57.712087635803243, -19.304410260908725 ] } },
{ "type": "Feature", "properties": { "CLASSE": "PLANTIO" }, "geometry": { "type": "Point", "coordinates": [ -57.712068175680336, -19.304403066437381 ] } },
{ "type": "Feature", "properties": { "CLASSE": "PLANTIO" }, "geometry": { "type": "Point", "coordinates": [ -57.712041870650786, -19.304389350426902 ] } },
{ "type": "Feature", "properties": { "CLASSE": "PLANTIO" }, "geometry": { "type": "Point", "coordinates": [ -57.712033570959228, -19.304381443883589 ] } },
{ "type": "Feature", "properties": { "CLASSE": "PLANTIO" }, "geometry": { "type": "Point", "coordinates": [ -57.712097836008518, -19.304377448606523 ] } },
{ "type": "Feature", "properties": { "CLASSE": "PLANTIO" }, "geometry": { "type": "Point", "coordinates": [ -57.712074507101946, -19.304365609715827 ] } },
{ "type": "Feature", "properties": { "CLASSE": "PLANTIO" }, "geometry": { "type": "Point", "coordinates": [ -57.712050612835107, -19.304355908498621 ] } },
{ "type": "Feature", "properties": { "CLASSE": "PLANTIO" }, "geometry": { "type": "Point", "coordinates": [ -57.712027992276532, -19.304344767959105 ] } },
{ "type": "Feature", "properties": { "CLASSE": "PLANTIO" }, "geometry": { "type": "Point", "coordinates": [ -57.712154448719645, -19.304367364076615 ] } },
{ "type": "Feature", "properties": { "CLASSE": "PLANTIO" }, "geometry": { "type": "Point", "coordinates": [ -57.712138933481476, -19.3043553624656 ] } },
{ "type": "Feature", "properties": { "CLASSE": "PLANTIO" }, "geometry": { "type": "Point", "coordinates": [ -57.71210519265378, -19.304341677775234 ] } },
{ "type": "Feature", "properties": { "CLASSE": "PLANTIO" }, "geometry": { "type": "Point", "coordinates": [ -57.712157326243506, -19.304330632171968 ] } },
{ "type": "Feature", "properties": { "CLASSE": "PLANTIO" }, "geometry": { "type": "Point", "coordinates": [ -57.712145278243632, -19.304327416224098 ] } },
{ "type": "Feature", "properties": { "CLASSE": "PLANTIO" }, "geometry": { "type": "Point", "coordinates": [ -57.712121422483214, -19.304317638600192 ] } },
{ "type": "Feature", "properties": { "CLASSE": "PLANTIO" }, "geometry": { "type": "Point", "coordinates": [ -57.71217107135891, -19.304303816814347 ] } },
{ "type": "Feature", "properties": { "CLASSE": "PLANTIO" }, "geometry": { "type": "Point", "coordinates": [ -57.712129762754053, -19.304279345500227 ] } },
{ "type": "Feature", "properties": { "CLASSE": "PLANTIO" }, "geometry": { "type": "Point", "coordinates": [ -57.71209096771733, -19.304334364966159 ] } },
{ "type": "Feature", "properties": { "CLASSE": "PLANTIO" }, "geometry": { "type": "Point", "coordinates": [ -57.71207969600605, -19.304330207508247 ] } },
{ "type": "Feature", "properties": { "CLASSE": "PLANTIO" }, "geometry": { "type": "Point", "coordinates": [ -57.712059599468979, -19.304327372838689 ] } },
{ "type": "Feature", "properties": { "CLASSE": "PLANTIO" }, "geometry": { "type": "Point", "coordinates": [ -57.712056117793544, -19.304317671457731 ] } },
{ "type": "Feature", "properties": { "CLASSE": "PLANTIO" }, "geometry": { "type": "Point", "coordinates": [ -57.712031060935701, -19.304307300300074 ] } },
{ "type": "Feature", "properties": { "CLASSE": "PLANTIO" }, "geometry": { "type": "Point", "coordinates": [ -57.712096418887057, -19.304306007945232 ] } },
{ "type": "Feature", "properties": { "CLASSE": "PLANTIO" }, "geometry": { "type": "Point", "coordinates": [ -57.712048707963689, -19.30428286376911 ] } },
{ "type": "Feature", "properties": { "CLASSE": "PLANTIO" }, "geometry": { "type": "Point", "coordinates": [ -57.712086278387559, -19.304260593477892 ] } },
{ "type": "Feature", "properties": { "CLASSE": "PLANTIO" }, "geometry": { "type": "Point", "coordinates": [ -57.712063686551673, -19.304252348056568 ] } },
{ "type": "Feature", "properties": { "CLASSE": "PLANTIO" }, "geometry": { "type": "Point", "coordinates": [ -57.712196367856144, -19.304279345327444 ] } },
{ "type": "Feature", "properties": { "CLASSE": "PLANTIO" }, "geometry": { "type": "Point", "coordinates": [ -57.712189324186589, -19.304242251013378 ] } },
{ "type": "Feature", "properties": { "CLASSE": "PLANTIO" }, "geometry": { "type": "Point", "coordinates": [ -57.712108850691898, -19.304272359433753 ] } },
{ "type": "Feature", "properties": { "CLASSE": "PLANTIO" }, "geometry": { "type": "Point", "coordinates": [ -57.712174000924534, -19.304269938652666 ] } },
{ "type": "Feature", "properties": { "CLASSE": "PLANTIO" }, "geometry": { "type": "Point", "coordinates": [ -57.712149317939563, -19.304260472850011 ] } },
{ "type": "Feature", "properties": { "CLASSE": "PLANTIO" }, "geometry": { "type": "Point", "coordinates": [ -57.712127230491006, -19.304251708198382 ] } },
{ "type": "Feature", "properties": { "CLASSE": "PLANTIO" }, "geometry": { "type": "Point", "coordinates": [ -57.712164802335707, -19.304233617178621 ] } },
{ "type": "Feature", "properties": { "CLASSE": "PLANTIO" }, "geometry": { "type": "Point", "coordinates": [ -57.712141223207119, -19.304226553895493 ] } },
{ "type": "Feature", "properties": { "CLASSE": "PLANTIO" }, "geometry": { "type": "Point", "coordinates": [ -57.712118156927218, -19.304213132495274 ] } },
{ "type": "Feature", "properties": { "CLASSE": "PLANTIO" }, "geometry": { "type": "Point", "coordinates": [ -57.712108579413815, -19.304199335262787 ] } },
{ "type": "Feature", "properties": { "CLASSE": "PLANTIO" }, "geometry": { "type": "Point", "coordinates": [ -57.712042634147387, -19.304246786773142 ] } },
{ "type": "Feature", "properties": { "CLASSE": "PLANTIO" }, "geometry": { "type": "Point", "coordinates": [ -57.712102539057319, -19.304241139696121 ] } },
{ "type": "Feature", "properties": { "CLASSE": "PLANTIO" }, "geometry": { "type": "Point", "coordinates": [ -57.712079968262913, -19.304229772126892 ] } },
{ "type": "Feature", "properties": { "CLASSE": "PLANTIO" }, "geometry": { "type": "Point", "coordinates": [ -57.712055845660267, -19.304220323344087 ] } },
{ "type": "Feature", "properties": { "CLASSE": "PLANTIO" }, "geometry": { "type": "Point", "coordinates": [ -57.712032702912332, -19.304209136080885 ] } },
{ "type": "Feature", "properties": { "CLASSE": "PLANTIO" }, "geometry": { "type": "Point", "coordinates": [ -57.712097161093908, -19.304204011872571 ] } },
{ "type": "Feature", "properties": { "CLASSE": "PLANTIO" }, "geometry": { "type": "Point", "coordinates": [ -57.712072986367133, -19.304188526204019 ] } },
{ "type": "Feature", "properties": { "CLASSE": "PLANTIO" }, "geometry": { "type": "Point", "coordinates": [ -57.712053086582785, -19.304184403096198 ] } },
{ "type": "Feature", "properties": { "CLASSE": "PLANTIO" }, "geometry": { "type": "Point", "coordinates": [ -57.71203080395658, -19.304173935384494 ] } },
{ "type": "Feature", "properties": { "CLASSE": "PLANTIO" }, "geometry": { "type": "Point", "coordinates": [ -57.711981899401231, -19.304186401382736 ] } },
{ "type": "Feature", "properties": { "CLASSE": "PLANTIO" }, "geometry": { "type": "Point", "coordinates": [ -57.711957149580478, -19.304176240618229 ] } },
{ "type": "Feature", "properties": { "CLASSE": "PLANTIO" }, "geometry": { "type": "Point", "coordinates": [ -57.712006463578525, -19.304163287782785 ] } },
{ "type": "Feature", "properties": { "CLASSE": "PLANTIO" }, "geometry": { "type": "Point", "coordinates": [ -57.71198297366071, -19.304151928143373 ] } },
{ "type": "Feature", "properties": { "CLASSE": "PLANTIO" }, "geometry": { "type": "Point", "coordinates": [ -57.711960286381242, -19.304141638290183 ] } },
{ "type": "Feature", "properties": { "CLASSE": "PLANTIO" }, "geometry": { "type": "Point", "coordinates": [ -57.711908853376528, -19.304153852144296 ] } },
{ "type": "Feature", "properties": { "CLASSE": "PLANTIO" }, "geometry": { "type": "Point", "coordinates": [ -57.711883647866635, -19.304144251301704 ] } },
{ "type": "Feature", "properties": { "CLASSE": "PLANTIO" }, "geometry": { "type": "Point", "coordinates": [ -57.711928758725783, -19.304130417638731 ] } },
{ "type": "Feature", "properties": { "CLASSE": "PLANTIO" }, "geometry": { "type": "Point", "coordinates": [ -57.711911863787101, -19.304120101767573 ] } },
{ "type": "Feature", "properties": { "CLASSE": "PLANTIO" }, "geometry": { "type": "Point", "coordinates": [ -57.711887517428053, -19.304111162827827 ] } },
{ "type": "Feature", "properties": { "CLASSE": "PLANTIO" }, "geometry": { "type": "Point", "coordinates": [ -57.711898469037713, -19.304110591977299 ] } },
{ "type": "Feature", "properties": { "CLASSE": "PLANTIO" }, "geometry": { "type": "Point", "coordinates": [ -57.711788022876178, -19.304101108766798 ] } },
{ "type": "Feature", "properties": { "CLASSE": "PLANTIO" }, "geometry": { "type": "Point", "coordinates": [ -57.711839279858744, -19.304089887941405 ] } },
{ "type": "Feature", "properties": { "CLASSE": "PLANTIO" }, "geometry": { "type": "Point", "coordinates": [ -57.711814402325849, -19.30407911682088 ] } },
{ "type": "Feature", "properties": { "CLASSE": "PLANTIO" }, "geometry": { "type": "Point", "coordinates": [ -57.711788415600154, -19.30406780938873 ] } },
{ "type": "Feature", "properties": { "CLASSE": "PLANTIO" }, "geometry": { "type": "Point", "coordinates": [ -57.711222031141226, -19.304129854966359 ] } },
{ "type": "Feature", "properties": { "CLASSE": "PLANTIO" }, "geometry": { "type": "Point", "coordinates": [ -57.711293574488408, -19.304125564234297 ] } },
{ "type": "Feature", "properties": { "CLASSE": "PLANTIO" }, "geometry": { "type": "Point", "coordinates": [ -57.711269995102903, -19.30411742788981 ] } },
{ "type": "Feature", "properties": { "CLASSE": "PLANTIO" }, "geometry": { "type": "Point", "coordinates": [ -57.711246922660813, -19.30410566300278 ] } },
{ "type": "Feature", "properties": { "CLASSE": "PLANTIO" }, "geometry": { "type": "Point", "coordinates": [ -57.711304767329629, -19.304095162125268 ] } },
{ "type": "Feature", "properties": { "CLASSE": "PLANTIO" }, "geometry": { "type": "Point", "coordinates": [ -57.711224243665448, -19.304095001118082 ] } },
{ "type": "Feature", "properties": { "CLASSE": "PLANTIO" }, "geometry": { "type": "Point", "coordinates": [ -57.711281987583149, -19.304085179859136 ] } },
{ "type": "Feature", "properties": { "CLASSE": "PLANTIO" }, "geometry": { "type": "Point", "coordinates": [ -57.711257917756939, -19.304073646490075 ] } },
{ "type": "Feature", "properties": { "CLASSE": "PLANTIO" }, "geometry": { "type": "Point", "coordinates": [ -57.711232320791368, -19.304064295824656 ] } },
{ "type": "Feature", "properties": { "CLASSE": "PLANTIO" }, "geometry": { "type": "Point", "coordinates": [ -57.711310256070171, -19.304063466285452 ] } },
{ "type": "Feature", "properties": { "CLASSE": "PLANTIO" }, "geometry": { "type": "Point", "coordinates": [ -57.711379453543799, -19.304097045715604 ] } },
{ "type": "Feature", "properties": { "CLASSE": "PLANTIO" }, "geometry": { "type": "Point", "coordinates": [ -57.711356219778835, -19.304085602558246 ] } },
{ "type": "Feature", "properties": { "CLASSE": "PLANTIO" }, "geometry": { "type": "Point", "coordinates": [ -57.711333153500739, -19.304076689902626 ] } },
{ "type": "Feature", "properties": { "CLASSE": "PLANTIO" }, "geometry": { "type": "Point", "coordinates": [ -57.711410497205122, -19.304073109837251 ] } },
{ "type": "Feature", "properties": { "CLASSE": "PLANTIO" }, "geometry": { "type": "Point", "coordinates": [ -57.711318537177, -19.304073572233168 ] } },
{ "type": "Feature", "properties": { "CLASSE": "PLANTIO" }, "geometry": { "type": "Point", "coordinates": [ -57.711388894639825, -19.304065263505841 ] } },
{ "type": "Feature", "properties": { "CLASSE": "PLANTIO" }, "geometry": { "type": "Point", "coordinates": [ -57.711363572575522, -19.304054654066451 ] } },
{ "type": "Feature", "properties": { "CLASSE": "PLANTIO" }, "geometry": { "type": "Point", "coordinates": [ -57.711342337790825, -19.304046707625911 ] } },
{ "type": "Feature", "properties": { "CLASSE": "PLANTIO" }, "geometry": { "type": "Point", "coordinates": [ -57.711397720699452, -19.304035375226071 ] } },
{ "type": "Feature", "properties": { "CLASSE": "PLANTIO" }, "geometry": { "type": "Point", "coordinates": [ -57.711296881112943, -19.304061416030677 ] } },
{ "type": "Feature", "properties": { "CLASSE": "PLANTIO" }, "geometry": { "type": "Point", "coordinates": [ -57.711209408464747, -19.304055851726137 ] } },
{ "type": "Feature", "properties": { "CLASSE": "PLANTIO" }, "geometry": { "type": "Point", "coordinates": [ -57.711285011181417, -19.30405058404396 ] } },
{ "type": "Feature", "properties": { "CLASSE": "PLANTIO" }, "geometry": { "type": "Point", "coordinates": [ -57.711264925955753, -19.304046145152356 ] } },
{ "type": "Feature", "properties": { "CLASSE": "PLANTIO" }, "geometry": { "type": "Point", "coordinates": [ -57.71124058816492, -19.304035541652439 ] } },
{ "type": "Feature", "properties": { "CLASSE": "PLANTIO" }, "geometry": { "type": "Point", "coordinates": [ -57.71121703456177, -19.304024946144239 ] } },
{ "type": "Feature", "properties": { "CLASSE": "PLANTIO" }, "geometry": { "type": "Point", "coordinates": [ -57.711295839127978, -19.304024275827008 ] } },
{ "type": "Feature", "properties": { "CLASSE": "PLANTIO" }, "geometry": { "type": "Point", "coordinates": [ -57.711273955078681, -19.304014067007568 ] } },
{ "type": "Feature", "properties": { "CLASSE": "PLANTIO" }, "geometry": { "type": "Point", "coordinates": [ -57.711252075022756, -19.304001944339024 ] } },
{ "type": "Feature", "properties": { "CLASSE": "PLANTIO" }, "geometry": { "type": "Point", "coordinates": [ -57.711227634006278, -19.303993624777664 ] } },
{ "type": "Feature", "properties": { "CLASSE": "PLANTIO" }, "geometry": { "type": "Point", "coordinates": [ -57.711318576144535, -19.304035206299879 ] } },
{ "type": "Feature", "properties": { "CLASSE": "PLANTIO" }, "geometry": { "type": "Point", "coordinates": [ -57.711369955172536, -19.304017885375291 ] } },
{ "type": "Feature", "properties": { "CLASSE": "PLANTIO" }, "geometry": { "type": "Point", "coordinates": [ -57.711343350480213, -19.304006380954974 ] } },
{ "type": "Feature", "properties": { "CLASSE": "PLANTIO" }, "geometry": { "type": "Point", "coordinates": [ -57.711404705754212, -19.304002156391917 ] } },
{ "type": "Feature", "properties": { "CLASSE": "PLANTIO" }, "geometry": { "type": "Point", "coordinates": [ -57.711317268678947, -19.303991489787268 ] } },
{ "type": "Feature", "properties": { "CLASSE": "PLANTIO" }, "geometry": { "type": "Point", "coordinates": [ -57.711379856548206, -19.303989610493883 ] } },
{ "type": "Feature", "properties": { "CLASSE": "PLANTIO" }, "geometry": { "type": "Point", "coordinates": [ -57.711355541887883, -19.303977940148538 ] } },
{ "type": "Feature", "properties": { "CLASSE": "PLANTIO" }, "geometry": { "type": "Point", "coordinates": [ -57.711409558735625, -19.303970244437156 ] } },
{ "type": "Feature", "properties": { "CLASSE": "PLANTIO" }, "geometry": { "type": "Point", "coordinates": [ -57.711332403040956, -19.303966801812837 ] } },
{ "type": "Feature", "properties": { "CLASSE": "PLANTIO" }, "geometry": { "type": "Point", "coordinates": [ -57.711395257340307, -19.303964718976751 ] } },
{ "type": "Feature", "properties": { "CLASSE": "PLANTIO" }, "geometry": { "type": "Point", "coordinates": [ -57.711268507234621, -19.303974442061232 ] } },
{ "type": "Feature", "properties": { "CLASSE": "PLANTIO" }, "geometry": { "type": "Point", "coordinates": [ -57.711241983430476, -19.30395978851621 ] } },
{ "type": "Feature", "properties": { "CLASSE": "PLANTIO" }, "geometry": { "type": "Point", "coordinates": [ -57.71130497071605, -19.303956633479558 ] } },
{ "type": "Feature", "properties": { "CLASSE": "PLANTIO" }, "geometry": { "type": "Point", "coordinates": [ -57.711280593614035, -19.303945544352636 ] } },
{ "type": "Feature", "properties": { "CLASSE": "PLANTIO" }, "geometry": { "type": "Point", "coordinates": [ -57.711256250774383, -19.303934370793566 ] } },
{ "type": "Feature", "properties": { "CLASSE": "PLANTIO" }, "geometry": { "type": "Point", "coordinates": [ -57.711304597948484, -19.303919484044012 ] } },
{ "type": "Feature", "properties": { "CLASSE": "PLANTIO" }, "geometry": { "type": "Point", "coordinates": [ -57.711285648748969, -19.30391327588935 ] } },
{ "type": "Feature", "properties": { "CLASSE": "PLANTIO" }, "geometry": { "type": "Point", "coordinates": [ -57.71139136773126, -19.303954707913658 ] } },
{ "type": "Feature", "properties": { "CLASSE": "PLANTIO" }, "geometry": { "type": "Point", "coordinates": [ -57.711372490297549, -19.303950780951638 ] } },
{ "type": "Feature", "properties": { "CLASSE": "PLANTIO" }, "geometry": { "type": "Point", "coordinates": [ -57.711352540194021, -19.303939391867615 ] } },
{ "type": "Feature", "properties": { "CLASSE": "PLANTIO" }, "geometry": { "type": "Point", "coordinates": [ -57.711408969969867, -19.303931664318341 ] } },
{ "type": "Feature", "properties": { "CLASSE": "PLANTIO" }, "geometry": { "type": "Point", "coordinates": [ -57.711329018299359, -19.303930473358673 ] } },
{ "type": "Feature", "properties": { "CLASSE": "PLANTIO" }, "geometry": { "type": "Point", "coordinates": [ -57.711384567895443, -19.303922080291926 ] } },
{ "type": "Feature", "properties": { "CLASSE": "PLANTIO" }, "geometry": { "type": "Point", "coordinates": [ -57.71135816630165, -19.303912081996806 ] } },
{ "type": "Feature", "properties": { "CLASSE": "PLANTIO" }, "geometry": { "type": "Point", "coordinates": [ -57.711333847091879, -19.303900958558042 ] } },
{ "type": "Feature", "properties": { "CLASSE": "PLANTIO" }, "geometry": { "type": "Point", "coordinates": [ -57.711311077134297, -19.303889538867452 ] } },
{ "type": "Feature", "properties": { "CLASSE": "PLANTIO" }, "geometry": { "type": "Point", "coordinates": [ -57.711383506719741, -19.303886519277324 ] } },
{ "type": "Feature", "properties": { "CLASSE": "PLANTIO" }, "geometry": { "type": "Point", "coordinates": [ -57.711287545890535, -19.303880672314332 ] } },
{ "type": "Feature", "properties": { "CLASSE": "PLANTIO" }, "geometry": { "type": "Point", "coordinates": [ -57.711360137660989, -19.30387714694562 ] } },
{ "type": "Feature", "properties": { "CLASSE": "PLANTIO" }, "geometry": { "type": "Point", "coordinates": [ -57.711335905842212, -19.303866887077142 ] } },
{ "type": "Feature", "properties": { "CLASSE": "PLANTIO" }, "geometry": { "type": "Point", "coordinates": [ -57.71131309902789, -19.303857380339039 ] } },
{ "type": "Feature", "properties": { "CLASSE": "PLANTIO" }, "geometry": { "type": "Point", "coordinates": [ -57.711669816272398, -19.304012981742712 ] } },
{ "type": "Feature", "properties": { "CLASSE": "PLANTIO" }, "geometry": { "type": "Point", "coordinates": [ -57.711648160809709, -19.304004429314485 ] } },
{ "type": "Feature", "properties": { "CLASSE": "PLANTIO" }, "geometry": { "type": "Point", "coordinates": [ -57.711637735637844, -19.303997744099586 ] } },
{ "type": "Feature", "properties": { "CLASSE": "PLANTIO" }, "geometry": { "type": "Point", "coordinates": [ -57.711621534833668, -19.303993825343618 ] } },
{ "type": "Feature", "properties": { "CLASSE": "PLANTIO" }, "geometry": { "type": "Point", "coordinates": [ -57.711552815655502, -19.303994253247268 ] } },
{ "type": "Feature", "properties": { "CLASSE": "PLANTIO" }, "geometry": { "type": "Point", "coordinates": [ -57.711541410041676, -19.303993401478454 ] } },
{ "type": "Feature", "properties": { "CLASSE": "PLANTIO" }, "geometry": { "type": "Point", "coordinates": [ -57.711527178210076, -19.303985029118277 ] } },
{ "type": "Feature", "properties": { "CLASSE": "PLANTIO" }, "geometry": { "type": "Point", "coordinates": [ -57.711597552859892, -19.303983148469015 ] } },
{ "type": "Feature", "properties": { "CLASSE": "PLANTIO" }, "geometry": { "type": "Point", "coordinates": [ -57.711575393135732, -19.30397331152551 ] } },
{ "type": "Feature", "properties": { "CLASSE": "PLANTIO" }, "geometry": { "type": "Point", "coordinates": [ -57.71155243307431, -19.303961502944816 ] } },
{ "type": "Feature", "properties": { "CLASSE": "PLANTIO" }, "geometry": { "type": "Point", "coordinates": [ -57.711531085414919, -19.303954716098808 ] } },
{ "type": "Feature", "properties": { "CLASSE": "PLANTIO" }, "geometry": { "type": "Point", "coordinates": [ -57.711512219397491, -19.303947278215109 ] } },
{ "type": "Feature", "properties": { "CLASSE": "PLANTIO" }, "geometry": { "type": "Point", "coordinates": [ -57.711453027270842, -19.303955335639106 ] } },
{ "type": "Feature", "properties": { "CLASSE": "PLANTIO" }, "geometry": { "type": "Point", "coordinates": [ -57.711430321219957, -19.303943737312775 ] } },
{ "type": "Feature", "properties": { "CLASSE": "PLANTIO" }, "geometry": { "type": "Point", "coordinates": [ -57.711455035577124, -19.303920923998295 ] } },
{ "type": "Feature", "properties": { "CLASSE": "PLANTIO" }, "geometry": { "type": "Point", "coordinates": [ -57.711434831023936, -19.303917442667949 ] } },
{ "type": "Feature", "properties": { "CLASSE": "PLANTIO" }, "geometry": { "type": "Point", "coordinates": [ -57.711429317221992, -19.303908720086135 ] } },
{ "type": "Feature", "properties": { "CLASSE": "REPLANTIO" }, "geometry": { "type": "Point", "coordinates": [ -57.711863398642166, -19.304100525386225 ] } },
{ "type": "Feature", "properties": { "CLASSE": "REPLANTIO" }, "geometry": { "type": "Point", "coordinates": [ -57.711483627485485, -19.303934101108979 ] } },
{ "type": "Feature", "properties": { "CLASSE": "REPLANTIO" }, "geometry": { "type": "Point", "coordinates": [ -57.711406411969627, -19.30389761968317 ] } },
{ "type": "Feature", "properties": { "CLASSE": "REPLANTIO" }, "geometry": { "type": "Point", "coordinates": [ -57.712072563424023, -19.304294435858772 ] } },
{ "type": "Feature", "properties": { "CLASSE": "REPLANTIO" }, "geometry": { "type": "Point", "coordinates": [ -57.711824970260025, -19.304183375510924 ] } },
{ "type": "Feature", "properties": { "CLASSE": "REPLANTIO" }, "geometry": { "type": "Point", "coordinates": [ -57.711577204952974, -19.30407466908132 ] } },
{ "type": "Feature", "properties": { "CLASSE": "REPLANTIO" }, "geometry": { "type": "Point", "coordinates": [ -57.711453976693093, -19.304021041820054 ] } },
{ "type": "Feature", "properties": { "CLASSE": "REPLANTIO" }, "geometry": { "type": "Point", "coordinates": [ -57.712150417055206, -19.304291581158509 ] } },
{ "type": "Feature", "properties": { "CLASSE": "REPLANTIO" }, "geometry": { "type": "Point", "coordinates": [ -57.711996414828683, -19.304439246284467 ] } },
{ "type": "Feature", "properties": { "CLASSE": "REPLANTIO" }, "geometry": { "type": "Point", "coordinates": [ -57.711371573800321, -19.304336709989553 ] } },
{ "type": "Feature", "properties": { "CLASSE": "REPLANTIO" }, "geometry": { "type": "Point", "coordinates": [ -57.711540610368317, -19.304445084821232 ] } },
{ "type": "Feature", "properties": { "CLASSE": "REPLANTIO" }, "geometry": { "type": "Point", "coordinates": [ -57.711471830556569, -19.304413901588653 ] } },
{ "type": "Feature", "properties": { "CLASSE": "REPLANTIO" }, "geometry": { "type": "Point", "coordinates": [ -57.711506178535693, -19.304464237493765 ] } },
{ "type": "Feature", "properties": { "CLASSE": "REPLANTIO" }, "geometry": { "type": "Point", "coordinates": [ -57.711921013177744, -19.30468081506212 ] } },
{ "type": "Feature", "properties": { "CLASSE": "REPLANTIO" }, "geometry": { "type": "Point", "coordinates": [ -57.711492759914634, -19.304489468732005 ] } },
{ "type": "Feature", "properties": { "CLASSE": "REPLANTIO" }, "geometry": { "type": "Point", "coordinates": [ -57.711081770829352, -19.304483610671564 ] } },
{ "type": "Feature", "properties": { "CLASSE": "REPLANTIO" }, "geometry": { "type": "Point", "coordinates": [ -57.711081988214467, -19.304521778656156 ] } },
{ "type": "Feature", "properties": { "CLASSE": "REPLANTIO" }, "geometry": { "type": "Point", "coordinates": [ -57.711292887955835, -19.303982965925851 ] } },
{ "type": "Feature", "properties": { "CLASSE": "REPLANTIO" }, "geometry": { "type": "Point", "coordinates": [ -57.711521949387389, -19.304086210556143 ] } },
{ "type": "Feature", "properties": { "CLASSE": "REPLANTIO" }, "geometry": { "type": "Point", "coordinates": [ -57.711573444846209, -19.304108631476879 ] } }
]
}
