{
"type": "FeatureCollection",
"name": "amostra3",
"crs": { "type": "name", "properties": { "name": "urn:ogc:def:crs:OGC:1.3:CRS84" } },
"features": [
{ "type": "Feature", "properties": { "CLASSE": "PLANTIO" }, "geometry": { "type": "Point", "coordinates": [ -59.950114180665913, -3.134663092077012 ] } },
{ "type": "Feature", "properties": { "CLASSE": "PLANTIO" }, "geometry": { "type": "Point", "coordinates": [ -59.949987354799212, -3.13467514120979 ] } },
{ "type": "Feature", "properties": { "CLASSE": "PLANTIO" }, "geometry": { "type": "Point", "coordinates": [ -59.9502447684877, -3.134678933041762 ] } },
{ "type": "Feature", "properties": { "CLASSE": "PLANTIO" }, "geometry": { "type": "Point", "coordinates": [ -59.950050723497903, -3.134702593186653 ] } },
{ "type": "Feature", "properties": { "CLASSE": "PLANTIO" }, "geometry": { "type": "Point", "coordinates": [ -59.950179626161606, -3.13470019510045 ] } },
{ "type": "Feature", "properties": { "CLASSE": "PLANTIO" }, "geometry": { "type": "Point", "coordinates": [ -59.9501132168648, -3.134711993677406 ] } },
{ "type": "Feature", "properties": { "CLASSE": "PLANTIO" }, "geometry": { "type": "Point", "coordinates": [ -59.950243394662117, -3.134729377152631 ] } },
{ "type": "Feature", "properties": { "CLASSE": "PLANTIO" }, "geometry": { "type": "Point", "coordinates": [ -59.950048988819567, -3.134751807461654 ] } },
{ "type": "Feature", "properties": { "CLASSE": "PLANTIO" }, "geometry": { "type": "Point", "coordinates": [ -59.950179150311605, -3.134748554736632 ] } },
{ "type": "Feature", "properties": { "CLASSE": "PLANTIO" }, "geometry": { "type": "Point", "coordinates": [ -59.95011404903331, -3.134756726330707 ] } },
{ "type": "Feature", "properties": { "CLASSE": "PLANTIO" }, "geometry": { "type": "Point", "coordinates": [ -59.950244050512048, -3.134778653946285 ] } },
{ "type": "Feature", "properties": { "CLASSE": "PLANTIO" }, "geometry": { "type": "Point", "coordinates": [ -59.949587252836956, -3.134728193502539 ] } },
{ "type": "Feature", "properties": { "CLASSE": "PLANTIO" }, "geometry": { "type": "Point", "coordinates": [ -59.949920123304388, -3.134703615494296 ] } },
{ "type": "Feature", "properties": { "CLASSE": "PLANTIO" }, "geometry": { "type": "Point", "coordinates": [ -59.949791267751529, -3.13471683187764 ] } },
{ "type": "Feature", "properties": { "CLASSE": "PLANTIO" }, "geometry": { "type": "Point", "coordinates": [ -59.949662597744798, -3.134729026828289 ] } },
{ "type": "Feature", "properties": { "CLASSE": "PLANTIO" }, "geometry": { "type": "Point", "coordinates": [ -59.94985790863138, -3.134721625709645 ] } },
{ "type": "Feature", "properties": { "CLASSE": "PLANTIO" }, "geometry": { "type": "Point", "coordinates": [ -59.9497277450428, -3.134738469052323 ] } },
{ "type": "Feature", "properties": { "CLASSE": "PLANTIO" }, "geometry": { "type": "Point", "coordinates": [ -59.94998642993145, -3.134724543080132 ] } },
{ "type": "Feature", "properties": { "CLASSE": "PLANTIO" }, "geometry": { "type": "Point", "coordinates": [ -59.949921754999728, -3.134751808355347 ] } },
{ "type": "Feature", "properties": { "CLASSE": "PLANTIO" }, "geometry": { "type": "Point", "coordinates": [ -59.949791240843062, -3.134764149272492 ] } },
{ "type": "Feature", "properties": { "CLASSE": "PLANTIO" }, "geometry": { "type": "Point", "coordinates": [ -59.949658433559982, -3.134777678305937 ] } },
{ "type": "Feature", "properties": { "CLASSE": "PLANTIO" }, "geometry": { "type": "Point", "coordinates": [ -59.949857276935042, -3.13476798425463 ] } },
{ "type": "Feature", "properties": { "CLASSE": "PLANTIO" }, "geometry": { "type": "Point", "coordinates": [ -59.949724068810589, -3.134786578566967 ] } },
{ "type": "Feature", "properties": { "CLASSE": "PLANTIO" }, "geometry": { "type": "Point", "coordinates": [ -59.949986070907364, -3.13477440352905 ] } },
{ "type": "Feature", "properties": { "CLASSE": "PLANTIO" }, "geometry": { "type": "Point", "coordinates": [ -59.949791701877238, -3.134810924702734 ] } },
{ "type": "Feature", "properties": { "CLASSE": "PLANTIO" }, "geometry": { "type": "Point", "coordinates": [ -59.949922039713023, -3.134803127925721 ] } },
{ "type": "Feature", "properties": { "CLASSE": "PLANTIO" }, "geometry": { "type": "Point", "coordinates": [ -59.949657469692845, -3.134826579899645 ] } },
{ "type": "Feature", "properties": { "CLASSE": "PLANTIO" }, "geometry": { "type": "Point", "coordinates": [ -59.949452125905559, -3.134725547020558 ] } },
{ "type": "Feature", "properties": { "CLASSE": "PLANTIO" }, "geometry": { "type": "Point", "coordinates": [ -59.949321160639435, -3.134752520739248 ] } },
{ "type": "Feature", "properties": { "CLASSE": "PLANTIO" }, "geometry": { "type": "Point", "coordinates": [ -59.949523117188328, -3.134738553682496 ] } },
{ "type": "Feature", "properties": { "CLASSE": "PLANTIO" }, "geometry": { "type": "Point", "coordinates": [ -59.949384305848902, -3.134773698576737 ] } },
{ "type": "Feature", "properties": { "CLASSE": "PLANTIO" }, "geometry": { "type": "Point", "coordinates": [ -59.949250405836601, -3.134786810584131 ] } },
{ "type": "Feature", "properties": { "CLASSE": "PLANTIO" }, "geometry": { "type": "Point", "coordinates": [ -59.94945217685278, -3.134773864955108 ] } },
{ "type": "Feature", "properties": { "CLASSE": "PLANTIO" }, "geometry": { "type": "Point", "coordinates": [ -59.949587625675015, -3.134777240999945 ] } },
{ "type": "Feature", "properties": { "CLASSE": "PLANTIO" }, "geometry": { "type": "Point", "coordinates": [ -59.949522290697637, -3.134782410864439 ] } },
{ "type": "Feature", "properties": { "CLASSE": "PLANTIO" }, "geometry": { "type": "Point", "coordinates": [ -59.949321172618205, -3.134800338400495 ] } },
{ "type": "Feature", "properties": { "CLASSE": "PLANTIO" }, "geometry": { "type": "Point", "coordinates": [ -59.949248798169954, -3.134834253048879 ] } },
{ "type": "Feature", "properties": { "CLASSE": "PLANTIO" }, "geometry": { "type": "Point", "coordinates": [ -59.949382599755189, -3.134826685725031 ] } },
{ "type": "Feature", "properties": { "CLASSE": "PLANTIO" }, "geometry": { "type": "Point", "coordinates": [ -59.949450276018403, -3.134824350745767 ] } },
{ "type": "Feature", "properties": { "CLASSE": "PLANTIO" }, "geometry": { "type": "Point", "coordinates": [ -59.949590643257103, -3.134822807422182 ] } },
{ "type": "Feature", "properties": { "CLASSE": "PLANTIO" }, "geometry": { "type": "Point", "coordinates": [ -59.949520311972172, -3.134831896112765 ] } },
{ "type": "Feature", "properties": { "CLASSE": "PLANTIO" }, "geometry": { "type": "Point", "coordinates": [ -59.949317457379998, -3.134847947634789 ] } },
{ "type": "Feature", "properties": { "CLASSE": "PLANTIO" }, "geometry": { "type": "Point", "coordinates": [ -59.948919219895807, -3.13477174146135 ] } },
{ "type": "Feature", "properties": { "CLASSE": "PLANTIO" }, "geometry": { "type": "Point", "coordinates": [ -59.948787923542177, -3.134794462688689 ] } },
{ "type": "Feature", "properties": { "CLASSE": "PLANTIO" }, "geometry": { "type": "Point", "coordinates": [ -59.949046765249896, -3.134775743065099 ] } },
{ "type": "Feature", "properties": { "CLASSE": "PLANTIO" }, "geometry": { "type": "Point", "coordinates": [ -59.948979400603612, -3.134782080149698 ] } },
{ "type": "Feature", "properties": { "CLASSE": "PLANTIO" }, "geometry": { "type": "Point", "coordinates": [ -59.948852047839658, -3.134794170602824 ] } },
{ "type": "Feature", "properties": { "CLASSE": "PLANTIO" }, "geometry": { "type": "Point", "coordinates": [ -59.949178622075642, -3.134787457132269 ] } },
{ "type": "Feature", "properties": { "CLASSE": "PLANTIO" }, "geometry": { "type": "Point", "coordinates": [ -59.949110691580053, -3.13479333565946 ] } },
{ "type": "Feature", "properties": { "CLASSE": "PLANTIO" }, "geometry": { "type": "Point", "coordinates": [ -59.94891874387536, -3.134820101081374 ] } },
{ "type": "Feature", "properties": { "CLASSE": "PLANTIO" }, "geometry": { "type": "Point", "coordinates": [ -59.948788608944064, -3.134840716991441 ] } },
{ "type": "Feature", "properties": { "CLASSE": "PLANTIO" }, "geometry": { "type": "Point", "coordinates": [ -59.949047420935223, -3.134825019846652 ] } },
{ "type": "Feature", "properties": { "CLASSE": "PLANTIO" }, "geometry": { "type": "Point", "coordinates": [ -59.948848595988672, -3.134841758981693 ] } },
{ "type": "Feature", "properties": { "CLASSE": "PLANTIO" }, "geometry": { "type": "Point", "coordinates": [ -59.948978260295213, -3.134835525871239 ] } },
{ "type": "Feature", "properties": { "CLASSE": "PLANTIO" }, "geometry": { "type": "Point", "coordinates": [ -59.949177774992897, -3.134837859534436 ] } },
{ "type": "Feature", "properties": { "CLASSE": "PLANTIO" }, "geometry": { "type": "Point", "coordinates": [ -59.949110527181169, -3.134845697455795 ] } },
{ "type": "Feature", "properties": { "CLASSE": "PLANTIO" }, "geometry": { "type": "Point", "coordinates": [ -59.948919692740539, -3.134866334539495 ] } },
{ "type": "Feature", "properties": { "CLASSE": "PLANTIO" }, "geometry": { "type": "Point", "coordinates": [ -59.948786708015042, -3.134891202770781 ] } },
{ "type": "Feature", "properties": { "CLASSE": "PLANTIO" }, "geometry": { "type": "Point", "coordinates": [ -59.94904378355951, -3.134873629618703 ] } },
{ "type": "Feature", "properties": { "CLASSE": "PLANTIO" }, "geometry": { "type": "Point", "coordinates": [ -59.948846256348808, -3.134890014384972 ] } },
{ "type": "Feature", "properties": { "CLASSE": "PLANTIO" }, "geometry": { "type": "Point", "coordinates": [ -59.948528009665672, -3.13480622002713 ] } },
{ "type": "Feature", "properties": { "CLASSE": "PLANTIO" }, "geometry": { "type": "Point", "coordinates": [ -59.948658892723508, -3.13480542747353 ] } },
{ "type": "Feature", "properties": { "CLASSE": "PLANTIO" }, "geometry": { "type": "Point", "coordinates": [ -59.948389092801214, -3.134829795774969 ] } },
{ "type": "Feature", "properties": { "CLASSE": "PLANTIO" }, "geometry": { "type": "Point", "coordinates": [ -59.948453850551466, -3.134834235490352 ] } },
{ "type": "Feature", "properties": { "CLASSE": "PLANTIO" }, "geometry": { "type": "Point", "coordinates": [ -59.948723444376178, -3.134817433757675 ] } },
{ "type": "Feature", "properties": { "CLASSE": "PLANTIO" }, "geometry": { "type": "Point", "coordinates": [ -59.948595583103405, -3.134836611313006 ] } },
{ "type": "Feature", "properties": { "CLASSE": "PLANTIO" }, "geometry": { "type": "Point", "coordinates": [ -59.948528509483999, -3.134853495716499 ] } },
{ "type": "Feature", "properties": { "CLASSE": "PLANTIO" }, "geometry": { "type": "Point", "coordinates": [ -59.948660446348875, -3.134852619781689 ] } },
{ "type": "Feature", "properties": { "CLASSE": "PLANTIO" }, "geometry": { "type": "Point", "coordinates": [ -59.948384850546283, -3.134877446680733 ] } },
{ "type": "Feature", "properties": { "CLASSE": "PLANTIO" }, "geometry": { "type": "Point", "coordinates": [ -59.948451754833123, -3.134882219905471 ] } },
{ "type": "Feature", "properties": { "CLASSE": "PLANTIO" }, "geometry": { "type": "Point", "coordinates": [ -59.948723474665748, -3.134872296907631 ] } },
{ "type": "Feature", "properties": { "CLASSE": "PLANTIO" }, "geometry": { "type": "Point", "coordinates": [ -59.948596238725038, -3.134885888089912 ] } },
{ "type": "Feature", "properties": { "CLASSE": "PLANTIO" }, "geometry": { "type": "Point", "coordinates": [ -59.948529204044668, -3.134903272764404 ] } },
{ "type": "Feature", "properties": { "CLASSE": "PLANTIO" }, "geometry": { "type": "Point", "coordinates": [ -59.948657862710753, -3.134901146163138 ] } },
{ "type": "Feature", "properties": { "CLASSE": "PLANTIO" }, "geometry": { "type": "Point", "coordinates": [ -59.948384325220211, -3.134928578633662 ] } },
{ "type": "Feature", "properties": { "CLASSE": "PLANTIO" }, "geometry": { "type": "Point", "coordinates": [ -59.95004855190107, -3.134800667367799 ] } },
{ "type": "Feature", "properties": { "CLASSE": "PLANTIO" }, "geometry": { "type": "Point", "coordinates": [ -59.950178596557386, -3.134795913829088 ] } },
{ "type": "Feature", "properties": { "CLASSE": "PLANTIO" }, "geometry": { "type": "Point", "coordinates": [ -59.950111699298013, -3.134808254369283 ] } },
{ "type": "Feature", "properties": { "CLASSE": "PLANTIO" }, "geometry": { "type": "Point", "coordinates": [ -59.950240413296477, -3.134827263743318 ] } },
{ "type": "Feature", "properties": { "CLASSE": "PLANTIO" }, "geometry": { "type": "Point", "coordinates": [ -59.950044758854922, -3.13484727607365 ] } },
{ "type": "Feature", "properties": { "CLASSE": "PLANTIO" }, "geometry": { "type": "Point", "coordinates": [ -59.950176833206378, -3.134841355221013 ] } },
{ "type": "Feature", "properties": { "CLASSE": "PLANTIO" }, "geometry": { "type": "Point", "coordinates": [ -59.95011175032986, -3.134856572311143 ] } },
{ "type": "Feature", "properties": { "CLASSE": "PLANTIO" }, "geometry": { "type": "Point", "coordinates": [ -59.950240093254202, -3.134877624467038 ] } },
{ "type": "Feature", "properties": { "CLASSE": "PLANTIO" }, "geometry": { "type": "Point", "coordinates": [ -59.950042819148116, -3.134897261602319 ] } },
{ "type": "Feature", "properties": { "CLASSE": "PLANTIO" }, "geometry": { "type": "Point", "coordinates": [ -59.950177644847393, -3.13489263310084 ] } },
{ "type": "Feature", "properties": { "CLASSE": "PLANTIO" }, "geometry": { "type": "Point", "coordinates": [ -59.950113343094593, -3.134904264901586 ] } },
{ "type": "Feature", "properties": { "CLASSE": "PLANTIO" }, "geometry": { "type": "Point", "coordinates": [ -59.950239383698069, -3.134922982472965 ] } },
{ "type": "Feature", "properties": { "CLASSE": "PLANTIO" }, "geometry": { "type": "Point", "coordinates": [ -59.95004331916082, -3.13494453730663 ] } },
{ "type": "Feature", "properties": { "CLASSE": "PLANTIO" }, "geometry": { "type": "Point", "coordinates": [ -59.95017837858439, -3.134942910437069 ] } },
{ "type": "Feature", "properties": { "CLASSE": "PLANTIO" }, "geometry": { "type": "Point", "coordinates": [ -59.950111852387899, -3.134953208194574 ] } },
{ "type": "Feature", "properties": { "CLASSE": "PLANTIO" }, "geometry": { "type": "Point", "coordinates": [ -59.950238907847044, -3.134971342109388 ] } },
{ "type": "Feature", "properties": { "CLASSE": "PLANTIO" }, "geometry": { "type": "Point", "coordinates": [ -59.950042394289291, -3.134993939177093 ] } },
{ "type": "Feature", "properties": { "CLASSE": "PLANTIO" }, "geometry": { "type": "Point", "coordinates": [ -59.950175639338589, -3.134989435758676 ] } },
{ "type": "Feature", "properties": { "CLASSE": "PLANTIO" }, "geometry": { "type": "Point", "coordinates": [ -59.950111903414118, -3.135001526136115 ] } },
{ "type": "Feature", "properties": { "CLASSE": "PLANTIO" }, "geometry": { "type": "Point", "coordinates": [ -59.950238431994059, -3.135019701745698 ] } },
{ "type": "Feature", "properties": { "CLASSE": "PLANTIO" }, "geometry": { "type": "Point", "coordinates": [ -59.950304312347534, -3.135021535570374 ] } },
{ "type": "Feature", "properties": { "CLASSE": "PLANTIO" }, "geometry": { "type": "Point", "coordinates": [ -59.950041508366347, -3.135043841319217 ] } },
{ "type": "Feature", "properties": { "CLASSE": "PLANTIO" }, "geometry": { "type": "Point", "coordinates": [ -59.950177193156215, -3.135036628077579 ] } },
{ "type": "Feature", "properties": { "CLASSE": "PLANTIO" }, "geometry": { "type": "Point", "coordinates": [ -59.950110217948229, -3.135047968070033 ] } },
{ "type": "Feature", "properties": { "CLASSE": "PLANTIO" }, "geometry": { "type": "Point", "coordinates": [ -59.950240024770004, -3.13506739433678 ] } },
{ "type": "Feature", "properties": { "CLASSE": "PLANTIO" }, "geometry": { "type": "Point", "coordinates": [ -59.950304695536168, -3.135067310461707 ] } },
{ "type": "Feature", "properties": { "CLASSE": "PLANTIO" }, "geometry": { "type": "Point", "coordinates": [ -59.950042271821253, -3.135091096176694 ] } },
{ "type": "Feature", "properties": { "CLASSE": "PLANTIO" }, "geometry": { "type": "Point", "coordinates": [ -59.950173711723302, -3.135087238959528 ] } },
{ "type": "Feature", "properties": { "CLASSE": "PLANTIO" }, "geometry": { "type": "Point", "coordinates": [ -59.950111156691243, -3.135097474151046 ] } },
{ "type": "Feature", "properties": { "CLASSE": "PLANTIO" }, "geometry": { "type": "Point", "coordinates": [ -59.950302815335966, -3.135111251039611 ] } },
{ "type": "Feature", "properties": { "CLASSE": "PLANTIO" }, "geometry": { "type": "Point", "coordinates": [ -59.950236953386387, -3.135116462711309 ] } },
{ "type": "Feature", "properties": { "CLASSE": "PLANTIO" }, "geometry": { "type": "Point", "coordinates": [ -59.950038859060705, -3.135139184850303 ] } },
{ "type": "Feature", "properties": { "CLASSE": "PLANTIO" }, "geometry": { "type": "Point", "coordinates": [ -59.950174289648125, -3.135135515208248 ] } },
{ "type": "Feature", "properties": { "CLASSE": "PLANTIO" }, "geometry": { "type": "Point", "coordinates": [ -59.9501074312738, -3.13514835601385 ] } },
{ "type": "Feature", "properties": { "CLASSE": "PLANTIO" }, "geometry": { "type": "Point", "coordinates": [ -59.950306300413878, -3.135162820724858 ] } },
{ "type": "Feature", "properties": { "CLASSE": "PLANTIO" }, "geometry": { "type": "Point", "coordinates": [ -59.95023727708061, -3.135168282556279 ] } },
{ "type": "Feature", "properties": { "CLASSE": "PLANTIO" }, "geometry": { "type": "Point", "coordinates": [ -59.949856878940814, -3.134817344430061 ] } },
{ "type": "Feature", "properties": { "CLASSE": "PLANTIO" }, "geometry": { "type": "Point", "coordinates": [ -59.949724490884812, -3.134832853724788 ] } },
{ "type": "Feature", "properties": { "CLASSE": "PLANTIO" }, "geometry": { "type": "Point", "coordinates": [ -59.949984268582519, -3.134819344646289 ] } },
{ "type": "Feature", "properties": { "CLASSE": "PLANTIO" }, "geometry": { "type": "Point", "coordinates": [ -59.949788025649873, -3.134859034218543 ] } },
{ "type": "Feature", "properties": { "CLASSE": "PLANTIO" }, "geometry": { "type": "Point", "coordinates": [ -59.949919983139218, -3.134851612637156 ] } },
{ "type": "Feature", "properties": { "CLASSE": "PLANTIO" }, "geometry": { "type": "Point", "coordinates": [ -59.949657823061479, -3.1348753772618 ] } },
{ "type": "Feature", "properties": { "CLASSE": "PLANTIO" }, "geometry": { "type": "Point", "coordinates": [ -59.949853241672209, -3.13486595421891 ] } },
{ "type": "Feature", "properties": { "CLASSE": "PLANTIO" }, "geometry": { "type": "Point", "coordinates": [ -59.949723859167129, -3.134879212267833 ] } },
{ "type": "Feature", "properties": { "CLASSE": "PLANTIO" }, "geometry": { "type": "Point", "coordinates": [ -59.949980631330654, -3.134867954437816 ] } },
{ "type": "Feature", "properties": { "CLASSE": "PLANTIO" }, "geometry": { "type": "Point", "coordinates": [ -59.949788759333991, -3.134909311550906 ] } },
{ "type": "Feature", "properties": { "CLASSE": "PLANTIO" }, "geometry": { "type": "Point", "coordinates": [ -59.94991845345816, -3.134900055655528 ] } },
{ "type": "Feature", "properties": { "CLASSE": "PLANTIO" }, "geometry": { "type": "Point", "coordinates": [ -59.949653952061645, -3.134920985415839 ] } },
{ "type": "Feature", "properties": { "CLASSE": "PLANTIO" }, "geometry": { "type": "Point", "coordinates": [ -59.949854795451806, -3.134913146535688 ] } },
{ "type": "Feature", "properties": { "CLASSE": "PLANTIO" }, "geometry": { "type": "Point", "coordinates": [ -59.949722485260686, -3.13492965637014 ] } },
{ "type": "Feature", "properties": { "CLASSE": "PLANTIO" }, "geometry": { "type": "Point", "coordinates": [ -59.949981131336337, -3.134915230141523 ] } },
{ "type": "Feature", "properties": { "CLASSE": "PLANTIO" }, "geometry": { "type": "Point", "coordinates": [ -59.949787307534102, -3.134958755110631 ] } },
{ "type": "Feature", "properties": { "CLASSE": "PLANTIO" }, "geometry": { "type": "Point", "coordinates": [ -59.949652694994704, -3.134972930332225 ] } },
{ "type": "Feature", "properties": { "CLASSE": "PLANTIO" }, "geometry": { "type": "Point", "coordinates": [ -59.949917546986207, -3.134956503021954 ] } },
{ "type": "Feature", "properties": { "CLASSE": "PLANTIO" }, "geometry": { "type": "Point", "coordinates": [ -59.949855529143171, -3.134963423868626 ] } },
{ "type": "Feature", "properties": { "CLASSE": "PLANTIO" }, "geometry": { "type": "Point", "coordinates": [ -59.949979913267036, -3.134967675334778 ] } },
{ "type": "Feature", "properties": { "CLASSE": "PLANTIO" }, "geometry": { "type": "Point", "coordinates": [ -59.949789017104003, -3.135007948513788 ] } },
{ "type": "Feature", "properties": { "CLASSE": "PLANTIO" }, "geometry": { "type": "Point", "coordinates": [ -59.949652668058413, -3.135020247725052 ] } },
{ "type": "Feature", "properties": { "CLASSE": "PLANTIO" }, "geometry": { "type": "Point", "coordinates": [ -59.949918944968367, -3.13500169425204 ] } },
{ "type": "Feature", "properties": { "CLASSE": "PLANTIO" }, "geometry": { "type": "Point", "coordinates": [ -59.949854819535851, -3.135008781869494 ] } },
{ "type": "Feature", "properties": { "CLASSE": "PLANTIO" }, "geometry": { "type": "Point", "coordinates": [ -59.949722587209415, -3.135026292244412 ] } },
{ "type": "Feature", "properties": { "CLASSE": "PLANTIO" }, "geometry": { "type": "Point", "coordinates": [ -59.949981311256643, -3.135012866565233 ] } },
{ "type": "Feature", "properties": { "CLASSE": "PLANTIO" }, "geometry": { "type": "Point", "coordinates": [ -59.949787487398858, -3.135056391529751 ] } },
{ "type": "Feature", "properties": { "CLASSE": "PLANTIO" }, "geometry": { "type": "Point", "coordinates": [ -59.949651548379116, -3.135067148231087 ] } },
{ "type": "Feature", "properties": { "CLASSE": "PLANTIO" }, "geometry": { "type": "Point", "coordinates": [ -59.949920654554738, -3.135050887656071 ] } },
{ "type": "Feature", "properties": { "CLASSE": "PLANTIO" }, "geometry": { "type": "Point", "coordinates": [ -59.94985246975201, -3.135060309902698 ] } },
{ "type": "Feature", "properties": { "CLASSE": "PLANTIO" }, "geometry": { "type": "Point", "coordinates": [ -59.949718168774744, -3.135078487317458 ] } },
{ "type": "Feature", "properties": { "CLASSE": "PLANTIO" }, "geometry": { "type": "Point", "coordinates": [ -59.949976776006999, -3.135063560829153 ] } },
{ "type": "Feature", "properties": { "CLASSE": "PLANTIO" }, "geometry": { "type": "Point", "coordinates": [ -59.949787089383371, -3.135105751703691 ] } },
{ "type": "Feature", "properties": { "CLASSE": "PLANTIO" }, "geometry": { "type": "Point", "coordinates": [ -59.949787827314488, -3.135128847589854 ] } },
{ "type": "Feature", "properties": { "CLASSE": "PLANTIO" }, "geometry": { "type": "Point", "coordinates": [ -59.949651657409568, -3.13511848169518 ] } },
{ "type": "Feature", "properties": { "CLASSE": "PLANTIO" }, "geometry": { "type": "Point", "coordinates": [ -59.949851583800246, -3.13511021204198 ] } },
{ "type": "Feature", "properties": { "CLASSE": "PLANTIO" }, "geometry": { "type": "Point", "coordinates": [ -59.94971968357914, -3.135125179361111 ] } },
{ "type": "Feature", "properties": { "CLASSE": "PLANTIO" }, "geometry": { "type": "Point", "coordinates": [ -59.949975168422831, -3.135111003304367 ] } },
{ "type": "Feature", "properties": { "CLASSE": "PLANTIO" }, "geometry": { "type": "Point", "coordinates": [ -59.949651884, -3.135166785733674 ] } },
{ "type": "Feature", "properties": { "CLASSE": "PLANTIO" }, "geometry": { "type": "Point", "coordinates": [ -59.949786281321657, -3.13515665438544 ] } },
{ "type": "Feature", "properties": { "CLASSE": "PLANTIO" }, "geometry": { "type": "Point", "coordinates": [ -59.94991872686581, -3.135148690849434 ] } },
{ "type": "Feature", "properties": { "CLASSE": "PLANTIO" }, "geometry": { "type": "Point", "coordinates": [ -59.949850542044025, -3.135158113094128 ] } },
{ "type": "Feature", "properties": { "CLASSE": "PLANTIO" }, "geometry": { "type": "Point", "coordinates": [ -59.949719343977172, -3.135175289941635 ] } },
{ "type": "Feature", "properties": { "CLASSE": "PLANTIO" }, "geometry": { "type": "Point", "coordinates": [ -59.949976156363796, -3.135157737042825 ] } },
{ "type": "Feature", "properties": { "CLASSE": "PLANTIO" }, "geometry": { "type": "Point", "coordinates": [ -59.949786664440019, -3.135202429271402 ] } },
{ "type": "Feature", "properties": { "CLASSE": "PLANTIO" }, "geometry": { "type": "Point", "coordinates": [ -59.949653330096332, -3.135215999981732 ] } },
{ "type": "Feature", "properties": { "CLASSE": "PLANTIO" }, "geometry": { "type": "Point", "coordinates": [ -59.949248136642872, -3.134883634062412 ] } },
{ "type": "Feature", "properties": { "CLASSE": "PLANTIO" }, "geometry": { "type": "Point", "coordinates": [ -59.949380016213759, -3.13487521211961 ] } },
{ "type": "Feature", "properties": { "CLASSE": "PLANTIO" }, "geometry": { "type": "Point", "coordinates": [ -59.949448746276239, -3.134872793757012 ] } },
{ "type": "Feature", "properties": { "CLASSE": "PLANTIO" }, "geometry": { "type": "Point", "coordinates": [ -59.94958780550018, -3.134874877415314 ] } },
{ "type": "Feature", "properties": { "CLASSE": "PLANTIO" }, "geometry": { "type": "Point", "coordinates": [ -59.94931811309943, -3.134897224418943 ] } },
{ "type": "Feature", "properties": { "CLASSE": "PLANTIO" }, "geometry": { "type": "Point", "coordinates": [ -59.949518489044927, -3.134883382447953 ] } },
{ "type": "Feature", "properties": { "CLASSE": "PLANTIO" }, "geometry": { "type": "Point", "coordinates": [ -59.949249768242247, -3.134931826918226 ] } },
{ "type": "Feature", "properties": { "CLASSE": "PLANTIO" }, "geometry": { "type": "Point", "coordinates": [ -59.949381647831082, -3.134923404976412 ] } },
{ "type": "Feature", "properties": { "CLASSE": "PLANTIO" }, "geometry": { "type": "Point", "coordinates": [ -59.94944819242199, -3.134920152840003 ] } },
{ "type": "Feature", "properties": { "CLASSE": "PLANTIO" }, "geometry": { "type": "Point", "coordinates": [ -59.949585221983675, -3.134923403813467 ] } },
{ "type": "Feature", "properties": { "CLASSE": "PLANTIO" }, "geometry": { "type": "Point", "coordinates": [ -59.94931650543689, -3.134944666884429 ] } },
{ "type": "Feature", "properties": { "CLASSE": "PLANTIO" }, "geometry": { "type": "Point", "coordinates": [ -59.949518911089406, -3.134929657603507 ] } },
{ "type": "Feature", "properties": { "CLASSE": "PLANTIO" }, "geometry": { "type": "Point", "coordinates": [ -59.949379962275735, -3.134969846899331 ] } },
{ "type": "Feature", "properties": { "CLASSE": "PLANTIO" }, "geometry": { "type": "Point", "coordinates": [ -59.949248316368418, -3.134981270469602 ] } },
{ "type": "Feature", "properties": { "CLASSE": "PLANTIO" }, "geometry": { "type": "Point", "coordinates": [ -59.949447716465947, -3.134968512466365 ] } },
{ "type": "Feature", "properties": { "CLASSE": "PLANTIO" }, "geometry": { "type": "Point", "coordinates": [ -59.949586853626776, -3.13497159667169 ] } },
{ "type": "Feature", "properties": { "CLASSE": "PLANTIO" }, "geometry": { "type": "Point", "coordinates": [ -59.949517303451522, -3.134977100072035 ] } },
{ "type": "Feature", "properties": { "CLASSE": "PLANTIO" }, "geometry": { "type": "Point", "coordinates": [ -59.949314155580403, -3.134996194907998 ] } },
{ "type": "Feature", "properties": { "CLASSE": "PLANTIO" }, "geometry": { "type": "Point", "coordinates": [ -59.949248816274398, -3.135028546165763 ] } },
{ "type": "Feature", "properties": { "CLASSE": "PLANTIO" }, "geometry": { "type": "Point", "coordinates": [ -59.949379642108347, -3.135020207611717 ] } },
{ "type": "Feature", "properties": { "CLASSE": "PLANTIO" }, "geometry": { "type": "Point", "coordinates": [ -59.949446186717203, -3.135016955477219 ] } },
{ "type": "Feature", "properties": { "CLASSE": "PLANTIO" }, "geometry": { "type": "Point", "coordinates": [ -59.949515617911153, -3.135023541996894 ] } },
{ "type": "Feature", "properties": { "CLASSE": "PLANTIO" }, "geometry": { "type": "Point", "coordinates": [ -59.949585401796845, -3.135021040228153 ] } },
{ "type": "Feature", "properties": { "CLASSE": "PLANTIO" }, "geometry": { "type": "Point", "coordinates": [ -59.949314733394097, -3.135044471148305 ] } },
{ "type": "Feature", "properties": { "CLASSE": "PLANTIO" }, "geometry": { "type": "Point", "coordinates": [ -59.949378776639854, -3.135063564519527 ] } },
{ "type": "Feature", "properties": { "CLASSE": "PLANTIO" }, "geometry": { "type": "Point", "coordinates": [ -59.949245178915199, -3.13507715594141 ] } },
{ "type": "Feature", "properties": { "CLASSE": "PLANTIO" }, "geometry": { "type": "Point", "coordinates": [ -59.94944578865698, -3.135066315646846 ] } },
{ "type": "Feature", "properties": { "CLASSE": "PLANTIO" }, "geometry": { "type": "Point", "coordinates": [ -59.949315741799587, -3.135084659656385 ] } },
{ "type": "Feature", "properties": { "CLASSE": "PLANTIO" }, "geometry": { "type": "Point", "coordinates": [ -59.949584770054081, -3.135067398769017 ] } },
{ "type": "Feature", "properties": { "CLASSE": "PLANTIO" }, "geometry": { "type": "Point", "coordinates": [ -59.949514166069271, -3.135072985552192 ] } },
{ "type": "Feature", "properties": { "CLASSE": "PLANTIO" }, "geometry": { "type": "Point", "coordinates": [ -59.949378768067682, -3.135117927405688 ] } },
{ "type": "Feature", "properties": { "CLASSE": "PLANTIO" }, "geometry": { "type": "Point", "coordinates": [ -59.949246556260199, -3.135128892391087 ] } },
{ "type": "Feature", "properties": { "CLASSE": "PLANTIO" }, "geometry": { "type": "Point", "coordinates": [ -59.949444258903817, -3.135114758657387 ] } },
{ "type": "Feature", "properties": { "CLASSE": "PLANTIO" }, "geometry": { "type": "Point", "coordinates": [ -59.949585464751785, -3.135117175827155 ] } },
{ "type": "Feature", "properties": { "CLASSE": "PLANTIO" }, "geometry": { "type": "Point", "coordinates": [ -59.94951651934371, -3.135123638075981 ] } },
{ "type": "Feature", "properties": { "CLASSE": "PLANTIO" }, "geometry": { "type": "Point", "coordinates": [ -59.949315196047657, -3.135142336846144 ] } },
{ "type": "Feature", "properties": { "CLASSE": "PLANTIO" }, "geometry": { "type": "Point", "coordinates": [ -59.949378214194631, -3.135165286487251 ] } },
{ "type": "Feature", "properties": { "CLASSE": "PLANTIO" }, "geometry": { "type": "Point", "coordinates": [ -59.949244724080394, -3.135176855972674 ] } },
{ "type": "Feature", "properties": { "CLASSE": "PLANTIO" }, "geometry": { "type": "Point", "coordinates": [ -59.949442202252776, -3.135163243360068 ] } },
{ "type": "Feature", "properties": { "CLASSE": "PLANTIO" }, "geometry": { "type": "Point", "coordinates": [ -59.949583973965098, -3.135166119111503 ] } },
{ "type": "Feature", "properties": { "CLASSE": "PLANTIO" }, "geometry": { "type": "Point", "coordinates": [ -59.949314466891231, -3.135187444704009 ] } },
{ "type": "Feature", "properties": { "CLASSE": "PLANTIO" }, "geometry": { "type": "Point", "coordinates": [ -59.949515028547559, -3.135172581359221 ] } },
{ "type": "Feature", "properties": { "CLASSE": "PLANTIO" }, "geometry": { "type": "Point", "coordinates": [ -59.949376645478331, -3.135213229224782 ] } },
{ "type": "Feature", "properties": { "CLASSE": "PLANTIO" }, "geometry": { "type": "Point", "coordinates": [ -59.949245809298851, -3.135224840384083 ] } },
{ "type": "Feature", "properties": { "CLASSE": "PLANTIO" }, "geometry": { "type": "Point", "coordinates": [ -59.949442525831508, -3.135215063195815 ] } },
{ "type": "Feature", "properties": { "CLASSE": "PLANTIO" }, "geometry": { "type": "Point", "coordinates": [ -59.949313746933733, -3.13523607531004 ] } },
{ "type": "Feature", "properties": { "CLASSE": "PLANTIO" }, "geometry": { "type": "Point", "coordinates": [ -59.949513537748963, -3.135221524642354 ] } },
{ "type": "Feature", "properties": { "CLASSE": "PLANTIO" }, "geometry": { "type": "Point", "coordinates": [ -59.949581058289844, -3.135217188559977 ] } },
{ "type": "Feature", "properties": { "CLASSE": "PLANTIO" }, "geometry": { "type": "Point", "coordinates": [ -59.948978838070111, -3.134883802108476 ] } },
{ "type": "Feature", "properties": { "CLASSE": "PLANTIO" }, "geometry": { "type": "Point", "coordinates": [ -59.949173239642356, -3.13488855377998 ] } },
{ "type": "Feature", "properties": { "CLASSE": "PLANTIO" }, "geometry": { "type": "Point", "coordinates": [ -59.949109036342598, -3.134894640733478 ] } },
{ "type": "Feature", "properties": { "CLASSE": "PLANTIO" }, "geometry": { "type": "Point", "coordinates": [ -59.948918845618572, -3.134916736937825 ] } },
{ "type": "Feature", "properties": { "CLASSE": "PLANTIO" }, "geometry": { "type": "Point", "coordinates": [ -59.948848044771772, -3.134933412964791 ] } },
{ "type": "Feature", "properties": { "CLASSE": "PLANTIO" }, "geometry": { "type": "Point", "coordinates": [ -59.949044127644676, -3.134918904226112 ] } },
{ "type": "Feature", "properties": { "CLASSE": "PLANTIO" }, "geometry": { "type": "Point", "coordinates": [ -59.94897941584329, -3.134932078345635 ] } },
{ "type": "Feature", "properties": { "CLASSE": "PLANTIO" }, "geometry": { "type": "Point", "coordinates": [ -59.949175925021855, -3.134936663251395 ] } },
{ "type": "Feature", "properties": { "CLASSE": "PLANTIO" }, "geometry": { "type": "Point", "coordinates": [ -59.949109027737443, -3.134949003616534 ] } },
{ "type": "Feature", "properties": { "CLASSE": "PLANTIO" }, "geometry": { "type": "Point", "coordinates": [ -59.948919579179794, -3.134967014261278 ] } },
{ "type": "Feature", "properties": { "CLASSE": "PLANTIO" }, "geometry": { "type": "Point", "coordinates": [ -59.948845616951537, -3.134983940436378 ] } },
{ "type": "Feature", "properties": { "CLASSE": "PLANTIO" }, "geometry": { "type": "Point", "coordinates": [ -59.949044861223236, -3.134969181550836 ] } },
{ "type": "Feature", "properties": { "CLASSE": "PLANTIO" }, "geometry": { "type": "Point", "coordinates": [ -59.948976910142456, -3.134981605276145 ] } },
{ "type": "Feature", "properties": { "CLASSE": "PLANTIO" }, "geometry": { "type": "Point", "coordinates": [ -59.949173575145984, -3.134988191272427 ] } },
{ "type": "Feature", "properties": { "CLASSE": "PLANTIO" }, "geometry": { "type": "Point", "coordinates": [ -59.949110347719447, -3.134993194297245 ] } },
{ "type": "Feature", "properties": { "CLASSE": "PLANTIO" }, "geometry": { "type": "Point", "coordinates": [ -59.948921444428201, -3.13501820874496 ] } },
{ "type": "Feature", "properties": { "CLASSE": "PLANTIO" }, "geometry": { "type": "Point", "coordinates": [ -59.948848224385763, -3.135031049362681 ] } },
{ "type": "Feature", "properties": { "CLASSE": "PLANTIO" }, "geometry": { "type": "Point", "coordinates": [ -59.949043409320005, -3.135018625098908 ] } },
{ "type": "Feature", "properties": { "CLASSE": "PLANTIO" }, "geometry": { "type": "Point", "coordinates": [ -59.948977487911755, -3.135029881513127 ] } },
{ "type": "Feature", "properties": { "CLASSE": "PLANTIO" }, "geometry": { "type": "Point", "coordinates": [ -59.949173099150663, -3.135036550895165 ] } },
{ "type": "Feature", "properties": { "CLASSE": "PLANTIO" }, "geometry": { "type": "Point", "coordinates": [ -59.949107764134347, -3.135041720686488 ] } },
{ "type": "Feature", "properties": { "CLASSE": "PLANTIO" }, "geometry": { "type": "Point", "coordinates": [ -59.948918705019828, -3.135064734043766 ] } },
{ "type": "Feature", "properties": { "CLASSE": "PLANTIO" }, "geometry": { "type": "Point", "coordinates": [ -59.948849290082201, -3.135078783635059 ] } },
{ "type": "Feature", "properties": { "CLASSE": "PLANTIO" }, "geometry": { "type": "Point", "coordinates": [ -59.949042777508332, -3.135064983632994 ] } },
{ "type": "Feature", "properties": { "CLASSE": "PLANTIO" }, "geometry": { "type": "Point", "coordinates": [ -59.948977011888665, -3.135078241133257 ] } },
{ "type": "Feature", "properties": { "CLASSE": "PLANTIO" }, "geometry": { "type": "Point", "coordinates": [ -59.949172623153366, -3.135084910517776 ] } },
{ "type": "Feature", "properties": { "CLASSE": "PLANTIO" }, "geometry": { "type": "Point", "coordinates": [ -59.949108497716999, -3.135091998011582 ] } },
{ "type": "Feature", "properties": { "CLASSE": "PLANTIO" }, "geometry": { "type": "Point", "coordinates": [ -59.948917097298285, -3.135112176502744 ] } },
{ "type": "Feature", "properties": { "CLASSE": "PLANTIO" }, "geometry": { "type": "Point", "coordinates": [ -59.948845457922083, -3.135124892043542 ] } },
{ "type": "Feature", "properties": { "CLASSE": "PLANTIO" }, "geometry": { "type": "Point", "coordinates": [ -59.949040505506481, -3.135117512194661 ] } },
{ "type": "Feature", "properties": { "CLASSE": "PLANTIO" }, "geometry": { "type": "Point", "coordinates": [ -59.94917515272811, -3.135131018901937 ] } },
{ "type": "Feature", "properties": { "CLASSE": "PLANTIO" }, "geometry": { "type": "Point", "coordinates": [ -59.949107045817009, -3.135141441560364 ] } },
{ "type": "Feature", "properties": { "CLASSE": "PLANTIO" }, "geometry": { "type": "Point", "coordinates": [ -59.948912971945113, -3.135161328234503 ] } },
{ "type": "Feature", "properties": { "CLASSE": "PLANTIO" }, "geometry": { "type": "Point", "coordinates": [ -59.948844161781587, -3.135176336675109 ] } },
{ "type": "Feature", "properties": { "CLASSE": "PLANTIO" }, "geometry": { "type": "Point", "coordinates": [ -59.949037844007542, -3.135165038038885 ] } },
{ "type": "Feature", "properties": { "CLASSE": "PLANTIO" }, "geometry": { "type": "Point", "coordinates": [ -59.948971844672762, -3.135175293906251 ] } },
{ "type": "Feature", "properties": { "CLASSE": "PLANTIO" }, "geometry": { "type": "Point", "coordinates": [ -59.949106414008618, -3.135187800095004 ] } },
{ "type": "Feature", "properties": { "CLASSE": "PLANTIO" }, "geometry": { "type": "Point", "coordinates": [ -59.949168138682445, -3.135183922692875 ] } },
{ "type": "Feature", "properties": { "CLASSE": "PLANTIO" }, "geometry": { "type": "Point", "coordinates": [ -59.948914046842283, -3.135212585255132 ] } },
{ "type": "Feature", "properties": { "CLASSE": "PLANTIO" }, "geometry": { "type": "Point", "coordinates": [ -59.949038188081694, -3.135210312645626 ] } },
{ "type": "Feature", "properties": { "CLASSE": "PLANTIO" }, "geometry": { "type": "Point", "coordinates": [ -59.948843733880189, -3.135228719312884 ] } },
{ "type": "Feature", "properties": { "CLASSE": "PLANTIO" }, "geometry": { "type": "Point", "coordinates": [ -59.948971407592374, -3.135224153797743 ] } },
{ "type": "Feature", "properties": { "CLASSE": "PLANTIO" }, "geometry": { "type": "Point", "coordinates": [ -59.949167096833357, -3.135231823735275 ] } },
{ "type": "Feature", "properties": { "CLASSE": "PLANTIO" }, "geometry": { "type": "Point", "coordinates": [ -59.948912849161779, -3.135258485206982 ] } },
{ "type": "Feature", "properties": { "CLASSE": "PLANTIO" }, "geometry": { "type": "Point", "coordinates": [ -59.94903857110365, -3.135256087524091 ] } },
{ "type": "Feature", "properties": { "CLASSE": "PLANTIO" }, "geometry": { "type": "Point", "coordinates": [ -59.949038449940041, -3.135281768149518 ] } },
{ "type": "Feature", "properties": { "CLASSE": "PLANTIO" }, "geometry": { "type": "Point", "coordinates": [ -59.948842350640582, -3.135275640652836 ] } },
{ "type": "Feature", "properties": { "CLASSE": "PLANTIO" }, "geometry": { "type": "Point", "coordinates": [ -59.948452254638774, -3.134929495593887 ] } },
{ "type": "Feature", "properties": { "CLASSE": "PLANTIO" }, "geometry": { "type": "Point", "coordinates": [ -59.948721905876106, -3.134920239635832 ] } },
{ "type": "Feature", "properties": { "CLASSE": "PLANTIO" }, "geometry": { "type": "Point", "coordinates": [ -59.948595606861581, -3.134932246618611 ] } },
{ "type": "Feature", "properties": { "CLASSE": "PLANTIO" }, "geometry": { "type": "Point", "coordinates": [ -59.948528356867094, -3.134953675157135 ] } },
{ "type": "Feature", "properties": { "CLASSE": "PLANTIO" }, "geometry": { "type": "Point", "coordinates": [ -59.948785051056426, -3.134941417568434 ] } },
{ "type": "Feature", "properties": { "CLASSE": "PLANTIO" }, "geometry": { "type": "Point", "coordinates": [ -59.948656488656006, -3.134951590248924 ] } },
{ "type": "Feature", "properties": { "CLASSE": "PLANTIO" }, "geometry": { "type": "Point", "coordinates": [ -59.948384961335329, -3.134977605272383 ] } },
{ "type": "Feature", "properties": { "CLASSE": "PLANTIO" }, "geometry": { "type": "Point", "coordinates": [ -59.948449982558749, -3.134982024145195 ] } },
{ "type": "Feature", "properties": { "CLASSE": "PLANTIO" }, "geometry": { "type": "Point", "coordinates": [ -59.948592203114067, -3.134983858011346 ] } },
{ "type": "Feature", "properties": { "CLASSE": "PLANTIO" }, "geometry": { "type": "Point", "coordinates": [ -59.948522767631012, -3.135004452769088 ] } },
{ "type": "Feature", "properties": { "CLASSE": "PLANTIO" }, "geometry": { "type": "Point", "coordinates": [ -59.948655778899784, -3.134996948234757 ] } },
{ "type": "Feature", "properties": { "CLASSE": "PLANTIO" }, "geometry": { "type": "Point", "coordinates": [ -59.948785473005167, -3.134987692716614 ] } },
{ "type": "Feature", "properties": { "CLASSE": "PLANTIO" }, "geometry": { "type": "Point", "coordinates": [ -59.948451614048146, -3.135030216994998 ] } },
{ "type": "Feature", "properties": { "CLASSE": "PLANTIO" }, "geometry": { "type": "Point", "coordinates": [ -59.948592547138965, -3.135029132614065 ] } },
{ "type": "Feature", "properties": { "CLASSE": "PLANTIO" }, "geometry": { "type": "Point", "coordinates": [ -59.94852529712481, -3.135050561150429 ] } },
{ "type": "Feature", "properties": { "CLASSE": "PLANTIO" }, "geometry": { "type": "Point", "coordinates": [ -59.948655380733094, -3.135046308394372 ] } },
{ "type": "Feature", "properties": { "CLASSE": "PLANTIO" }, "geometry": { "type": "Point", "coordinates": [ -59.948784098964218, -3.135038136804148 ] } },
{ "type": "Feature", "properties": { "CLASSE": "PLANTIO" }, "geometry": { "type": "Point", "coordinates": [ -59.948448952476944, -3.135077742828763 ] } },
{ "type": "Feature", "properties": { "CLASSE": "PLANTIO" }, "geometry": { "type": "Point", "coordinates": [ -59.948720555610116, -3.135066319030408 ] } },
{ "type": "Feature", "properties": { "CLASSE": "PLANTIO" }, "geometry": { "type": "Point", "coordinates": [ -59.948591328864786, -3.135081577785428 ] } },
{ "type": "Feature", "properties": { "CLASSE": "PLANTIO" }, "geometry": { "type": "Point", "coordinates": [ -59.948782569124468, -3.135086579804572 ] } },
{ "type": "Feature", "properties": { "CLASSE": "PLANTIO" }, "geometry": { "type": "Point", "coordinates": [ -59.94852236074599, -3.13510817580211 ] } },
{ "type": "Feature", "properties": { "CLASSE": "PLANTIO" }, "geometry": { "type": "Point", "coordinates": [ -59.94865439616057, -3.135101755197098 ] } },
{ "type": "Feature", "properties": { "CLASSE": "PLANTIO" }, "geometry": { "type": "Point", "coordinates": [ -59.948448710073301, -3.135129104072469 ] } },
{ "type": "Feature", "properties": { "CLASSE": "PLANTIO" }, "geometry": { "type": "Point", "coordinates": [ -59.948718947862766, -3.135113761486338 ] } },
{ "type": "Feature", "properties": { "CLASSE": "PLANTIO" }, "geometry": { "type": "Point", "coordinates": [ -59.948589798997624, -3.135130020782817 ] } },
{ "type": "Feature", "properties": { "CLASSE": "PLANTIO" }, "geometry": { "type": "Point", "coordinates": [ -59.948521261480074, -3.135148531068644 ] } },
{ "type": "Feature", "properties": { "CLASSE": "PLANTIO" }, "geometry": { "type": "Point", "coordinates": [ -59.948784122756571, -3.135133772113171 ] } },
{ "type": "Feature", "properties": { "CLASSE": "PLANTIO" }, "geometry": { "type": "Point", "coordinates": [ -59.948653686398309, -3.135147113182562 ] } },
{ "type": "Feature", "properties": { "CLASSE": "PLANTIO" }, "geometry": { "type": "Point", "coordinates": [ -59.948445482653248, -3.135176171325099 ] } },
{ "type": "Feature", "properties": { "CLASSE": "PLANTIO" }, "geometry": { "type": "Point", "coordinates": [ -59.948718393903981, -3.13516112055953 ] } },
{ "type": "Feature", "properties": { "CLASSE": "PLANTIO" }, "geometry": { "type": "Point", "coordinates": [ -59.948590454607348, -3.135179297559056 ] } },
{ "type": "Feature", "properties": { "CLASSE": "PLANTIO" }, "geometry": { "type": "Point", "coordinates": [ -59.948522892973195, -3.135196723918675 ] } },
{ "type": "Feature", "properties": { "CLASSE": "PLANTIO" }, "geometry": { "type": "Point", "coordinates": [ -59.948782592912714, -3.135182215113389 ] } },
{ "type": "Feature", "properties": { "CLASSE": "PLANTIO" }, "geometry": { "type": "Point", "coordinates": [ -59.948653132429733, -3.135194472254895 ] } },
{ "type": "Feature", "properties": { "CLASSE": "PLANTIO" }, "geometry": { "type": "Point", "coordinates": [ -59.948446362740775, -3.135224926982637 ] } },
{ "type": "Feature", "properties": { "CLASSE": "PLANTIO" }, "geometry": { "type": "Point", "coordinates": [ -59.948587870944912, -3.135227823938393 ] } },
{ "type": "Feature", "properties": { "CLASSE": "PLANTIO" }, "geometry": { "type": "Point", "coordinates": [ -59.94852144098936, -3.135246167458178 ] } },
{ "type": "Feature", "properties": { "CLASSE": "PLANTIO" }, "geometry": { "type": "Point", "coordinates": [ -59.948781140964634, -3.13523165865692 ] } },
{ "type": "Feature", "properties": { "CLASSE": "PLANTIO" }, "geometry": { "type": "Point", "coordinates": [ -59.948651270414636, -3.135245458302769 ] } },
{ "type": "Feature", "properties": { "CLASSE": "PLANTIO" }, "geometry": { "type": "Point", "coordinates": [ -59.948446520098294, -3.135278018331576 ] } },
{ "type": "Feature", "properties": { "CLASSE": "PLANTIO" }, "geometry": { "type": "Point", "coordinates": [ -59.948586984812771, -3.135277726059442 ] } },
{ "type": "Feature", "properties": { "CLASSE": "PLANTIO" }, "geometry": { "type": "Point", "coordinates": [ -59.948779883759308, -3.135283603558975 ] } },
{ "type": "Feature", "properties": { "CLASSE": "PLANTIO" }, "geometry": { "type": "Point", "coordinates": [ -59.948648237759251, -3.135295026917653 ] } },
{ "type": "Feature", "properties": { "CLASSE": "PLANTIO" }, "geometry": { "type": "Point", "coordinates": [ -59.948384290492861, -3.135023463526458 ] } },
{ "type": "Feature", "properties": { "CLASSE": "PLANTIO" }, "geometry": { "type": "Point", "coordinates": [ -59.948385179769836, -3.135075741931239 ] } },
{ "type": "Feature", "properties": { "CLASSE": "PLANTIO" }, "geometry": { "type": "Point", "coordinates": [ -59.948385445868588, -3.135120015988278 ] } },
{ "type": "Feature", "properties": { "CLASSE": "PLANTIO" }, "geometry": { "type": "Point", "coordinates": [ -59.948383173769734, -3.135172544537852 ] } },
{ "type": "Feature", "properties": { "CLASSE": "PLANTIO" }, "geometry": { "type": "Point", "coordinates": [ -59.948382170766486, -3.135220945840977 ] } },
{ "type": "Feature", "properties": { "CLASSE": "PLANTIO" }, "geometry": { "type": "Point", "coordinates": [ -59.948379626023005, -3.135269972488139 ] } },
{ "type": "Feature", "properties": { "CLASSE": "PLANTIO" }, "geometry": { "type": "Point", "coordinates": [ -59.950041134505121, -3.135188836833692 ] } },
{ "type": "Feature", "properties": { "CLASSE": "PLANTIO" }, "geometry": { "type": "Point", "coordinates": [ -59.95017599926468, -3.135184708613977 ] } },
{ "type": "Feature", "properties": { "CLASSE": "PLANTIO" }, "geometry": { "type": "Point", "coordinates": [ -59.9501065064023, -3.135197757884747 ] } },
{ "type": "Feature", "properties": { "CLASSE": "PLANTIO" }, "geometry": { "type": "Point", "coordinates": [ -59.95023668436621, -3.135215141376868 ] } },
{ "type": "Feature", "properties": { "CLASSE": "PLANTIO" }, "geometry": { "type": "Point", "coordinates": [ -59.950305570324652, -3.135214723957382 ] } },
{ "type": "Feature", "properties": { "CLASSE": "PLANTIO" }, "geometry": { "type": "Point", "coordinates": [ -59.950040853371043, -3.135239697825831 ] } },
{ "type": "Feature", "properties": { "CLASSE": "PLANTIO" }, "geometry": { "type": "Point", "coordinates": [ -59.950175523394712, -3.135233068248986 ] } },
{ "type": "Feature", "properties": { "CLASSE": "PLANTIO" }, "geometry": { "type": "Point", "coordinates": [ -59.950107982302036, -3.135243949659291 ] } },
{ "type": "Feature", "properties": { "CLASSE": "PLANTIO" }, "geometry": { "type": "Point", "coordinates": [ -59.950238316086363, -3.135263334239347 ] } },
{ "type": "Feature", "properties": { "CLASSE": "PLANTIO" }, "geometry": { "type": "Point", "coordinates": [ -59.950303806972052, -3.135260165350232 ] } },
{ "type": "Feature", "properties": { "CLASSE": "PLANTIO" }, "geometry": { "type": "Point", "coordinates": [ -59.950041392321758, -3.135287473801192 ] } },
{ "type": "Feature", "properties": { "CLASSE": "PLANTIO" }, "geometry": { "type": "Point", "coordinates": [ -59.950174891718852, -3.13527942679692 ] } },
{ "type": "Feature", "properties": { "CLASSE": "PLANTIO" }, "geometry": { "type": "Point", "coordinates": [ -59.950109048157294, -3.135291683942206 ] } },
{ "type": "Feature", "properties": { "CLASSE": "PLANTIO" }, "geometry": { "type": "Point", "coordinates": [ -59.950236864331835, -3.135312777805147 ] } },
{ "type": "Feature", "properties": { "CLASSE": "PLANTIO" }, "geometry": { "type": "Point", "coordinates": [ -59.950299271753487, -3.135310859620908 ] } },
{ "type": "Feature", "properties": { "CLASSE": "PLANTIO" }, "geometry": { "type": "Point", "coordinates": [ -59.950037716103658, -3.135335583320739 ] } },
{ "type": "Feature", "properties": { "CLASSE": "PLANTIO" }, "geometry": { "type": "Point", "coordinates": [ -59.950173284151198, -3.135326869274621 ] } },
{ "type": "Feature", "properties": { "CLASSE": "PLANTIO" }, "geometry": { "type": "Point", "coordinates": [ -59.95010439605776, -3.135340877392927 ] } },
{ "type": "Feature", "properties": { "CLASSE": "PLANTIO" }, "geometry": { "type": "Point", "coordinates": [ -59.95023428088097, -3.135361304213866 ] } },
{ "type": "Feature", "properties": { "CLASSE": "PLANTIO" }, "geometry": { "type": "Point", "coordinates": [ -59.950300747674198, -3.135357051396646 ] } },
{ "type": "Feature", "properties": { "CLASSE": "PLANTIO" }, "geometry": { "type": "Point", "coordinates": [ -59.950171754483243, -3.135375312295736 ] } },
{ "type": "Feature", "properties": { "CLASSE": "PLANTIO" }, "geometry": { "type": "Point", "coordinates": [ -59.95010565666329, -3.13539111303443 ] } },
{ "type": "Feature", "properties": { "CLASSE": "PLANTIO" }, "geometry": { "type": "Point", "coordinates": [ -59.950300349716123, -3.135406411576419 ] } },
{ "type": "Feature", "properties": { "CLASSE": "PLANTIO" }, "geometry": { "type": "Point", "coordinates": [ -59.950234038717788, -3.135412665479841 ] } },
{ "type": "Feature", "properties": { "CLASSE": "PLANTIO" }, "geometry": { "type": "Point", "coordinates": [ -59.950172332397109, -3.135423588543901 ] } },
{ "type": "Feature", "properties": { "CLASSE": "PLANTIO" }, "geometry": { "type": "Point", "coordinates": [ -59.950105435015907, -3.135435929072692 ] } },
{ "type": "Feature", "properties": { "CLASSE": "PLANTIO" }, "geometry": { "type": "Point", "coordinates": [ -59.950234149226496, -3.135454938467426 ] } },
{ "type": "Feature", "properties": { "CLASSE": "PLANTIO" }, "geometry": { "type": "Point", "coordinates": [ -59.950302957328212, -3.135453520508804 ] } },
{ "type": "Feature", "properties": { "CLASSE": "PLANTIO" }, "geometry": { "type": "Point", "coordinates": [ -59.950303129439327, -3.135476157818204 ] } },
{ "type": "Feature", "properties": { "CLASSE": "PLANTIO" }, "geometry": { "type": "Point", "coordinates": [ -59.950171973369827, -3.135473448993658 ] } },
{ "type": "Feature", "properties": { "CLASSE": "PLANTIO" }, "geometry": { "type": "Point", "coordinates": [ -59.950106587973302, -3.135488186647564 ] } },
{ "type": "Feature", "properties": { "CLASSE": "PLANTIO" }, "geometry": { "type": "Point", "coordinates": [ -59.950233263310217, -3.135504840611176 ] } },
{ "type": "Feature", "properties": { "CLASSE": "PLANTIO" }, "geometry": { "type": "Point", "coordinates": [ -59.950302969409357, -3.135501338179765 ] } },
{ "type": "Feature", "properties": { "CLASSE": "PLANTIO" }, "geometry": { "type": "Point", "coordinates": [ -59.950170004968193, -3.135519661638092 ] } },
{ "type": "Feature", "properties": { "CLASSE": "PLANTIO" }, "geometry": { "type": "Point", "coordinates": [ -59.950106219726784, -3.135534524347484 ] } },
{ "type": "Feature", "properties": { "CLASSE": "PLANTIO" }, "geometry": { "type": "Point", "coordinates": [ -59.950235382965225, -3.135552491508122 ] } },
{ "type": "Feature", "properties": { "CLASSE": "PLANTIO" }, "geometry": { "type": "Point", "coordinates": [ -59.950300014866606, -3.135551907369532 ] } },
{ "type": "Feature", "properties": { "CLASSE": "PLANTIO" }, "geometry": { "type": "Point", "coordinates": [ -59.94984998823076, -3.135205472181596 ] } },
{ "type": "Feature", "properties": { "CLASSE": "PLANTIO" }, "geometry": { "type": "Point", "coordinates": [ -59.949716779939386, -3.135224066477264 ] } },
{ "type": "Feature", "properties": { "CLASSE": "PLANTIO" }, "geometry": { "type": "Point", "coordinates": [ -59.949976090511832, -3.135204554167139 ] } },
{ "type": "Feature", "properties": { "CLASSE": "PLANTIO" }, "geometry": { "type": "Point", "coordinates": [ -59.949783242435494, -3.135246995190954 ] } },
{ "type": "Feature", "properties": { "CLASSE": "PLANTIO" }, "geometry": { "type": "Point", "coordinates": [ -59.949649995179435, -3.135265089190703 ] } },
{ "type": "Feature", "properties": { "CLASSE": "PLANTIO" }, "geometry": { "type": "Point", "coordinates": [ -59.949845452952836, -3.135256166441764 ] } },
{ "type": "Feature", "properties": { "CLASSE": "PLANTIO" }, "geometry": { "type": "Point", "coordinates": [ -59.949911919716961, -3.13525191368867 ] } },
{ "type": "Feature", "properties": { "CLASSE": "PLANTIO" }, "geometry": { "type": "Point", "coordinates": [ -59.949714391175512, -3.135275094235553 ] } },
{ "type": "Feature", "properties": { "CLASSE": "PLANTIO" }, "geometry": { "type": "Point", "coordinates": [ -59.949969603471025, -3.135257416289143 ] } },
{ "type": "Feature", "properties": { "CLASSE": "PLANTIO" }, "geometry": { "type": "Point", "coordinates": [ -59.949649109191206, -3.135314991326688 ] } },
{ "type": "Feature", "properties": { "CLASSE": "PLANTIO" }, "geometry": { "type": "Point", "coordinates": [ -59.949844977036044, -3.135304526072439 ] } },
{ "type": "Feature", "properties": { "CLASSE": "PLANTIO" }, "geometry": { "type": "Point", "coordinates": [ -59.949907228642708, -3.135300606863133 ] } },
{ "type": "Feature", "properties": { "CLASSE": "PLANTIO" }, "geometry": { "type": "Point", "coordinates": [ -59.949716726062512, -3.135318701263195 ] } },
{ "type": "Feature", "properties": { "CLASSE": "PLANTIO" }, "geometry": { "type": "Point", "coordinates": [ -59.949780210797691, -3.135299968848777 ] } },
{ "type": "Feature", "properties": { "CLASSE": "PLANTIO" }, "geometry": { "type": "Point", "coordinates": [ -59.949970181362382, -3.135305692535503 ] } },
{ "type": "Feature", "properties": { "CLASSE": "PLANTIO" }, "geometry": { "type": "Point", "coordinates": [ -59.949648399544678, -3.13536034932423 ] } },
{ "type": "Feature", "properties": { "CLASSE": "PLANTIO" }, "geometry": { "type": "Point", "coordinates": [ -59.949782991691443, -3.135352719342187 ] } },
{ "type": "Feature", "properties": { "CLASSE": "PLANTIO" }, "geometry": { "type": "Point", "coordinates": [ -59.949903513455901, -3.13534821610812 ] } },
{ "type": "Feature", "properties": { "CLASSE": "PLANTIO" }, "geometry": { "type": "Point", "coordinates": [ -59.949844501117262, -3.135352885702993 ] } },
{ "type": "Feature", "properties": { "CLASSE": "PLANTIO" }, "geometry": { "type": "Point", "coordinates": [ -59.949716405927354, -3.135369061979056 ] } },
{ "type": "Feature", "properties": { "CLASSE": "PLANTIO" }, "geometry": { "type": "Point", "coordinates": [ -59.9499663882821, -3.135352301238292 ] } },
{ "type": "Feature", "properties": { "CLASSE": "PLANTIO" }, "geometry": { "type": "Point", "coordinates": [ -59.949783024248838, -3.135393991782017 ] } },
{ "type": "Feature", "properties": { "CLASSE": "PLANTIO" }, "geometry": { "type": "Point", "coordinates": [ -59.949645699163192, -3.13540737490694 ] } },
{ "type": "Feature", "properties": { "CLASSE": "PLANTIO" }, "geometry": { "type": "Point", "coordinates": [ -59.949904091335021, -3.135396492353635 ] } },
{ "type": "Feature", "properties": { "CLASSE": "PLANTIO" }, "geometry": { "type": "Point", "coordinates": [ -59.9500369470178, -3.135386986277311 ] } },
{ "type": "Feature", "properties": { "CLASSE": "PLANTIO" }, "geometry": { "type": "Point", "coordinates": [ -59.949844258899311, -3.135404246964001 ] } },
{ "type": "Feature", "properties": { "CLASSE": "PLANTIO" }, "geometry": { "type": "Point", "coordinates": [ -59.949968175764035, -3.135402495185588 ] } },
{ "type": "Feature", "properties": { "CLASSE": "PLANTIO" }, "geometry": { "type": "Point", "coordinates": [ -59.949714248219259, -3.135414540835555 ] } },
{ "type": "Feature", "properties": { "CLASSE": "PLANTIO" }, "geometry": { "type": "Point", "coordinates": [ -59.949645944860684, -3.135458194201036 ] } },
{ "type": "Feature", "properties": { "CLASSE": "PLANTIO" }, "geometry": { "type": "Point", "coordinates": [ -59.949778800554675, -3.135448688214019 ] } },
{ "type": "Feature", "properties": { "CLASSE": "PLANTIO" }, "geometry": { "type": "Point", "coordinates": [ -59.949844603065706, -3.135449521578323 ] } },
{ "type": "Feature", "properties": { "CLASSE": "PLANTIO" }, "geometry": { "type": "Point", "coordinates": [ -59.950037524913277, -3.135435262524069 ] } },
{ "type": "Feature", "properties": { "CLASSE": "PLANTIO" }, "geometry": { "type": "Point", "coordinates": [ -59.949900687747508, -3.135448103772319 ] } },
{ "type": "Feature", "properties": { "CLASSE": "PLANTIO" }, "geometry": { "type": "Point", "coordinates": [ -59.949712448473328, -3.135468032479068 ] } },
{ "type": "Feature", "properties": { "CLASSE": "PLANTIO" }, "geometry": { "type": "Point", "coordinates": [ -59.94996777775895, -3.135451855361019 ] } },
{ "type": "Feature", "properties": { "CLASSE": "PLANTIO" }, "geometry": { "type": "Point", "coordinates": [ -59.949778090919132, -3.135494046212926 ] } },
{ "type": "Feature", "properties": { "CLASSE": "PLANTIO" }, "geometry": { "type": "Point", "coordinates": [ -59.949647166447939, -3.135507929566501 ] } },
{ "type": "Feature", "properties": { "CLASSE": "PLANTIO" }, "geometry": { "type": "Point", "coordinates": [ -59.949842097457541, -3.135499048523073 ] } },
{ "type": "Feature", "properties": { "CLASSE": "PLANTIO" }, "geometry": { "type": "Point", "coordinates": [ -59.95003765381238, -3.13548458100729 ] } },
{ "type": "Feature", "properties": { "CLASSE": "PLANTIO" }, "geometry": { "type": "Point", "coordinates": [ -59.949905031796341, -3.135497088711325 ] } },
{ "type": "Feature", "properties": { "CLASSE": "PLANTIO" }, "geometry": { "type": "Point", "coordinates": [ -59.949712518545674, -3.135518865671315 ] } },
{ "type": "Feature", "properties": { "CLASSE": "PLANTIO" }, "geometry": { "type": "Point", "coordinates": [ -59.949969370484432, -3.135499547949401 ] } },
{ "type": "Feature", "properties": { "CLASSE": "PLANTIO" }, "geometry": { "type": "Point", "coordinates": [ -59.949778902478208, -3.135545324087438 ] } },
{ "type": "Feature", "properties": { "CLASSE": "PLANTIO" }, "geometry": { "type": "Point", "coordinates": [ -59.949842519521162, -3.135545323680709 ] } },
{ "type": "Feature", "properties": { "CLASSE": "PLANTIO" }, "geometry": { "type": "Point", "coordinates": [ -59.950038719649818, -3.13553231528914 ] } },
{ "type": "Feature", "properties": { "CLASSE": "PLANTIO" }, "geometry": { "type": "Point", "coordinates": [ -59.949905804422706, -3.135547866315342 ] } },
{ "type": "Feature", "properties": { "CLASSE": "PLANTIO" }, "geometry": { "type": "Point", "coordinates": [ -59.949970358411043, -3.13554628168712 ] } },
{ "type": "Feature", "properties": { "CLASSE": "PLANTIO" }, "geometry": { "type": "Point", "coordinates": [ -59.949716062306955, -3.135568920641219 ] } },
{ "type": "Feature", "properties": { "CLASSE": "PLANTIO" }, "geometry": { "type": "Point", "coordinates": [ -59.949778797635837, -3.135591640936987 ] } },
{ "type": "Feature", "properties": { "CLASSE": "PLANTIO" }, "geometry": { "type": "Point", "coordinates": [ -59.949374998860016, -3.135260171418672 ] } },
{ "type": "Feature", "properties": { "CLASSE": "PLANTIO" }, "geometry": { "type": "Point", "coordinates": [ -59.949240796266004, -3.135272803981401 ] } },
{ "type": "Feature", "properties": { "CLASSE": "PLANTIO" }, "geometry": { "type": "Point", "coordinates": [ -59.949442244612577, -3.135265924180196 ] } },
{ "type": "Feature", "properties": { "CLASSE": "PLANTIO" }, "geometry": { "type": "Point", "coordinates": [ -59.949513471835012, -3.135268341761318 ] } },
{ "type": "Feature", "properties": { "CLASSE": "PLANTIO" }, "geometry": { "type": "Point", "coordinates": [ -59.94957993859331, -3.135264089064613 ] } },
{ "type": "Feature", "properties": { "CLASSE": "PLANTIO" }, "geometry": { "type": "Point", "coordinates": [ -59.949312880375565, -3.13528622757719 ] } },
{ "type": "Feature", "properties": { "CLASSE": "PLANTIO" }, "geometry": { "type": "Point", "coordinates": [ -59.949238739580984, -3.135321288680231 ] } },
{ "type": "Feature", "properties": { "CLASSE": "PLANTIO" }, "geometry": { "type": "Point", "coordinates": [ -59.949374912378993, -3.135313533760844 ] } },
{ "type": "Feature", "properties": { "CLASSE": "PLANTIO" }, "geometry": { "type": "Point", "coordinates": [ -59.949439427359174, -3.135311448944215 ] } },
{ "type": "Feature", "properties": { "CLASSE": "PLANTIO" }, "geometry": { "type": "Point", "coordinates": [ -59.949510732490374, -3.135314867070093 ] } },
{ "type": "Feature", "properties": { "CLASSE": "PLANTIO" }, "geometry": { "type": "Point", "coordinates": [ -59.949311877491006, -3.135334628893077 ] } },
{ "type": "Feature", "properties": { "CLASSE": "PLANTIO" }, "geometry": { "type": "Point", "coordinates": [ -59.949581803924836, -3.135315283552728 ] } },
{ "type": "Feature", "properties": { "CLASSE": "PLANTIO" }, "geometry": { "type": "Point", "coordinates": [ -59.949374202698358, -3.13535889175494 ] } },
{ "type": "Feature", "properties": { "CLASSE": "PLANTIO" }, "geometry": { "type": "Point", "coordinates": [ -59.949241424955737, -3.135369398151333 ] } },
{ "type": "Feature", "properties": { "CLASSE": "PLANTIO" }, "geometry": { "type": "Point", "coordinates": [ -59.949440160977524, -3.135361726272158 ] } },
{ "type": "Feature", "properties": { "CLASSE": "PLANTIO" }, "geometry": { "type": "Point", "coordinates": [ -59.949580938469403, -3.135358640462442 ] } },
{ "type": "Feature", "properties": { "CLASSE": "PLANTIO" }, "geometry": { "type": "Point", "coordinates": [ -59.949511466118487, -3.135365144398733 ] } },
{ "type": "Feature", "properties": { "CLASSE": "PLANTIO" }, "geometry": { "type": "Point", "coordinates": [ -59.949314113878778, -3.135383780600044 ] } },
{ "type": "Feature", "properties": { "CLASSE": "PLANTIO" }, "geometry": { "type": "Point", "coordinates": [ -59.949372828722268, -3.13540933585066 ] } },
{ "type": "Feature", "properties": { "CLASSE": "PLANTIO" }, "geometry": { "type": "Point", "coordinates": [ -59.949241143702231, -3.135420259132815 ] } },
{ "type": "Feature", "properties": { "CLASSE": "PLANTIO" }, "geometry": { "type": "Point", "coordinates": [ -59.949439762902408, -3.135411086440939 ] } },
{ "type": "Feature", "properties": { "CLASSE": "PLANTIO" }, "geometry": { "type": "Point", "coordinates": [ -59.94951181024468, -3.135410419009844 ] } },
{ "type": "Feature", "properties": { "CLASSE": "PLANTIO" }, "geometry": { "type": "Point", "coordinates": [ -59.949580540413542, -3.135408000633035 ] } },
{ "type": "Feature", "properties": { "CLASSE": "PLANTIO" }, "geometry": { "type": "Point", "coordinates": [ -59.949310847607784, -3.135430347597001 ] } },
{ "type": "Feature", "properties": { "CLASSE": "PLANTIO" }, "geometry": { "type": "Point", "coordinates": [ -59.949374304521122, -3.135455527619555 ] } },
{ "type": "Feature", "properties": { "CLASSE": "PLANTIO" }, "geometry": { "type": "Point", "coordinates": [ -59.949241721490374, -3.135468535371558 ] } },
{ "type": "Feature", "properties": { "CLASSE": "PLANTIO" }, "geometry": { "type": "Point", "coordinates": [ -59.949439286925447, -3.135459446066136 ] } },
{ "type": "Feature", "properties": { "CLASSE": "PLANTIO" }, "geometry": { "type": "Point", "coordinates": [ -59.949511334277311, -3.135458778635943 ] } },
{ "type": "Feature", "properties": { "CLASSE": "PLANTIO" }, "geometry": { "type": "Point", "coordinates": [ -59.949579088563645, -3.135457444188333 ] } },
{ "type": "Feature", "properties": { "CLASSE": "PLANTIO" }, "geometry": { "type": "Point", "coordinates": [ -59.949309395720384, -3.135479791148043 ] } },
{ "type": "Feature", "properties": { "CLASSE": "PLANTIO" }, "geometry": { "type": "Point", "coordinates": [ -59.949240523840764, -3.135514435327394 ] } },
{ "type": "Feature", "properties": { "CLASSE": "PLANTIO" }, "geometry": { "type": "Point", "coordinates": [ -59.94943715235862, -3.135506930224366 ] } },
{ "type": "Feature", "properties": { "CLASSE": "PLANTIO" }, "geometry": { "type": "Point", "coordinates": [ -59.949509980862111, -3.135502677508534 ] } },
{ "type": "Feature", "properties": { "CLASSE": "PLANTIO" }, "geometry": { "type": "Point", "coordinates": [ -59.949577403010927, -3.135503886113007 ] } },
{ "type": "Feature", "properties": { "CLASSE": "PLANTIO" }, "geometry": { "type": "Point", "coordinates": [ -59.949309671117696, -3.13552758796164 ] } },
{ "type": "Feature", "properties": { "CLASSE": "PLANTIO" }, "geometry": { "type": "Point", "coordinates": [ -59.949372220852489, -3.135551329708704 ] } },
{ "type": "Feature", "properties": { "CLASSE": "PLANTIO" }, "geometry": { "type": "Point", "coordinates": [ -59.949434119796628, -3.135556498853788 ] } },
{ "type": "Feature", "properties": { "CLASSE": "PLANTIO" }, "geometry": { "type": "Point", "coordinates": [ -59.949578274036561, -3.135549119032099 ] } },
{ "type": "Feature", "properties": { "CLASSE": "PLANTIO" }, "geometry": { "type": "Point", "coordinates": [ -59.949509406444285, -3.135556581815912 ] } },
{ "type": "Feature", "properties": { "CLASSE": "PLANTIO" }, "geometry": { "type": "Point", "coordinates": [ -59.949307761029452, -3.135574550999785 ] } },
{ "type": "Feature", "properties": { "CLASSE": "PLANTIO" }, "geometry": { "type": "Point", "coordinates": [ -59.949644992955776, -3.135554913456332 ] } },
{ "type": "Feature", "properties": { "CLASSE": "PLANTIO" }, "geometry": { "type": "Point", "coordinates": [ -59.949369188279583, -3.135600898336733 ] } },
{ "type": "Feature", "properties": { "CLASSE": "PLANTIO" }, "geometry": { "type": "Point", "coordinates": [ -59.949436317243858, -3.135605150289379 ] } },
{ "type": "Feature", "properties": { "CLASSE": "PLANTIO" }, "geometry": { "type": "Point", "coordinates": [ -59.949507759828499, -3.135603524011039 ] } },
{ "type": "Feature", "properties": { "CLASSE": "PLANTIO" }, "geometry": { "type": "Point", "coordinates": [ -59.949575319391649, -3.135599688207634 ] } },
{ "type": "Feature", "properties": { "CLASSE": "PLANTIO" }, "geometry": { "type": "Point", "coordinates": [ -59.949306192286322, -3.135622493735241 ] } },
{ "type": "Feature", "properties": { "CLASSE": "PLANTIO" }, "geometry": { "type": "Point", "coordinates": [ -59.948972257996964, -3.135275931936349 ] } },
{ "type": "Feature", "properties": { "CLASSE": "PLANTIO" }, "geometry": { "type": "Point", "coordinates": [ -59.949170874942133, -3.135280350094156 ] } },
{ "type": "Feature", "properties": { "CLASSE": "PLANTIO" }, "geometry": { "type": "Point", "coordinates": [ -59.948910235785625, -3.135310034068056 ] } },
{ "type": "Feature", "properties": { "CLASSE": "PLANTIO" }, "geometry": { "type": "Point", "coordinates": [ -59.949038757219007, -3.135312951764078 ] } },
{ "type": "Feature", "properties": { "CLASSE": "PLANTIO" }, "geometry": { "type": "Point", "coordinates": [ -59.949169345143254, -3.135328793099966 ] } },
{ "type": "Feature", "properties": { "CLASSE": "PLANTIO" }, "geometry": { "type": "Point", "coordinates": [ -59.949100262300867, -3.135340299681125 ] } },
{ "type": "Feature", "properties": { "CLASSE": "PLANTIO" }, "geometry": { "type": "Point", "coordinates": [ -59.948909720793175, -3.135357893415019 ] } },
{ "type": "Feature", "properties": { "CLASSE": "PLANTIO" }, "geometry": { "type": "Point", "coordinates": [ -59.948840793742797, -3.135371401036522 ] } },
{ "type": "Feature", "properties": { "CLASSE": "PLANTIO" }, "geometry": { "type": "Point", "coordinates": [ -59.949039101288015, -3.135358226370577 ] } },
{ "type": "Feature", "properties": { "CLASSE": "PLANTIO" }, "geometry": { "type": "Point", "coordinates": [ -59.948971970226459, -3.13536756507478 ] } },
{ "type": "Feature", "properties": { "CLASSE": "PLANTIO" }, "geometry": { "type": "Point", "coordinates": [ -59.949169024931827, -3.135379153808863 ] } },
{ "type": "Feature", "properties": { "CLASSE": "PLANTIO" }, "geometry": { "type": "Point", "coordinates": [ -59.949101815965939, -3.135387491991608 ] } },
{ "type": "Feature", "properties": { "CLASSE": "PLANTIO" }, "geometry": { "type": "Point", "coordinates": [ -59.948911235483571, -3.135404585452328 ] } },
{ "type": "Feature", "properties": { "CLASSE": "PLANTIO" }, "geometry": { "type": "Point", "coordinates": [ -59.948837506854538, -3.135424513248246 ] } },
{ "type": "Feature", "properties": { "CLASSE": "PLANTIO" }, "geometry": { "type": "Point", "coordinates": [ -59.949036751372724, -3.13540975438795 ] } },
{ "type": "Feature", "properties": { "CLASSE": "PLANTIO" }, "geometry": { "type": "Point", "coordinates": [ -59.949168393122058, -3.135425512343716 ] } },
{ "type": "Feature", "properties": { "CLASSE": "PLANTIO" }, "geometry": { "type": "Point", "coordinates": [ -59.949099310260358, -3.135437018923106 ] } },
{ "type": "Feature", "properties": { "CLASSE": "PLANTIO" }, "geometry": { "type": "Point", "coordinates": [ -59.948905275175242, -3.135457405851191 ] } },
{ "type": "Feature", "properties": { "CLASSE": "PLANTIO" }, "geometry": { "type": "Point", "coordinates": [ -59.949034011961338, -3.13545627968778 ] } },
{ "type": "Feature", "properties": { "CLASSE": "PLANTIO" }, "geometry": { "type": "Point", "coordinates": [ -59.948838728331744, -3.135474248606748 ] } },
{ "type": "Feature", "properties": { "CLASSE": "PLANTIO" }, "geometry": { "type": "Point", "coordinates": [ -59.949166941215573, -3.135474955892619 ] } },
{ "type": "Feature", "properties": { "CLASSE": "PLANTIO" }, "geometry": { "type": "Point", "coordinates": [ -59.949101917713982, -3.135484127849878 ] } },
{ "type": "Feature", "properties": { "CLASSE": "PLANTIO" }, "geometry": { "type": "Point", "coordinates": [ -59.948903960636351, -3.13550180498715 ] } },
{ "type": "Feature", "properties": { "CLASSE": "PLANTIO" }, "geometry": { "type": "Point", "coordinates": [ -59.949035643512495, -3.135504472541051 ] } },
{ "type": "Feature", "properties": { "CLASSE": "PLANTIO" }, "geometry": { "type": "Point", "coordinates": [ -59.948967614427723, -3.135515895712373 ] } },
{ "type": "Feature", "properties": { "CLASSE": "PLANTIO" }, "geometry": { "type": "Point", "coordinates": [ -59.949165489306715, -3.135524399441337 ] } },
{ "type": "Feature", "properties": { "CLASSE": "PLANTIO" }, "geometry": { "type": "Point", "coordinates": [ -59.949100465795915, -3.135533571397609 ] } },
{ "type": "Feature", "properties": { "CLASSE": "PLANTIO" }, "geometry": { "type": "Point", "coordinates": [ -59.948909592033665, -3.135553708172843 ] } },
{ "type": "Feature", "properties": { "CLASSE": "PLANTIO" }, "geometry": { "type": "Point", "coordinates": [ -59.948839142679411, -3.135568091272788 ] } },
{ "type": "Feature", "properties": { "CLASSE": "PLANTIO" }, "geometry": { "type": "Point", "coordinates": [ -59.949034718480583, -3.135553874396031 ] } },
{ "type": "Feature", "properties": { "CLASSE": "PLANTIO" }, "geometry": { "type": "Point", "coordinates": [ -59.948968641173515, -3.135563129713162 ] } },
{ "type": "Feature", "properties": { "CLASSE": "PLANTIO" }, "geometry": { "type": "Point", "coordinates": [ -59.94923891614183, -3.135561877790195 ] } },
{ "type": "Feature", "properties": { "CLASSE": "PLANTIO" }, "geometry": { "type": "Point", "coordinates": [ -59.949164701692943, -3.135568756888922 ] } },
{ "type": "Feature", "properties": { "CLASSE": "PLANTIO" }, "geometry": { "type": "Point", "coordinates": [ -59.94910096566236, -3.135580847091283 ] } },
{ "type": "Feature", "properties": { "CLASSE": "PLANTIO" }, "geometry": { "type": "Point", "coordinates": [ -59.948909681825661, -3.135602526371244 ] } },
{ "type": "Feature", "properties": { "CLASSE": "PLANTIO" }, "geometry": { "type": "Point", "coordinates": [ -59.949034496695155, -3.135598690422022 ] } },
{ "type": "Feature", "properties": { "CLASSE": "PLANTIO" }, "geometry": { "type": "Point", "coordinates": [ -59.948968380430408, -3.135607445466619 ] } },
{ "type": "Feature", "properties": { "CLASSE": "PLANTIO" }, "geometry": { "type": "Point", "coordinates": [ -59.949165201566451, -3.135616032583144 ] } },
{ "type": "Feature", "properties": { "CLASSE": "PLANTIO" }, "geometry": { "type": "Point", "coordinates": [ -59.949236527295319, -3.13561290553892 ] } },
{ "type": "Feature", "properties": { "CLASSE": "PLANTIO" }, "geometry": { "type": "Point", "coordinates": [ -59.949101426577762, -3.13562762251312 ] } },
{ "type": "Feature", "properties": { "CLASSE": "PLANTIO" }, "geometry": { "type": "Point", "coordinates": [ -59.948909732666699, -3.1356508442978 ] } },
{ "type": "Feature", "properties": { "CLASSE": "PLANTIO" }, "geometry": { "type": "Point", "coordinates": [ -59.949032712613125, -3.135650677018717 ] } },
{ "type": "Feature", "properties": { "CLASSE": "PLANTIO" }, "geometry": { "type": "Point", "coordinates": [ -59.948443800092313, -3.135324793756972 ] } },
{ "type": "Feature", "properties": { "CLASSE": "PLANTIO" }, "geometry": { "type": "Point", "coordinates": [ -59.948585864985951, -3.135324626549973 ] } },
{ "type": "Feature", "properties": { "CLASSE": "PLANTIO" }, "geometry": { "type": "Point", "coordinates": [ -59.94871555920772, -3.135315371065175 ] } },
{ "type": "Feature", "properties": { "CLASSE": "PLANTIO" }, "geometry": { "type": "Point", "coordinates": [ -59.948517893272971, -3.135343595412508 ] } },
{ "type": "Feature", "properties": { "CLASSE": "PLANTIO" }, "geometry": { "type": "Point", "coordinates": [ -59.948778237061411, -3.135330545743564 ] } },
{ "type": "Feature", "properties": { "CLASSE": "PLANTIO" }, "geometry": { "type": "Point", "coordinates": [ -59.948648698626592, -3.135341802335532 ] } },
{ "type": "Feature", "properties": { "CLASSE": "PLANTIO" }, "geometry": { "type": "Point", "coordinates": [ -59.948444221983671, -3.135371068901023 ] } },
{ "type": "Feature", "properties": { "CLASSE": "PLANTIO" }, "geometry": { "type": "Point", "coordinates": [ -59.948713795653468, -3.135360812433504 ] } },
{ "type": "Feature", "properties": { "CLASSE": "PLANTIO" }, "geometry": { "type": "Point", "coordinates": [ -59.948585544693863, -3.135374987251446 ] } },
{ "type": "Feature", "properties": { "CLASSE": "PLANTIO" }, "geometry": { "type": "Point", "coordinates": [ -59.948518899402451, -3.135397374633172 ] } },
{ "type": "Feature", "properties": { "CLASSE": "PLANTIO" }, "geometry": { "type": "Point", "coordinates": [ -59.948649432133955, -3.135392079655411 ] } },
{ "type": "Feature", "properties": { "CLASSE": "PLANTIO" }, "geometry": { "type": "Point", "coordinates": [ -59.948778072591686, -3.135382907534364 ] } },
{ "type": "Feature", "properties": { "CLASSE": "PLANTIO" }, "geometry": { "type": "Point", "coordinates": [ -59.948443979567038, -3.135422430144011 ] } },
{ "type": "Feature", "properties": { "CLASSE": "PLANTIO" }, "geometry": { "type": "Point", "coordinates": [ -59.948714139680199, -3.135406087036699 ] } },
{ "type": "Feature", "properties": { "CLASSE": "PLANTIO" }, "geometry": { "type": "Point", "coordinates": [ -59.94858514650219, -3.135424347409305 ] } },
{ "type": "Feature", "properties": { "CLASSE": "PLANTIO" }, "geometry": { "type": "Point", "coordinates": [ -59.948520746193672, -3.135441523617999 ] } },
{ "type": "Feature", "properties": { "CLASSE": "PLANTIO" }, "geometry": { "type": "Point", "coordinates": [ -59.948778494523587, -3.135429182681648 ] } },
{ "type": "Feature", "properties": { "CLASSE": "PLANTIO" }, "geometry": { "type": "Point", "coordinates": [ -59.948646848469487, -3.135440606035246 ] } },
{ "type": "Feature", "properties": { "CLASSE": "PLANTIO" }, "geometry": { "type": "Point", "coordinates": [ -59.948444030353038, -3.135470748065678 ] } },
{ "type": "Feature", "properties": { "CLASSE": "PLANTIO" }, "geometry": { "type": "Point", "coordinates": [ -59.94871510688747, -3.135459365987515 ] } },
{ "type": "Feature", "properties": { "CLASSE": "PLANTIO" }, "geometry": { "type": "Point", "coordinates": [ -59.948583538722012, -3.135471789862301 ] } },
{ "type": "Feature", "properties": { "CLASSE": "PLANTIO" }, "geometry": { "type": "Point", "coordinates": [ -59.948516132823634, -3.135491217302686 ] } },
{ "type": "Feature", "properties": { "CLASSE": "PLANTIO" }, "geometry": { "type": "Point", "coordinates": [ -59.948647581972757, -3.135490883354919 ] } },
{ "type": "Feature", "properties": { "CLASSE": "PLANTIO" }, "geometry": { "type": "Point", "coordinates": [ -59.948779383841462, -3.135481461089611 ] } },
{ "type": "Feature", "properties": { "CLASSE": "PLANTIO" }, "geometry": { "type": "Point", "coordinates": [ -59.948442578346494, -3.135520191603277 ] } },
{ "type": "Feature", "properties": { "CLASSE": "PLANTIO" }, "geometry": { "type": "Point", "coordinates": [ -59.94871244533082, -3.135506891824882 ] } },
{ "type": "Feature", "properties": { "CLASSE": "PLANTIO" }, "geometry": { "type": "Point", "coordinates": [ -59.948584194317981, -3.135521066637828 ] } },
{ "type": "Feature", "properties": { "CLASSE": "PLANTIO" }, "geometry": { "type": "Point", "coordinates": [ -59.948515012979009, -3.135538117791768 ] } },
{ "type": "Feature", "properties": { "CLASSE": "PLANTIO" }, "geometry": { "type": "Point", "coordinates": [ -59.948777776084064, -3.135528903545421 ] } },
{ "type": "Feature", "properties": { "CLASSE": "PLANTIO" }, "geometry": { "type": "Point", "coordinates": [ -59.948647183784793, -3.135540243513326 ] } },
{ "type": "Feature", "properties": { "CLASSE": "PLANTIO" }, "geometry": { "type": "Point", "coordinates": [ -59.948441282131448, -3.135571636227596 ] } },
{ "type": "Feature", "properties": { "CLASSE": "PLANTIO" }, "geometry": { "type": "Point", "coordinates": [ -59.948712047151041, -3.13555625198407 ] } },
{ "type": "Feature", "properties": { "CLASSE": "PLANTIO" }, "geometry": { "type": "Point", "coordinates": [ -59.948583718222828, -3.135569426251912 ] } },
{ "type": "Feature", "properties": { "CLASSE": "PLANTIO" }, "geometry": { "type": "Point", "coordinates": [ -59.948515990433968, -3.135588124128596 ] } },
{ "type": "Feature", "properties": { "CLASSE": "PLANTIO" }, "geometry": { "type": "Point", "coordinates": [ -59.948778198010679, -3.135575178692413 ] } },
{ "type": "Feature", "properties": { "CLASSE": "PLANTIO" }, "geometry": { "type": "Point", "coordinates": [ -59.948646902440991, -3.135591104486785 ] } },
{ "type": "Feature", "properties": { "CLASSE": "PLANTIO" }, "geometry": { "type": "Point", "coordinates": [ -59.948441099220609, -3.135616952518568 ] } },
{ "type": "Feature", "properties": { "CLASSE": "PLANTIO" }, "geometry": { "type": "Point", "coordinates": [ -59.948711337378491, -3.135601609969356 ] } },
{ "type": "Feature", "properties": { "CLASSE": "PLANTIO" }, "geometry": { "type": "Point", "coordinates": [ -59.948582383076833, -3.135620370606595 ] } },
{ "type": "Feature", "properties": { "CLASSE": "PLANTIO" }, "geometry": { "type": "Point", "coordinates": [ -59.948835701069278, -3.135612407037243 ] } },
{ "type": "Feature", "properties": { "CLASSE": "PLANTIO" }, "geometry": { "type": "Point", "coordinates": [ -59.948513787036454, -3.135638130475151 ] } },
{ "type": "Feature", "properties": { "CLASSE": "PLANTIO" }, "geometry": { "type": "Point", "coordinates": [ -59.948778464139998, -3.135619452752415 ] } },
{ "type": "Feature", "properties": { "CLASSE": "PLANTIO" }, "geometry": { "type": "Point", "coordinates": [ -59.948647129605, -3.135634878273748 ] } },
{ "type": "Feature", "properties": { "CLASSE": "PLANTIO" }, "geometry": { "type": "Point", "coordinates": [ -59.948442574893257, -3.135663144280379 ] } },
{ "type": "Feature", "properties": { "CLASSE": "PLANTIO" }, "geometry": { "type": "Point", "coordinates": [ -59.948710939194633, -3.13565097012831 ] } },
{ "type": "Feature", "properties": { "CLASSE": "PLANTIO" }, "geometry": { "type": "Point", "coordinates": [ -59.948581712234294, -3.135666228861844 ] } },
{ "type": "Feature", "properties": { "CLASSE": "PLANTIO" }, "geometry": { "type": "Point", "coordinates": [ -59.94851451132201, -3.135684885045571 ] } },
{ "type": "Feature", "properties": { "CLASSE": "PLANTIO" }, "geometry": { "type": "Point", "coordinates": [ -59.948835868747047, -3.135662225778134 ] } },
{ "type": "Feature", "properties": { "CLASSE": "PLANTIO" }, "geometry": { "type": "Point", "coordinates": [ -59.948778182811274, -3.135670313727374 ] } },
{ "type": "Feature", "properties": { "CLASSE": "PLANTIO" }, "geometry": { "type": "Point", "coordinates": [ -59.948646497718805, -3.135681236801503 ] } },
{ "type": "Feature", "properties": { "CLASSE": "PLANTIO" }, "geometry": { "type": "Point", "coordinates": [ -59.948378661963666, -3.135318874062705 ] } },
{ "type": "Feature", "properties": { "CLASSE": "PLANTIO" }, "geometry": { "type": "Point", "coordinates": [ -59.948379317537508, -3.135368150836477 ] } },
{ "type": "Feature", "properties": { "CLASSE": "PLANTIO" }, "geometry": { "type": "Point", "coordinates": [ -59.94837989521276, -3.135416427066716 ] } },
{ "type": "Feature", "properties": { "CLASSE": "PLANTIO" }, "geometry": { "type": "Point", "coordinates": [ -59.948376179823107, -3.135464036279707 ] } },
{ "type": "Feature", "properties": { "CLASSE": "PLANTIO" }, "geometry": { "type": "Point", "coordinates": [ -59.948378044976401, -3.135515230758493 ] } },
{ "type": "Feature", "properties": { "CLASSE": "PLANTIO" }, "geometry": { "type": "Point", "coordinates": [ -59.948377335163862, -3.135560588739644 ] } },
{ "type": "Feature", "properties": { "CLASSE": "PLANTIO" }, "geometry": { "type": "Point", "coordinates": [ -59.948376371091975, -3.135609490313499 ] } },
{ "type": "Feature", "properties": { "CLASSE": "PLANTIO" }, "geometry": { "type": "Point", "coordinates": [ -59.948377592498964, -3.135659225667624 ] } },
{ "type": "Feature", "properties": { "CLASSE": "PLANTIO" }, "geometry": { "type": "Point", "coordinates": [ -59.950169207209491, -3.135567291711233 ] } },
{ "type": "Feature", "properties": { "CLASSE": "PLANTIO" }, "geometry": { "type": "Point", "coordinates": [ -59.950104241046255, -3.135584009603669 ] } },
{ "type": "Feature", "properties": { "CLASSE": "PLANTIO" }, "geometry": { "type": "Point", "coordinates": [ -59.950233775393848, -3.13559993398615 ] } },
{ "type": "Feature", "properties": { "CLASSE": "PLANTIO" }, "geometry": { "type": "Point", "coordinates": [ -59.950299655851531, -3.135601767820653 ] } },
{ "type": "Feature", "properties": { "CLASSE": "PLANTIO" }, "geometry": { "type": "Point", "coordinates": [ -59.950172751739466, -3.135612816441203 ] } },
{ "type": "Feature", "properties": { "CLASSE": "PLANTIO" }, "geometry": { "type": "Point", "coordinates": [ -59.950102555554913, -3.13563045153608 ] } },
{ "type": "Feature", "properties": { "CLASSE": "PLANTIO" }, "geometry": { "type": "Point", "coordinates": [ -59.950232167820168, -3.135647376464 ] } },
{ "type": "Feature", "properties": { "CLASSE": "PLANTIO" }, "geometry": { "type": "Point", "coordinates": [ -59.950299024177063, -3.13564812636929 ] } },
{ "type": "Feature", "properties": { "CLASSE": "PLANTIO" }, "geometry": { "type": "Point", "coordinates": [ -59.950169054987349, -3.135667471188519 ] } },
{ "type": "Feature", "properties": { "CLASSE": "PLANTIO" }, "geometry": { "type": "Point", "coordinates": [ -59.950101064815222, -3.13567939482715 ] } },
{ "type": "Feature", "properties": { "CLASSE": "PLANTIO" }, "geometry": { "type": "Point", "coordinates": [ -59.950229584353217, -3.135695902871731 ] } },
{ "type": "Feature", "properties": { "CLASSE": "PLANTIO" }, "geometry": { "type": "Point", "coordinates": [ -59.950298626206852, -3.135697486548388 ] } },
{ "type": "Feature", "properties": { "CLASSE": "PLANTIO" }, "geometry": { "type": "Point", "coordinates": [ -59.950169965032252, -3.135713204384153 ] } },
{ "type": "Feature", "properties": { "CLASSE": "PLANTIO" }, "geometry": { "type": "Point", "coordinates": [ -59.950101447954644, -3.135725169715215 ] } },
{ "type": "Feature", "properties": { "CLASSE": "PLANTIO" }, "geometry": { "type": "Point", "coordinates": [ -59.950229108469834, -3.135744262506321 ] } },
{ "type": "Feature", "properties": { "CLASSE": "PLANTIO" }, "geometry": { "type": "Point", "coordinates": [ -59.950297096539494, -3.135745929570547 ] } },
{ "type": "Feature", "properties": { "CLASSE": "PLANTIO" }, "geometry": { "type": "Point", "coordinates": [ -59.950168474297975, -3.135762147676019 ] } },
{ "type": "Feature", "properties": { "CLASSE": "PLANTIO" }, "geometry": { "type": "Point", "coordinates": [ -59.950366527916451, -3.135752515953875 ] } },
{ "type": "Feature", "properties": { "CLASSE": "PLANTIO" }, "geometry": { "type": "Point", "coordinates": [ -59.950103352294313, -3.135776864478167 ] } },
{ "type": "Feature", "properties": { "CLASSE": "PLANTIO" }, "geometry": { "type": "Point", "coordinates": [ -59.950231051778054, -3.135796457541943 ] } },
{ "type": "Feature", "properties": { "CLASSE": "PLANTIO" }, "geometry": { "type": "Point", "coordinates": [ -59.950299704140726, -3.135793038502435 ] } },
{ "type": "Feature", "properties": { "CLASSE": "PLANTIO" }, "geometry": { "type": "Point", "coordinates": [ -59.950166417713938, -3.135810632389145 ] } },
{ "type": "Feature", "properties": { "CLASSE": "PLANTIO" }, "geometry": { "type": "Point", "coordinates": [ -59.950370423026435, -3.13580254312977 ] } },
{ "type": "Feature", "properties": { "CLASSE": "PLANTIO" }, "geometry": { "type": "Point", "coordinates": [ -59.950106076721333, -3.13582547422434 ] } },
{ "type": "Feature", "properties": { "CLASSE": "PLANTIO" }, "geometry": { "type": "Point", "coordinates": [ -59.95023083013124, -3.135841273580816 ] } },
{ "type": "Feature", "properties": { "CLASSE": "PLANTIO" }, "geometry": { "type": "Point", "coordinates": [ -59.950168917650906, -3.135859763253947 ] } },
{ "type": "Feature", "properties": { "CLASSE": "PLANTIO" }, "geometry": { "type": "Point", "coordinates": [ -59.950369420260763, -3.135850944459335 ] } },
{ "type": "Feature", "properties": { "CLASSE": "PLANTIO" }, "geometry": { "type": "Point", "coordinates": [ -59.950104020126211, -3.135873958936301 ] } },
{ "type": "Feature", "properties": { "CLASSE": "PLANTIO" }, "geometry": { "type": "Point", "coordinates": [ -59.950235114728407, -3.135896303473913 ] } },
{ "type": "Feature", "properties": { "CLASSE": "PLANTIO" }, "geometry": { "type": "Point", "coordinates": [ -59.950170617326883, -3.135909964150741 ] } },
{ "type": "Feature", "properties": { "CLASSE": "PLANTIO" }, "geometry": { "type": "Point", "coordinates": [ -59.950304197688247, -3.135884796700601 ] } },
{ "type": "Feature", "properties": { "CLASSE": "PLANTIO" }, "geometry": { "type": "Point", "coordinates": [ -59.950371578873607, -3.135899095628353 ] } },
{ "type": "Feature", "properties": { "CLASSE": "PLANTIO" }, "geometry": { "type": "Point", "coordinates": [ -59.950104997788323, -3.135923965287411 ] } },
{ "type": "Feature", "properties": { "CLASSE": "PLANTIO" }, "geometry": { "type": "Point", "coordinates": [ -59.949844229078103, -3.135594517083256 ] } },
{ "type": "Feature", "properties": { "CLASSE": "PLANTIO" }, "geometry": { "type": "Point", "coordinates": [ -59.950036097211871, -3.135580341421935 ] } },
{ "type": "Feature", "properties": { "CLASSE": "PLANTIO" }, "geometry": { "type": "Point", "coordinates": [ -59.949906714438463, -3.13559359950893 ] } },
{ "type": "Feature", "properties": { "CLASSE": "PLANTIO" }, "geometry": { "type": "Point", "coordinates": [ -59.949710864837392, -3.135611110277374 ] } },
{ "type": "Feature", "properties": { "CLASSE": "PLANTIO" }, "geometry": { "type": "Point", "coordinates": [ -59.94997380447662, -3.135597351098895 ] } },
{ "type": "Feature", "properties": { "CLASSE": "PLANTIO" }, "geometry": { "type": "Point", "coordinates": [ -59.949777561098522, -3.135637040628239 ] } },
{ "type": "Feature", "properties": { "CLASSE": "PLANTIO" }, "geometry": { "type": "Point", "coordinates": [ -59.950034567514784, -3.135628784440328 ] } },
{ "type": "Feature", "properties": { "CLASSE": "PLANTIO" }, "geometry": { "type": "Point", "coordinates": [ -59.949843831048376, -3.135643877256705 ] } },
{ "type": "Feature", "properties": { "CLASSE": "PLANTIO" }, "geometry": { "type": "Point", "coordinates": [ -59.949907214407894, -3.13564087521052 ] } },
{ "type": "Feature", "properties": { "CLASSE": "PLANTIO" }, "geometry": { "type": "Point", "coordinates": [ -59.949709939892578, -3.135660512141619 ] } },
{ "type": "Feature", "properties": { "CLASSE": "PLANTIO" }, "geometry": { "type": "Point", "coordinates": [ -59.949971220977837, -3.135645877502107 ] } },
{ "type": "Feature", "properties": { "CLASSE": "PLANTIO" }, "geometry": { "type": "Point", "coordinates": [ -59.949777085157386, -3.135685400257252 ] } },
{ "type": "Feature", "properties": { "CLASSE": "PLANTIO" }, "geometry": { "type": "Point", "coordinates": [ -59.949845462701312, -3.135692070115603 ] } },
{ "type": "Feature", "properties": { "CLASSE": "PLANTIO" }, "geometry": { "type": "Point", "coordinates": [ -59.950032139825204, -3.135679311931526 ] } },
{ "type": "Feature", "properties": { "CLASSE": "PLANTIO" }, "geometry": { "type": "Point", "coordinates": [ -59.949711942622606, -3.13570666221996 ] } },
{ "type": "Feature", "properties": { "CLASSE": "PLANTIO" }, "geometry": { "type": "Point", "coordinates": [ -59.949909235574204, -3.135694070787409 ] } },
{ "type": "Feature", "properties": { "CLASSE": "PLANTIO" }, "geometry": { "type": "Point", "coordinates": [ -59.949972852647726, -3.135694070361957 ] } },
{ "type": "Feature", "properties": { "CLASSE": "PLANTIO" }, "geometry": { "type": "Point", "coordinates": [ -59.949776822373174, -3.135743306741958 ] } },
{ "type": "Feature", "properties": { "CLASSE": "PLANTIO" }, "geometry": { "type": "Point", "coordinates": [ -59.950033693600808, -3.135726504248275 ] } },
{ "type": "Feature", "properties": { "CLASSE": "PLANTIO" }, "geometry": { "type": "Point", "coordinates": [ -59.94984084949612, -3.135741763830609 ] } },
{ "type": "Feature", "properties": { "CLASSE": "PLANTIO" }, "geometry": { "type": "Point", "coordinates": [ -59.949713086309508, -3.135755397042089 ] } },
{ "type": "Feature", "properties": { "CLASSE": "PLANTIO" }, "geometry": { "type": "Point", "coordinates": [ -59.949907627954438, -3.135741513260058 ] } },
{ "type": "Feature", "properties": { "CLASSE": "PLANTIO" }, "geometry": { "type": "Point", "coordinates": [ -59.949973586325477, -3.135744347694512 ] } },
{ "type": "Feature", "properties": { "CLASSE": "PLANTIO" }, "geometry": { "type": "Point", "coordinates": [ -59.949774786281175, -3.135785246223236 ] } },
{ "type": "Feature", "properties": { "CLASSE": "PLANTIO" }, "geometry": { "type": "Point", "coordinates": [ -59.950035325276282, -3.135774697108424 ] } },
{ "type": "Feature", "properties": { "CLASSE": "PLANTIO" }, "geometry": { "type": "Point", "coordinates": [ -59.949844588731374, -3.135789789918455 ] } },
{ "type": "Feature", "properties": { "CLASSE": "PLANTIO" }, "geometry": { "type": "Point", "coordinates": [ -59.949909025909797, -3.135786704488758 ] } },
{ "type": "Feature", "properties": { "CLASSE": "PLANTIO" }, "geometry": { "type": "Point", "coordinates": [ -59.949714678990951, -3.135803089628105 ] } },
{ "type": "Feature", "properties": { "CLASSE": "PLANTIO" }, "geometry": { "type": "Point", "coordinates": [ -59.949976271785395, -3.135792457168421 ] } },
{ "type": "Feature", "properties": { "CLASSE": "PLANTIO" }, "geometry": { "type": "Point", "coordinates": [ -59.949845285570966, -3.135825976255155 ] } },
{ "type": "Feature", "properties": { "CLASSE": "PLANTIO" }, "geometry": { "type": "Point", "coordinates": [ -59.949777178518154, -3.135836399019283 ] } },
{ "type": "Feature", "properties": { "CLASSE": "PLANTIO" }, "geometry": { "type": "Point", "coordinates": [ -59.950039064536789, -3.135822723196618 ] } },
{ "type": "Feature", "properties": { "CLASSE": "PLANTIO" }, "geometry": { "type": "Point", "coordinates": [ -59.949712445999843, -3.135856118471771 ] } },
{ "type": "Feature", "properties": { "CLASSE": "PLANTIO" }, "geometry": { "type": "Point", "coordinates": [ -59.949975795864439, -3.135840816799586 ] } },
{ "type": "Feature", "properties": { "CLASSE": "PLANTIO" }, "geometry": { "type": "Point", "coordinates": [ -59.949913226891432, -3.135835580791344 ] } },
{ "type": "Feature", "properties": { "CLASSE": "PLANTIO" }, "geometry": { "type": "Point", "coordinates": [ -59.949778644082862, -3.135885863403033 ] } },
{ "type": "Feature", "properties": { "CLASSE": "PLANTIO" }, "geometry": { "type": "Point", "coordinates": [ -59.949842349357333, -3.135883590932295 ] } },
{ "type": "Feature", "properties": { "CLASSE": "PLANTIO" }, "geometry": { "type": "Point", "coordinates": [ -59.950038510721718, -3.135870082285038 ] } },
{ "type": "Feature", "properties": { "CLASSE": "PLANTIO" }, "geometry": { "type": "Point", "coordinates": [ -59.94971384392705, -3.135901309698859 ] } },
{ "type": "Feature", "properties": { "CLASSE": "PLANTIO" }, "geometry": { "type": "Point", "coordinates": [ -59.949909673147793, -3.13589034416821 ] } },
{ "type": "Feature", "properties": { "CLASSE": "PLANTIO" }, "geometry": { "type": "Point", "coordinates": [ -59.949974948846851, -3.135891219210535 ] } },
{ "type": "Feature", "properties": { "CLASSE": "PLANTIO" }, "geometry": { "type": "Point", "coordinates": [ -59.94984456739143, -3.135925697144401 ] } },
{ "type": "Feature", "properties": { "CLASSE": "PLANTIO" }, "geometry": { "type": "Point", "coordinates": [ -59.949781046588789, -3.135933743586286 ] } },
{ "type": "Feature", "properties": { "CLASSE": "PLANTIO" }, "geometry": { "type": "Point", "coordinates": [ -59.950038112707098, -3.135919442460334 ] } },
{ "type": "Feature", "properties": { "CLASSE": "PLANTIO" }, "geometry": { "type": "Point", "coordinates": [ -59.949715709254598, -3.135952504186911 ] } },
{ "type": "Feature", "properties": { "CLASSE": "PLANTIO" }, "geometry": { "type": "Point", "coordinates": [ -59.9499107779043, -3.135938578719987 ] } },
{ "type": "Feature", "properties": { "CLASSE": "PLANTIO" }, "geometry": { "type": "Point", "coordinates": [ -59.949975038768976, -3.135940037420319 ] } },
{ "type": "Feature", "properties": { "CLASSE": "PLANTIO" }, "geometry": { "type": "Point", "coordinates": [ -59.949845262092175, -3.135975474203498 ] } },
{ "type": "Feature", "properties": { "CLASSE": "PLANTIO" }, "geometry": { "type": "Point", "coordinates": [ -59.949645492892508, -3.135602189155392 ] } },
{ "type": "Feature", "properties": { "CLASSE": "PLANTIO" }, "geometry": { "type": "Point", "coordinates": [ -59.949367209496366, -3.135650383580376 ] } },
{ "type": "Feature", "properties": { "CLASSE": "PLANTIO" }, "geometry": { "type": "Point", "coordinates": [ -59.949437538796893, -3.135654885652777 ] } },
{ "type": "Feature", "properties": { "CLASSE": "PLANTIO" }, "geometry": { "type": "Point", "coordinates": [ -59.949507244902925, -3.135651383364902 ] } },
{ "type": "Feature", "properties": { "CLASSE": "PLANTIO" }, "geometry": { "type": "Point", "coordinates": [ -59.949576951010208, -3.135647881064642 ] } },
{ "type": "Feature", "properties": { "CLASSE": "PLANTIO" }, "geometry": { "type": "Point", "coordinates": [ -59.949306360028295, -3.135672312481468 ] } },
{ "type": "Feature", "properties": { "CLASSE": "PLANTIO" }, "geometry": { "type": "Point", "coordinates": [ -59.949646070727773, -3.135650465397816 ] } },
{ "type": "Feature", "properties": { "CLASSE": "PLANTIO" }, "geometry": { "type": "Point", "coordinates": [ -59.949370421774326, -3.135698451359524 ] } },
{ "type": "Feature", "properties": { "CLASSE": "PLANTIO" }, "geometry": { "type": "Point", "coordinates": [ -59.949438116602472, -3.135703161893062 ] } },
{ "type": "Feature", "properties": { "CLASSE": "PLANTIO" }, "geometry": { "type": "Point", "coordinates": [ -59.949506768925268, -3.135699742990433 ] } },
{ "type": "Feature", "properties": { "CLASSE": "PLANTIO" }, "geometry": { "type": "Point", "coordinates": [ -59.949575654949378, -3.135699325706256 ] } },
{ "type": "Feature", "properties": { "CLASSE": "PLANTIO" }, "geometry": { "type": "Point", "coordinates": [ -59.949307464712099, -3.135720547028384 ] } },
{ "type": "Feature", "properties": { "CLASSE": "PLANTIO" }, "geometry": { "type": "Point", "coordinates": [ -59.949648989847482, -3.135701576500821 ] } },
{ "type": "Feature", "properties": { "CLASSE": "PLANTIO" }, "geometry": { "type": "Point", "coordinates": [ -59.949369613628768, -3.135749354033976 ] } },
{ "type": "Feature", "properties": { "CLASSE": "PLANTIO" }, "geometry": { "type": "Point", "coordinates": [ -59.949437484814361, -3.135749520430643 ] } },
{ "type": "Feature", "properties": { "CLASSE": "PLANTIO" }, "geometry": { "type": "Point", "coordinates": [ -59.949576076971717, -3.135745600860865 ] } },
{ "type": "Feature", "properties": { "CLASSE": "PLANTIO" }, "geometry": { "type": "Point", "coordinates": [ -59.949508790030315, -3.135752938564224 ] } },
{ "type": "Feature", "properties": { "CLASSE": "PLANTIO" }, "geometry": { "type": "Point", "coordinates": [ -59.949308198296428, -3.135770824354204 ] } },
{ "type": "Feature", "properties": { "CLASSE": "PLANTIO" }, "geometry": { "type": "Point", "coordinates": [ -59.94964843598644, -3.13574893558458 ] } },
{ "type": "Feature", "properties": { "CLASSE": "PLANTIO" }, "geometry": { "type": "Point", "coordinates": [ -59.949369742424743, -3.13579867250894 ] } },
{ "type": "Feature", "properties": { "CLASSE": "PLANTIO" }, "geometry": { "type": "Point", "coordinates": [ -59.949437320421801, -3.135801882228982 ] } },
{ "type": "Feature", "properties": { "CLASSE": "PLANTIO" }, "geometry": { "type": "Point", "coordinates": [ -59.949512217621496, -3.135796962477471 ] } },
{ "type": "Feature", "properties": { "CLASSE": "PLANTIO" }, "geometry": { "type": "Point", "coordinates": [ -59.949578762378387, -3.135793710332919 ] } },
{ "type": "Feature", "properties": { "CLASSE": "PLANTIO" }, "geometry": { "type": "Point", "coordinates": [ -59.949308620282032, -3.135817099505985 ] } },
{ "type": "Feature", "properties": { "CLASSE": "PLANTIO" }, "geometry": { "type": "Point", "coordinates": [ -59.949649013816646, -3.135797211826755 ] } },
{ "type": "Feature", "properties": { "CLASSE": "PLANTIO" }, "geometry": { "type": "Point", "coordinates": [ -59.94937133505929, -3.135846365092391 ] } },
{ "type": "Feature", "properties": { "CLASSE": "PLANTIO" }, "geometry": { "type": "Point", "coordinates": [ -59.949512717532009, -3.135844238174755 ] } },
{ "type": "Feature", "properties": { "CLASSE": "PLANTIO" }, "geometry": { "type": "Point", "coordinates": [ -59.949439107814122, -3.135852076171609 ] } },
{ "type": "Feature", "properties": { "CLASSE": "PLANTIO" }, "geometry": { "type": "Point", "coordinates": [ -59.949579495997519, -3.135843987661303 ] } },
{ "type": "Feature", "properties": { "CLASSE": "PLANTIO" }, "geometry": { "type": "Point", "coordinates": [ -59.949308611666389, -3.135871462389467 ] } },
{ "type": "Feature", "properties": { "CLASSE": "PLANTIO" }, "geometry": { "type": "Point", "coordinates": [ -59.94964658606596, -3.135847739310528 ] } },
{ "type": "Feature", "properties": { "CLASSE": "PLANTIO" }, "geometry": { "type": "Point", "coordinates": [ -59.949372068647627, -3.135896642418572 ] } },
{ "type": "Feature", "properties": { "CLASSE": "PLANTIO" }, "geometry": { "type": "Point", "coordinates": [ -59.949510133960821, -3.13589276456895 ] } },
{ "type": "Feature", "properties": { "CLASSE": "PLANTIO" }, "geometry": { "type": "Point", "coordinates": [ -59.949577810428643, -3.135890429585054 ] } },
{ "type": "Feature", "properties": { "CLASSE": "PLANTIO" }, "geometry": { "type": "Point", "coordinates": [ -59.94930921919758, -3.135916716151634 ] } },
{ "type": "Feature", "properties": { "CLASSE": "PLANTIO" }, "geometry": { "type": "Point", "coordinates": [ -59.949645212105843, -3.135898183409246 ] } },
{ "type": "Feature", "properties": { "CLASSE": "PLANTIO" }, "geometry": { "type": "Point", "coordinates": [ -59.949374168701063, -3.135944043173929 ] } },
{ "type": "Feature", "properties": { "CLASSE": "PLANTIO" }, "geometry": { "type": "Point", "coordinates": [ -59.94951063386754, -3.135940040266028 ] } },
{ "type": "Feature", "properties": { "CLASSE": "PLANTIO" }, "geometry": { "type": "Point", "coordinates": [ -59.949441317202691, -3.135948545267027 ] } },
{ "type": "Feature", "properties": { "CLASSE": "PLANTIO" }, "geometry": { "type": "Point", "coordinates": [ -59.949576280657347, -3.135938872595631 ] } },
{ "type": "Feature", "properties": { "CLASSE": "PLANTIO" }, "geometry": { "type": "Point", "coordinates": [ -59.949311377666426, -3.135964867314186 ] } },
{ "type": "Feature", "properties": { "CLASSE": "PLANTIO" }, "geometry": { "type": "Point", "coordinates": [ -59.949647897516961, -3.135946292881407 ] } },
{ "type": "Feature", "properties": { "CLASSE": "PLANTIO" }, "geometry": { "type": "Point", "coordinates": [ -59.949373936667477, -3.135992131815215 ] } },
{ "type": "Feature", "properties": { "CLASSE": "PLANTIO" }, "geometry": { "type": "Point", "coordinates": [ -59.949513319259331, -3.135988149737479 ] } },
{ "type": "Feature", "properties": { "CLASSE": "PLANTIO" }, "geometry": { "type": "Point", "coordinates": [ -59.949578927108043, -3.135986481795676 ] } },
{ "type": "Feature", "properties": { "CLASSE": "PLANTIO" }, "geometry": { "type": "Point", "coordinates": [ -59.949443260389337, -3.136000740296346 ] } },
{ "type": "Feature", "properties": { "CLASSE": "PLANTIO" }, "geometry": { "type": "Point", "coordinates": [ -59.949313877481423, -3.136013998174157 ] } },
{ "type": "Feature", "properties": { "CLASSE": "PLANTIO" }, "geometry": { "type": "Point", "coordinates": [ -59.948967084285535, -3.135658890098888 ] } },
{ "type": "Feature", "properties": { "CLASSE": "PLANTIO" }, "geometry": { "type": "Point", "coordinates": [ -59.949161642066294, -3.135665642898786 ] } },
{ "type": "Feature", "properties": { "CLASSE": "PLANTIO" }, "geometry": { "type": "Point", "coordinates": [ -59.949235797033815, -3.135664808755159 ] } },
{ "type": "Feature", "properties": { "CLASSE": "PLANTIO" }, "geometry": { "type": "Point", "coordinates": [ -59.949102276985037, -3.135679400652236 ] } },
{ "type": "Feature", "properties": { "CLASSE": "PLANTIO" }, "geometry": { "type": "Point", "coordinates": [ -59.948909900353094, -3.135700663039472 ] } },
{ "type": "Feature", "properties": { "CLASSE": "PLANTIO" }, "geometry": { "type": "Point", "coordinates": [ -59.949032841367178, -3.135699995490036 ] } },
{ "type": "Feature", "properties": { "CLASSE": "PLANTIO" }, "geometry": { "type": "Point", "coordinates": [ -59.948964617498241, -3.135708917298942 ] } },
{ "type": "Feature", "properties": { "CLASSE": "PLANTIO" }, "geometry": { "type": "Point", "coordinates": [ -59.949165381212488, -3.13571366898541 ] } },
{ "type": "Feature", "properties": { "CLASSE": "PLANTIO" }, "geometry": { "type": "Point", "coordinates": [ -59.94923645271124, -3.135714085536847 ] } },
{ "type": "Feature", "properties": { "CLASSE": "PLANTIO" }, "geometry": { "type": "Point", "coordinates": [ -59.949100591362487, -3.135725842569059 ] } },
{ "type": "Feature", "properties": { "CLASSE": "PLANTIO" }, "geometry": { "type": "Point", "coordinates": [ -59.948907472505077, -3.135751190510085 ] } },
{ "type": "Feature", "properties": { "CLASSE": "PLANTIO" }, "geometry": { "type": "Point", "coordinates": [ -59.949032365324491, -3.135748355109399 ] } },
{ "type": "Feature", "properties": { "CLASSE": "PLANTIO" }, "geometry": { "type": "Point", "coordinates": [ -59.948969195106294, -3.135760903867414 ] } },
{ "type": "Feature", "properties": { "CLASSE": "PLANTIO" }, "geometry": { "type": "Point", "coordinates": [ -59.949238670679058, -3.135756191746545 ] } },
{ "type": "Feature", "properties": { "CLASSE": "PLANTIO" }, "geometry": { "type": "Point", "coordinates": [ -59.949166036878502, -3.135762945766317 ] } },
{ "type": "Feature", "properties": { "CLASSE": "PLANTIO" }, "geometry": { "type": "Point", "coordinates": [ -59.949099217332297, -3.135776286659627 ] } },
{ "type": "Feature", "properties": { "CLASSE": "PLANTIO" }, "geometry": { "type": "Point", "coordinates": [ -59.948906996443661, -3.135799550127764 ] } },
{ "type": "Feature", "properties": { "CLASSE": "PLANTIO" }, "geometry": { "type": "Point", "coordinates": [ -59.949032943072588, -3.135796631345457 ] } },
{ "type": "Feature", "properties": { "CLASSE": "PLANTIO" }, "geometry": { "type": "Point", "coordinates": [ -59.948969578099856, -3.135806678744117 ] } },
{ "type": "Feature", "properties": { "CLASSE": "PLANTIO" }, "geometry": { "type": "Point", "coordinates": [ -59.949240458045331, -3.135806385687786 ] } },
{ "type": "Feature", "properties": { "CLASSE": "PLANTIO" }, "geometry": { "type": "Point", "coordinates": [ -59.949168800128483, -3.135812055779923 ] } },
{ "type": "Feature", "properties": { "CLASSE": "PLANTIO" }, "geometry": { "type": "Point", "coordinates": [ -59.948909642809944, -3.135847159324925 ] } },
{ "type": "Feature", "properties": { "CLASSE": "PLANTIO" }, "geometry": { "type": "Point", "coordinates": [ -59.949034808307225, -3.135847825828549 ] } },
{ "type": "Feature", "properties": { "CLASSE": "PLANTIO" }, "geometry": { "type": "Point", "coordinates": [ -59.948971736526808, -3.135854829904829 ] } },
{ "type": "Feature", "properties": { "CLASSE": "PLANTIO" }, "geometry": { "type": "Point", "coordinates": [ -59.949166138614494, -3.135859581624523 ] } },
{ "type": "Feature", "properties": { "CLASSE": "PLANTIO" }, "geometry": { "type": "Point", "coordinates": [ -59.949239982025951, -3.135854745309565 ] } },
{ "type": "Feature", "properties": { "CLASSE": "PLANTIO" }, "geometry": { "type": "Point", "coordinates": [ -59.949103456323066, -3.135871588439137 ] } },
{ "type": "Feature", "properties": { "CLASSE": "PLANTIO" }, "geometry": { "type": "Point", "coordinates": [ -59.948913420866226, -3.135895685682549 ] } },
{ "type": "Feature", "properties": { "CLASSE": "PLANTIO" }, "geometry": { "type": "Point", "coordinates": [ -59.949037337841325, -3.135893934211026 ] } },
{ "type": "Feature", "properties": { "CLASSE": "PLANTIO" }, "geometry": { "type": "Point", "coordinates": [ -59.94897073357324, -3.135903231214641 ] } },
{ "type": "Feature", "properties": { "CLASSE": "PLANTIO" }, "geometry": { "type": "Point", "coordinates": [ -59.949165584684387, -3.135906940701794 ] } },
{ "type": "Feature", "properties": { "CLASSE": "PLANTIO" }, "geometry": { "type": "Point", "coordinates": [ -59.949240637696754, -3.135904022090955 ] } },
{ "type": "Feature", "properties": { "CLASSE": "PLANTIO" }, "geometry": { "type": "Point", "coordinates": [ -59.949106141662448, -3.135919697908797 ] } },
{ "type": "Feature", "properties": { "CLASSE": "PLANTIO" }, "geometry": { "type": "Point", "coordinates": [ -59.948914037541989, -3.135944462188853 ] } },
{ "type": "Feature", "properties": { "CLASSE": "PLANTIO" }, "geometry": { "type": "Point", "coordinates": [ -59.949037915584704, -3.135942210446835 ] } },
{ "type": "Feature", "properties": { "CLASSE": "PLANTIO" }, "geometry": { "type": "Point", "coordinates": [ -59.948972531176175, -3.135950152541618 ] } },
{ "type": "Feature", "properties": { "CLASSE": "PLANTIO" }, "geometry": { "type": "Point", "coordinates": [ -59.949160971376493, -3.13595663440011 ] } },
{ "type": "Feature", "properties": { "CLASSE": "PLANTIO" }, "geometry": { "type": "Point", "coordinates": [ -59.949241781312985, -3.135952756908644 ] } },
{ "type": "Feature", "properties": { "CLASSE": "PLANTIO" }, "geometry": { "type": "Point", "coordinates": [ -59.949102387392848, -3.135966806863649 ] } },
{ "type": "Feature", "properties": { "CLASSE": "PLANTIO" }, "geometry": { "type": "Point", "coordinates": [ -59.948912741374322, -3.135995906819439 ] } },
{ "type": "Feature", "properties": { "CLASSE": "PLANTIO" }, "geometry": { "type": "Point", "coordinates": [ -59.94903540984452, -3.135991737375647 ] } },
{ "type": "Feature", "properties": { "CLASSE": "PLANTIO" }, "geometry": { "type": "Point", "coordinates": [ -59.948972679384802, -3.135999721147513 ] } },
{ "type": "Feature", "properties": { "CLASSE": "PLANTIO" }, "geometry": { "type": "Point", "coordinates": [ -59.94916512056303, -3.136003117979392 ] } },
{ "type": "Feature", "properties": { "CLASSE": "PLANTIO" }, "geometry": { "type": "Point", "coordinates": [ -59.949244056619968, -3.136002408885901 ] } },
{ "type": "Feature", "properties": { "CLASSE": "PLANTIO" }, "geometry": { "type": "Point", "coordinates": [ -59.949103647835933, -3.136017042495183 ] } },
{ "type": "Feature", "properties": { "CLASSE": "PLANTIO" }, "geometry": { "type": "Point", "coordinates": [ -59.948912988030905, -3.136039930744126 ] } },
{ "type": "Feature", "properties": { "CLASSE": "PLANTIO" }, "geometry": { "type": "Point", "coordinates": [ -59.949040008012268, -3.136037178719789 ] } },
{ "type": "Feature", "properties": { "CLASSE": "PLANTIO" }, "geometry": { "type": "Point", "coordinates": [ -59.948442742515063, -3.135712963016672 ] } },
{ "type": "Feature", "properties": { "CLASSE": "PLANTIO" }, "geometry": { "type": "Point", "coordinates": [ -59.948711672698728, -3.135701247448232 ] } },
{ "type": "Feature", "properties": { "CLASSE": "PLANTIO" }, "geometry": { "type": "Point", "coordinates": [ -59.948581314030243, -3.135715589019036 ] } },
{ "type": "Feature", "properties": { "CLASSE": "PLANTIO" }, "geometry": { "type": "Point", "coordinates": [ -59.948516835768906, -3.135731764678944 ] } },
{ "type": "Feature", "properties": { "CLASSE": "PLANTIO" }, "geometry": { "type": "Point", "coordinates": [ -59.94883539267969, -3.13571058539511 ] } },
{ "type": "Feature", "properties": { "CLASSE": "PLANTIO" }, "geometry": { "type": "Point", "coordinates": [ -59.948646099522897, -3.135730596959476 ] } },
{ "type": "Feature", "properties": { "CLASSE": "PLANTIO" }, "geometry": { "type": "Point", "coordinates": [ -59.948778057275952, -3.135723175789181 ] } },
{ "type": "Feature", "properties": { "CLASSE": "PLANTIO" }, "geometry": { "type": "Point", "coordinates": [ -59.948710142820779, -3.135749690445955 ] } },
{ "type": "Feature", "properties": { "CLASSE": "PLANTIO" }, "geometry": { "type": "Point", "coordinates": [ -59.948581658027855, -3.135760863620263 ] } },
{ "type": "Feature", "properties": { "CLASSE": "PLANTIO" }, "geometry": { "type": "Point", "coordinates": [ -59.9485141741742, -3.135779290511977 ] } },
{ "type": "Feature", "properties": { "CLASSE": "PLANTIO" }, "geometry": { "type": "Point", "coordinates": [ -59.948835736709164, -3.135755859998866 ] } },
{ "type": "Feature", "properties": { "CLASSE": "PLANTIO" }, "geometry": { "type": "Point", "coordinates": [ -59.948646677220175, -3.135778873191668 ] } },
{ "type": "Feature", "properties": { "CLASSE": "PLANTIO" }, "geometry": { "type": "Point", "coordinates": [ -59.948779532988262, -3.13576936755323 ] } },
{ "type": "Feature", "properties": { "CLASSE": "PLANTIO" }, "geometry": { "type": "Point", "coordinates": [ -59.948713881903963, -3.135797716531584 ] } },
{ "type": "Feature", "properties": { "CLASSE": "PLANTIO" }, "geometry": { "type": "Point", "coordinates": [ -59.948583367405256, -3.135810057013167 ] } },
{ "type": "Feature", "properties": { "CLASSE": "PLANTIO" }, "geometry": { "type": "Point", "coordinates": [ -59.948517015231481, -3.135829401065955 ] } },
{ "type": "Feature", "properties": { "CLASSE": "PLANTIO" }, "geometry": { "type": "Point", "coordinates": [ -59.948837679815149, -3.135808055024015 ] } },
{ "type": "Feature", "properties": { "CLASSE": "PLANTIO" }, "geometry": { "type": "Point", "coordinates": [ -59.94877800311631, -3.135817810551821 ] } },
{ "type": "Feature", "properties": { "CLASSE": "PLANTIO" }, "geometry": { "type": "Point", "coordinates": [ -59.948648386605875, -3.135828066585013 ] } },
{ "type": "Feature", "properties": { "CLASSE": "PLANTIO" }, "geometry": { "type": "Point", "coordinates": [ -59.948581837505564, -3.135858500008645 ] } },
{ "type": "Feature", "properties": { "CLASSE": "PLANTIO" }, "geometry": { "type": "Point", "coordinates": [ -59.94851962259667, -3.135876509989522 ] } },
{ "type": "Feature", "properties": { "CLASSE": "PLANTIO" }, "geometry": { "type": "Point", "coordinates": [ -59.948840209325162, -3.135854163405646 ] } },
{ "type": "Feature", "properties": { "CLASSE": "PLANTIO" }, "geometry": { "type": "Point", "coordinates": [ -59.948648066301566, -3.135878427286144 ] } },
{ "type": "Feature", "properties": { "CLASSE": "PLANTIO" }, "geometry": { "type": "Point", "coordinates": [ -59.948779868313942, -3.135869005032973 ] } },
{ "type": "Feature", "properties": { "CLASSE": "PLANTIO" }, "geometry": { "type": "Point", "coordinates": [ -59.948713085518925, -3.135896436848633 ] } },
{ "type": "Feature", "properties": { "CLASSE": "PLANTIO" }, "geometry": { "type": "Point", "coordinates": [ -59.948583468982498, -3.135906692857908 ] } },
{ "type": "Feature", "properties": { "CLASSE": "PLANTIO" }, "geometry": { "type": "Point", "coordinates": [ -59.948519419117936, -3.135928371504043 ] } },
{ "type": "Feature", "properties": { "CLASSE": "PLANTIO" }, "geometry": { "type": "Point", "coordinates": [ -59.948781499816967, -3.135917197883707 ] } },
{ "type": "Feature", "properties": { "CLASSE": "PLANTIO" }, "geometry": { "type": "Point", "coordinates": [ -59.948649853581294, -3.135928621222781 ] } },
{ "type": "Feature", "properties": { "CLASSE": "PLANTIO" }, "geometry": { "type": "Point", "coordinates": [ -59.94884175859459, -3.135928537152019 ] } },
{ "type": "Feature", "properties": { "CLASSE": "PLANTIO" }, "geometry": { "type": "Point", "coordinates": [ -59.948714639114606, -3.135943629155364 ] } },
{ "type": "Feature", "properties": { "CLASSE": "PLANTIO" }, "geometry": { "type": "Point", "coordinates": [ -59.94858412456194, -3.135955969632597 ] } },
{ "type": "Feature", "properties": { "CLASSE": "PLANTIO" }, "geometry": { "type": "Point", "coordinates": [ -59.948519186971872, -3.135976460135119 ] } },
{ "type": "Feature", "properties": { "CLASSE": "PLANTIO" }, "geometry": { "type": "Point", "coordinates": [ -59.948781882781226, -3.135962972758279 ] } },
{ "type": "Feature", "properties": { "CLASSE": "PLANTIO" }, "geometry": { "type": "Point", "coordinates": [ -59.948843158583095, -3.135960137653463 ] } },
{ "type": "Feature", "properties": { "CLASSE": "PLANTIO" }, "geometry": { "type": "Point", "coordinates": [ -59.948650021220978, -3.13597843996088 ] } },
{ "type": "Feature", "properties": { "CLASSE": "PLANTIO" }, "geometry": { "type": "Point", "coordinates": [ -59.948717441245812, -3.135993239438314 ] } },
{ "type": "Feature", "properties": { "CLASSE": "PLANTIO" }, "geometry": { "type": "Point", "coordinates": [ -59.948585911830016, -3.136006163568645 ] } },
{ "type": "Feature", "properties": { "CLASSE": "PLANTIO" }, "geometry": { "type": "Point", "coordinates": [ -59.948521822997797, -3.136027341941841 ] } },
{ "type": "Feature", "properties": { "CLASSE": "PLANTIO" }, "geometry": { "type": "Point", "coordinates": [ -59.948843424706929, -3.136004411713415 ] } },
{ "type": "Feature", "properties": { "CLASSE": "PLANTIO" }, "geometry": { "type": "Point", "coordinates": [ -59.948783475332512, -3.136010665337139 ] } },
{ "type": "Feature", "properties": { "CLASSE": "PLANTIO" }, "geometry": { "type": "Point", "coordinates": [ -59.948651398446593, -3.136030176403629 ] } },
{ "type": "Feature", "properties": { "CLASSE": "PLANTIO" }, "geometry": { "type": "Point", "coordinates": [ -59.948720165478385, -3.136041849177765 ] } },
{ "type": "Feature", "properties": { "CLASSE": "PLANTIO" }, "geometry": { "type": "Point", "coordinates": [ -59.94858746540536, -3.136053355874282 ] } },
{ "type": "Feature", "properties": { "CLASSE": "PLANTIO" }, "geometry": { "type": "Point", "coordinates": [ -59.948521210554496, -3.136073950602999 ] } },
{ "type": "Feature", "properties": { "CLASSE": "PLANTIO" }, "geometry": { "type": "Point", "coordinates": [ -59.948843963471411, -3.136052187675318 ] } },
{ "type": "Feature", "properties": { "CLASSE": "PLANTIO" }, "geometry": { "type": "Point", "coordinates": [ -59.948375787752788, -3.135717757476201 ] } },
{ "type": "Feature", "properties": { "CLASSE": "PLANTIO" }, "geometry": { "type": "Point", "coordinates": [ -59.948378747825537, -3.135755778126821 ] } },
{ "type": "Feature", "properties": { "CLASSE": "PLANTIO" }, "geometry": { "type": "Point", "coordinates": [ -59.948442832238037, -3.135761781209439 ] } },
{ "type": "Feature", "properties": { "CLASSE": "PLANTIO" }, "geometry": { "type": "Point", "coordinates": [ -59.94837909179639, -3.135801052726023 ] } },
{ "type": "Feature", "properties": { "CLASSE": "PLANTIO" }, "geometry": { "type": "Point", "coordinates": [ -59.948443487803878, -3.135811057982984 ] } },
{ "type": "Feature", "properties": { "CLASSE": "PLANTIO" }, "geometry": { "type": "Point", "coordinates": [ -59.948377795559786, -3.135852497348687 ] } },
{ "type": "Feature", "properties": { "CLASSE": "PLANTIO" }, "geometry": { "type": "Point", "coordinates": [ -59.948445197160716, -3.135860251374758 ] } },
{ "type": "Feature", "properties": { "CLASSE": "PLANTIO" }, "geometry": { "type": "Point", "coordinates": [ -59.948378451113292, -3.135901774121379 ] } },
{ "type": "Feature", "properties": { "CLASSE": "PLANTIO" }, "geometry": { "type": "Point", "coordinates": [ -59.948443589343761, -3.135907693824528 ] } },
{ "type": "Feature", "properties": { "CLASSE": "PLANTIO" }, "geometry": { "type": "Point", "coordinates": [ -59.948380004665019, -3.13594896642568 ] } },
{ "type": "Feature", "properties": { "CLASSE": "PLANTIO" }, "geometry": { "type": "Point", "coordinates": [ -59.948445298697273, -3.135956887216196 ] } },
{ "type": "Feature", "properties": { "CLASSE": "PLANTIO" }, "geometry": { "type": "Point", "coordinates": [ -59.948379977525612, -3.135996283802058 ] } },
{ "type": "Feature", "properties": { "CLASSE": "PLANTIO" }, "geometry": { "type": "Point", "coordinates": [ -59.94844640325595, -3.136005121755112 ] } },
{ "type": "Feature", "properties": { "CLASSE": "PLANTIO" }, "geometry": { "type": "Point", "coordinates": [ -59.948383267557311, -3.136045352120966 ] } },
{ "type": "Feature", "properties": { "CLASSE": "PLANTIO" }, "geometry": { "type": "Point", "coordinates": [ -59.948447585709737, -3.136054356837406 ] } },
{ "type": "Feature", "properties": { "CLASSE": "PLANTIO" }, "geometry": { "type": "Point", "coordinates": [ -59.950302057501098, -3.135843691029898 ] } },
{ "type": "Feature", "properties": { "CLASSE": "PLANTIO" }, "geometry": { "type": "Point", "coordinates": [ -59.95023391718653, -3.135942203442603 ] } },
{ "type": "Feature", "properties": { "CLASSE": "PLANTIO" }, "geometry": { "type": "Point", "coordinates": [ -59.950170648494669, -3.135960297075712 ] } },
{ "type": "Feature", "properties": { "CLASSE": "PLANTIO" }, "geometry": { "type": "Point", "coordinates": [ -59.950373054784102, -3.135945287403672 ] } },
{ "type": "Feature", "properties": { "CLASSE": "PLANTIO" }, "geometry": { "type": "Point", "coordinates": [ -59.950106229690739, -3.135970428043159 ] } },
{ "type": "Feature", "properties": { "CLASSE": "PLANTIO" }, "geometry": { "type": "Point", "coordinates": [ -59.950235470979671, -3.13598939576034 ] } },
{ "type": "Feature", "properties": { "CLASSE": "PLANTIO" }, "geometry": { "type": "Point", "coordinates": [ -59.950300961998131, -3.135986226883091 ] } },
{ "type": "Feature", "properties": { "CLASSE": "PLANTIO" }, "geometry": { "type": "Point", "coordinates": [ -59.950370471322067, -3.13599381381313 ] } },
{ "type": "Feature", "properties": { "CLASSE": "PLANTIO" }, "geometry": { "type": "Point", "coordinates": [ -59.950174504620357, -3.136009823979194 ] } },
{ "type": "Feature", "properties": { "CLASSE": "PLANTIO" }, "geometry": { "type": "Point", "coordinates": [ -59.95010676862308, -3.136018204017773 ] } },
{ "type": "Feature", "properties": { "CLASSE": "PLANTIO" }, "geometry": { "type": "Point", "coordinates": [ -59.950237024771418, -3.136036588078035 ] } },
{ "type": "Feature", "properties": { "CLASSE": "PLANTIO" }, "geometry": { "type": "Point", "coordinates": [ -59.950302437896688, -3.136032418657742 ] } },
{ "type": "Feature", "properties": { "CLASSE": "PLANTIO" }, "geometry": { "type": "Point", "coordinates": [ -59.950373312631477, -3.136043924375549 ] } },
{ "type": "Feature", "properties": { "CLASSE": "PLANTIO" }, "geometry": { "type": "Point", "coordinates": [ -59.950172076932027, -3.136060351471926 ] } },
{ "type": "Feature", "properties": { "CLASSE": "PLANTIO" }, "geometry": { "type": "Point", "coordinates": [ -59.950107541257601, -3.136068981622785 ] } },
{ "type": "Feature", "properties": { "CLASSE": "PLANTIO" }, "geometry": { "type": "Point", "coordinates": [ -59.950238812266768, -3.136086782026176 ] } },
{ "type": "Feature", "properties": { "CLASSE": "PLANTIO" }, "geometry": { "type": "Point", "coordinates": [ -59.950304692812317, -3.136088615867401 ] } },
{ "type": "Feature", "properties": { "CLASSE": "PLANTIO" }, "geometry": { "type": "Point", "coordinates": [ -59.950174567655019, -3.136105959587532 ] } },
{ "type": "Feature", "properties": { "CLASSE": "PLANTIO" }, "geometry": { "type": "Point", "coordinates": [ -59.950374046351378, -3.136094201711451 ] } },
{ "type": "Feature", "properties": { "CLASSE": "PLANTIO" }, "geometry": { "type": "Point", "coordinates": [ -59.950109582976317, -3.136115631974626 ] } },
{ "type": "Feature", "properties": { "CLASSE": "PLANTIO" }, "geometry": { "type": "Point", "coordinates": [ -59.95023743837789, -3.136137226133442 ] } },
{ "type": "Feature", "properties": { "CLASSE": "PLANTIO" }, "geometry": { "type": "Point", "coordinates": [ -59.95030413902132, -3.136135974958613 ] } },
{ "type": "Feature", "properties": { "CLASSE": "PLANTIO" }, "geometry": { "type": "Point", "coordinates": [ -59.950176765184132, -3.136154611026726 ] } },
{ "type": "Feature", "properties": { "CLASSE": "PLANTIO" }, "geometry": { "type": "Point", "coordinates": [ -59.950374624265471, -3.136142477960284 ] } },
{ "type": "Feature", "properties": { "CLASSE": "PLANTIO" }, "geometry": { "type": "Point", "coordinates": [ -59.950107487418101, -3.136163616414137 ] } },
{ "type": "Feature", "properties": { "CLASSE": "PLANTIO" }, "geometry": { "type": "Point", "coordinates": [ -59.950305537013485, -3.136181166189537 ] } },
{ "type": "Feature", "properties": { "CLASSE": "PLANTIO" }, "geometry": { "type": "Point", "coordinates": [ -59.950239147968098, -3.1361864195379 ] } },
{ "type": "Feature", "properties": { "CLASSE": "PLANTIO" }, "geometry": { "type": "Point", "coordinates": [ -59.950175801328776, -3.136203512624526 ] } },
{ "type": "Feature", "properties": { "CLASSE": "PLANTIO" }, "geometry": { "type": "Point", "coordinates": [ -59.950374070481409, -3.136189837052228 ] } },
{ "type": "Feature", "properties": { "CLASSE": "PLANTIO" }, "geometry": { "type": "Point", "coordinates": [ -59.950108786944263, -3.136214352325837 ] } },
{ "type": "Feature", "properties": { "CLASSE": "PLANTIO" }, "geometry": { "type": "Point", "coordinates": [ -59.950240623852117, -3.136232611311783 ] } },
{ "type": "Feature", "properties": { "CLASSE": "PLANTIO" }, "geometry": { "type": "Point", "coordinates": [ -59.95030966580763, -3.136234194995332 ] } },
{ "type": "Feature", "properties": { "CLASSE": "PLANTIO" }, "geometry": { "type": "Point", "coordinates": [ -59.950377243927356, -3.136237404562223 ] } },
{ "type": "Feature", "properties": { "CLASSE": "PLANTIO" }, "geometry": { "type": "Point", "coordinates": [ -59.950177042437041, -3.136253498129165 ] } },
{ "type": "Feature", "properties": { "CLASSE": "PLANTIO" }, "geometry": { "type": "Point", "coordinates": [ -59.950111170008377, -3.136261982374457 ] } },
{ "type": "Feature", "properties": { "CLASSE": "PLANTIO" }, "geometry": { "type": "Point", "coordinates": [ -59.950242255537894, -3.136280804172621 ] } },
{ "type": "Feature", "properties": { "CLASSE": "PLANTIO" }, "geometry": { "type": "Point", "coordinates": [ -59.950308917257125, -3.13627905272751 ] } },
{ "type": "Feature", "properties": { "CLASSE": "PLANTIO" }, "geometry": { "type": "Point", "coordinates": [ -59.950377821836518, -3.136285680810765 ] } },
{ "type": "Feature", "properties": { "CLASSE": "PLANTIO" }, "geometry": { "type": "Point", "coordinates": [ -59.95017808879026, -3.136300982274953 ] } },
{ "type": "Feature", "properties": { "CLASSE": "PLANTIO" }, "geometry": { "type": "Point", "coordinates": [ -59.949783770967194, -3.135982353330732 ] } },
{ "type": "Feature", "properties": { "CLASSE": "PLANTIO" }, "geometry": { "type": "Point", "coordinates": [ -59.950040720269037, -3.135966551390773 ] } },
{ "type": "Feature", "properties": { "CLASSE": "PLANTIO" }, "geometry": { "type": "Point", "coordinates": [ -59.949716930833425, -3.136002239552077 ] } },
{ "type": "Feature", "properties": { "CLASSE": "PLANTIO" }, "geometry": { "type": "Point", "coordinates": [ -59.949913170155305, -3.135989731516588 ] } },
{ "type": "Feature", "properties": { "CLASSE": "PLANTIO" }, "geometry": { "type": "Point", "coordinates": [ -59.949974445990456, -3.135986896235941 ] } },
{ "type": "Feature", "properties": { "CLASSE": "PLANTIO" }, "geometry": { "type": "Point", "coordinates": [ -59.949850249866664, -3.136025918264423 ] } },
{ "type": "Feature", "properties": { "CLASSE": "PLANTIO" }, "geometry": { "type": "Point", "coordinates": [ -59.949787743889296, -3.136033381048676 ] } },
{ "type": "Feature", "properties": { "CLASSE": "PLANTIO" }, "geometry": { "type": "Point", "coordinates": [ -59.95004137604456, -3.136015828179978 ] } },
{ "type": "Feature", "properties": { "CLASSE": "PLANTIO" }, "geometry": { "type": "Point", "coordinates": [ -59.949912460515698, -3.136035089516042 ] } },
{ "type": "Feature", "properties": { "CLASSE": "PLANTIO" }, "geometry": { "type": "Point", "coordinates": [ -59.949718523506981, -3.136049932137688 ] } },
{ "type": "Feature", "properties": { "CLASSE": "PLANTIO" }, "geometry": { "type": "Point", "coordinates": [ -59.94997923903059, -3.136034838938045 ] } },
{ "type": "Feature", "properties": { "CLASSE": "PLANTIO" }, "geometry": { "type": "Point", "coordinates": [ -59.949848408523373, -3.136070359104913 ] } },
{ "type": "Feature", "properties": { "CLASSE": "PLANTIO" }, "geometry": { "type": "Point", "coordinates": [ -59.949782253209683, -3.136078614008127 ] } },
{ "type": "Feature", "properties": { "CLASSE": "PLANTIO" }, "geometry": { "type": "Point", "coordinates": [ -59.950042031818334, -3.136065104969099 ] } },
{ "type": "Feature", "properties": { "CLASSE": "PLANTIO" }, "geometry": { "type": "Point", "coordinates": [ -59.949719628232266, -3.136098166687525 ] } },
{ "type": "Feature", "properties": { "CLASSE": "PLANTIO" }, "geometry": { "type": "Point", "coordinates": [ -59.949977475603511, -3.136080280323974 ] } },
{ "type": "Feature", "properties": { "CLASSE": "PLANTIO" }, "geometry": { "type": "Point", "coordinates": [ -59.949912529881665, -3.136090452950349 ] } },
{ "type": "Feature", "properties": { "CLASSE": "PLANTIO" }, "geometry": { "type": "Point", "coordinates": [ -59.949847190382378, -3.136122804293173 ] } },
{ "type": "Feature", "properties": { "CLASSE": "PLANTIO" }, "geometry": { "type": "Point", "coordinates": [ -59.949784567537243, -3.136128766260228 ] } },
{ "type": "Feature", "properties": { "CLASSE": "PLANTIO" }, "geometry": { "type": "Point", "coordinates": [ -59.950043741384384, -3.136114298372263 ] } },
{ "type": "Feature", "properties": { "CLASSE": "PLANTIO" }, "geometry": { "type": "Point", "coordinates": [ -59.949912718230799, -3.136133726477055 ] } },
{ "type": "Feature", "properties": { "CLASSE": "PLANTIO" }, "geometry": { "type": "Point", "coordinates": [ -59.949723035294561, -3.13614873582592 ] } },
{ "type": "Feature", "properties": { "CLASSE": "PLANTIO" }, "geometry": { "type": "Point", "coordinates": [ -59.949978442969716, -3.136133559286279 ] } },
{ "type": "Feature", "properties": { "CLASSE": "PLANTIO" }, "geometry": { "type": "Point", "coordinates": [ -59.949852881395039, -3.136168662522898 ] } },
{ "type": "Feature", "properties": { "CLASSE": "PLANTIO" }, "geometry": { "type": "Point", "coordinates": [ -59.949787663006354, -3.13617533322487 ] } },
{ "type": "Feature", "properties": { "CLASSE": "PLANTIO" }, "geometry": { "type": "Point", "coordinates": [ -59.950041079969942, -3.136161824231841 ] } },
{ "type": "Feature", "properties": { "CLASSE": "PLANTIO" }, "geometry": { "type": "Point", "coordinates": [ -59.94971887104581, -3.136197387300605 ] } },
{ "type": "Feature", "properties": { "CLASSE": "PLANTIO" }, "geometry": { "type": "Point", "coordinates": [ -59.949981948509752, -3.136178583743487 ] } },
{ "type": "Feature", "properties": { "CLASSE": "PLANTIO" }, "geometry": { "type": "Point", "coordinates": [ -59.949915559471798, -3.136183837037109 ] } },
{ "type": "Feature", "properties": { "CLASSE": "PLANTIO" }, "geometry": { "type": "Point", "coordinates": [ -59.949853537137336, -3.136217939309816 ] } },
{ "type": "Feature", "properties": { "CLASSE": "PLANTIO" }, "geometry": { "type": "Point", "coordinates": [ -59.949790914275248, -3.136223901276445 ] } },
{ "type": "Feature", "properties": { "CLASSE": "PLANTIO" }, "geometry": { "type": "Point", "coordinates": [ -59.950041735738132, -3.136211101020677 ] } },
{ "type": "Feature", "properties": { "CLASSE": "PLANTIO" }, "geometry": { "type": "Point", "coordinates": [ -59.949722005454511, -3.136244454536723 ] } },
{ "type": "Feature", "properties": { "CLASSE": "PLANTIO" }, "geometry": { "type": "Point", "coordinates": [ -59.949916137321388, -3.136232113281139 ] } },
{ "type": "Feature", "properties": { "CLASSE": "PLANTIO" }, "geometry": { "type": "Point", "coordinates": [ -59.949981706276581, -3.136229945004352 ] } },
{ "type": "Feature", "properties": { "CLASSE": "PLANTIO" }, "geometry": { "type": "Point", "coordinates": [ -59.94978885762054, -3.136272385982089 ] } },
{ "type": "Feature", "properties": { "CLASSE": "PLANTIO" }, "geometry": { "type": "Point", "coordinates": [ -59.949853255934123, -3.136268800297245 ] } },
{ "type": "Feature", "properties": { "CLASSE": "PLANTIO" }, "geometry": { "type": "Point", "coordinates": [ -59.950042313603539, -3.136259377265922 ] } },
{ "type": "Feature", "properties": { "CLASSE": "PLANTIO" }, "geometry": { "type": "Point", "coordinates": [ -59.949721110232765, -3.136290833922949 ] } },
{ "type": "Feature", "properties": { "CLASSE": "PLANTIO" }, "geometry": { "type": "Point", "coordinates": [ -59.949917065722168, -3.136284891970789 ] } },
{ "type": "Feature", "properties": { "CLASSE": "PLANTIO" }, "geometry": { "type": "Point", "coordinates": [ -59.949982439934921, -3.136280222335955 ] } },
{ "type": "Feature", "properties": { "CLASSE": "PLANTIO" }, "geometry": { "type": "Point", "coordinates": [ -59.949853872722493, -3.136317576812225 ] } },
{ "type": "Feature", "properties": { "CLASSE": "PLANTIO" }, "geometry": { "type": "Point", "coordinates": [ -59.9497895912505, -3.13632266331166 ] } },
{ "type": "Feature", "properties": { "CLASSE": "PLANTIO" }, "geometry": { "type": "Point", "coordinates": [ -59.950043984212407, -3.136308070396986 ] } },
{ "type": "Feature", "properties": { "CLASSE": "PLANTIO" }, "geometry": { "type": "Point", "coordinates": [ -59.950109981641624, -3.136311405089323 ] } },
{ "type": "Feature", "properties": { "CLASSE": "PLANTIO" }, "geometry": { "type": "Point", "coordinates": [ -59.949722848423768, -3.136343800207612 ] } },
{ "type": "Feature", "properties": { "CLASSE": "PLANTIO" }, "geometry": { "type": "Point", "coordinates": [ -59.949983954733376, -3.136326914379588 ] } },
{ "type": "Feature", "properties": { "CLASSE": "PLANTIO" }, "geometry": { "type": "Point", "coordinates": [ -59.949920355955548, -3.136333960294401 ] } },
{ "type": "Feature", "properties": { "CLASSE": "PLANTIO" }, "geometry": { "type": "Point", "coordinates": [ -59.949648475339778, -3.13599456912322 ] } },
{ "type": "Feature", "properties": { "CLASSE": "PLANTIO" }, "geometry": { "type": "Point", "coordinates": [ -59.949375382696552, -3.136041346059592 ] } },
{ "type": "Feature", "properties": { "CLASSE": "PLANTIO" }, "geometry": { "type": "Point", "coordinates": [ -59.949512843268941, -3.136036509362356 ] } },
{ "type": "Feature", "properties": { "CLASSE": "PLANTIO" }, "geometry": { "type": "Point", "coordinates": [ -59.949579699669734, -3.13603725939543 ] } },
{ "type": "Feature", "properties": { "CLASSE": "PLANTIO" }, "geometry": { "type": "Point", "coordinates": [ -59.949441808494889, -3.136050183848077 ] } },
{ "type": "Feature", "properties": { "CLASSE": "PLANTIO" }, "geometry": { "type": "Point", "coordinates": [ -59.949313362513969, -3.136061857524723 ] } },
{ "type": "Feature", "properties": { "CLASSE": "PLANTIO" }, "geometry": { "type": "Point", "coordinates": [ -59.949650106954557, -3.1360427619801 ] } },
{ "type": "Feature", "properties": { "CLASSE": "PLANTIO" }, "geometry": { "type": "Point", "coordinates": [ -59.949377912268552, -3.13608745444337 ] } },
{ "type": "Feature", "properties": { "CLASSE": "PLANTIO" }, "geometry": { "type": "Point", "coordinates": [ -59.949582229268081, -3.136083367780124 ] } },
{ "type": "Feature", "properties": { "CLASSE": "PLANTIO" }, "geometry": { "type": "Point", "coordinates": [ -59.949517947844178, -3.136088454238632 ] } },
{ "type": "Feature", "properties": { "CLASSE": "PLANTIO" }, "geometry": { "type": "Point", "coordinates": [ -59.94944449387399, -3.136098293319073 ] } },
{ "type": "Feature", "properties": { "CLASSE": "PLANTIO" }, "geometry": { "type": "Point", "coordinates": [ -59.949315110930279, -3.136111551194219 ] } },
{ "type": "Feature", "properties": { "CLASSE": "PLANTIO" }, "geometry": { "type": "Point", "coordinates": [ -59.949649708880166, -3.136092122150089 ] } },
{ "type": "Feature", "properties": { "CLASSE": "PLANTIO" }, "geometry": { "type": "Point", "coordinates": [ -59.949380675537164, -3.136136564457502 ] } },
{ "type": "Feature", "properties": { "CLASSE": "PLANTIO" }, "geometry": { "type": "Point", "coordinates": [ -59.949516184357599, -3.136133895617405 ] } },
{ "type": "Feature", "properties": { "CLASSE": "PLANTIO" }, "geometry": { "type": "Point", "coordinates": [ -59.949582729177216, -3.136130643477543 ] } },
{ "type": "Feature", "properties": { "CLASSE": "PLANTIO" }, "geometry": { "type": "Point", "coordinates": [ -59.94944620335739, -3.136147486717782 ] } },
{ "type": "Feature", "properties": { "CLASSE": "PLANTIO" }, "geometry": { "type": "Point", "coordinates": [ -59.949316176650022, -3.136159285468686 ] } },
{ "type": "Feature", "properties": { "CLASSE": "PLANTIO" }, "geometry": { "type": "Point", "coordinates": [ -59.949652627985778, -3.136143233252426 ] } },
{ "type": "Feature", "properties": { "CLASSE": "PLANTIO" }, "geometry": { "type": "Point", "coordinates": [ -59.949379223628306, -3.136186008007904 ] } },
{ "type": "Feature", "properties": { "CLASSE": "PLANTIO" }, "geometry": { "type": "Point", "coordinates": [ -59.949517893849524, -3.136183089016569 ] } },
{ "type": "Feature", "properties": { "CLASSE": "PLANTIO" }, "geometry": { "type": "Point", "coordinates": [ -59.949584438678336, -3.13617983687719 ] } },
{ "type": "Feature", "properties": { "CLASSE": "PLANTIO" }, "geometry": { "type": "Point", "coordinates": [ -59.949447990738683, -3.136197680659848 ] } },
{ "type": "Feature", "properties": { "CLASSE": "PLANTIO" }, "geometry": { "type": "Point", "coordinates": [ -59.949316266473083, -3.136208103670455 ] } },
{ "type": "Feature", "properties": { "CLASSE": "PLANTIO" }, "geometry": { "type": "Point", "coordinates": [ -59.949654025896145, -3.136188424478647 ] } },
{ "type": "Feature", "properties": { "CLASSE": "PLANTIO" }, "geometry": { "type": "Point", "coordinates": [ -59.949379645607998, -3.136232283159607 ] } },
{ "type": "Feature", "properties": { "CLASSE": "PLANTIO" }, "geometry": { "type": "Point", "coordinates": [ -59.949518315847051, -3.136229364169665 ] } },
{ "type": "Feature", "properties": { "CLASSE": "PLANTIO" }, "geometry": { "type": "Point", "coordinates": [ -59.949583806890224, -3.13622619541561 ] } },
{ "type": "Feature", "properties": { "CLASSE": "PLANTIO" }, "geometry": { "type": "Point", "coordinates": [ -59.949449544420368, -3.136244872971446 ] } },
{ "type": "Feature", "properties": { "CLASSE": "PLANTIO" }, "geometry": { "type": "Point", "coordinates": [ -59.949317077938836, -3.136259381538849 ] } },
{ "type": "Feature", "properties": { "CLASSE": "PLANTIO" }, "geometry": { "type": "Point", "coordinates": [ -59.949655657505069, -3.136236617335257 ] } },
{ "type": "Feature", "properties": { "CLASSE": "PLANTIO" }, "geometry": { "type": "Point", "coordinates": [ -59.949381432976999, -3.136282477101041 ] } },
{ "type": "Feature", "properties": { "CLASSE": "PLANTIO" }, "geometry": { "type": "Point", "coordinates": [ -59.949519908486657, -3.136277056753471 ] } },
{ "type": "Feature", "properties": { "CLASSE": "PLANTIO" }, "geometry": { "type": "Point", "coordinates": [ -59.949586121185071, -3.136276347666282 ] } },
{ "type": "Feature", "properties": { "CLASSE": "PLANTIO" }, "geometry": { "type": "Point", "coordinates": [ -59.949447936717412, -3.136292315435718 ] } },
{ "type": "Feature", "properties": { "CLASSE": "PLANTIO" }, "geometry": { "type": "Point", "coordinates": [ -59.949318787399214, -3.136308574936329 ] } },
{ "type": "Feature", "properties": { "CLASSE": "PLANTIO" }, "geometry": { "type": "Point", "coordinates": [ -59.949656196368103, -3.136284393304862 ] } },
{ "type": "Feature", "properties": { "CLASSE": "PLANTIO" }, "geometry": { "type": "Point", "coordinates": [ -59.949383161920132, -3.136331920634859 ] } },
{ "type": "Feature", "properties": { "CLASSE": "PLANTIO" }, "geometry": { "type": "Point", "coordinates": [ -59.949521656923842, -3.136326750424146 ] } },
{ "type": "Feature", "properties": { "CLASSE": "PLANTIO" }, "geometry": { "type": "Point", "coordinates": [ -59.949585274094865, -3.136326750070673 ] } },
{ "type": "Feature", "properties": { "CLASSE": "PLANTIO" }, "geometry": { "type": "Point", "coordinates": [ -59.949446113712135, -3.136343801765825 ] } },
{ "type": "Feature", "properties": { "CLASSE": "PLANTIO" }, "geometry": { "type": "Point", "coordinates": [ -59.949319287265716, -3.136355850630679 ] } },
{ "type": "Feature", "properties": { "CLASSE": "PLANTIO" }, "geometry": { "type": "Point", "coordinates": [ -59.949655915134507, -3.136335254289563 ] } },
{ "type": "Feature", "properties": { "CLASSE": "PLANTIO" }, "geometry": { "type": "Point", "coordinates": [ -59.949383271220263, -3.136380988972903 ] } },
{ "type": "Feature", "properties": { "CLASSE": "PLANTIO" }, "geometry": { "type": "Point", "coordinates": [ -59.949520848772288, -3.136377653099252 ] } },
{ "type": "Feature", "properties": { "CLASSE": "PLANTIO" }, "geometry": { "type": "Point", "coordinates": [ -59.949588935379587, -3.136373775613876 ] } },
{ "type": "Feature", "properties": { "CLASSE": "PLANTIO" }, "geometry": { "type": "Point", "coordinates": [ -59.948972700464857, -3.136051061550113 ] } },
{ "type": "Feature", "properties": { "CLASSE": "PLANTIO" }, "geometry": { "type": "Point", "coordinates": [ -59.949169581343689, -3.136053603732542 ] } },
{ "type": "Feature", "properties": { "CLASSE": "PLANTIO" }, "geometry": { "type": "Point", "coordinates": [ -59.949244556487947, -3.136049684580101 ] } },
{ "type": "Feature", "properties": { "CLASSE": "PLANTIO" }, "geometry": { "type": "Point", "coordinates": [ -59.949105180922082, -3.136070780028788 ] } },
{ "type": "Feature", "properties": { "CLASSE": "PLANTIO" }, "geometry": { "type": "Point", "coordinates": [ -59.948913546277744, -3.136087956842537 ] } },
{ "type": "Feature", "properties": { "CLASSE": "PLANTIO" }, "geometry": { "type": "Point", "coordinates": [ -59.949039648804394, -3.136087039153736 ] } },
{ "type": "Feature", "properties": { "CLASSE": "PLANTIO" }, "geometry": { "type": "Point", "coordinates": [ -59.948973727192474, -3.136098295550006 ] } },
{ "type": "Feature", "properties": { "CLASSE": "PLANTIO" }, "geometry": { "type": "Point", "coordinates": [ -59.949170979196474, -3.13609879495543 ] } },
{ "type": "Feature", "properties": { "CLASSE": "PLANTIO" }, "geometry": { "type": "Point", "coordinates": [ -59.949243104564438, -3.136099128128627 ] } },
{ "type": "Feature", "properties": { "CLASSE": "PLANTIO" }, "geometry": { "type": "Point", "coordinates": [ -59.949106345070838, -3.136112969620804 ] } },
{ "type": "Feature", "properties": { "CLASSE": "PLANTIO" }, "geometry": { "type": "Point", "coordinates": [ -59.948917519072445, -3.136138984558521 ] } },
{ "type": "Feature", "properties": { "CLASSE": "PLANTIO" }, "geometry": { "type": "Point", "coordinates": [ -59.949040538133964, -3.136139317562986 ] } },
{ "type": "Feature", "properties": { "CLASSE": "PLANTIO" }, "geometry": { "type": "Point", "coordinates": [ -59.948974149123579, -3.136144570697859 ] } },
{ "type": "Feature", "properties": { "CLASSE": "PLANTIO" }, "geometry": { "type": "Point", "coordinates": [ -59.94917171274728, -3.136149072279103 ] } },
{ "type": "Feature", "properties": { "CLASSE": "PLANTIO" }, "geometry": { "type": "Point", "coordinates": [ -59.949244814020325, -3.136148321525866 ] } },
{ "type": "Feature", "properties": { "CLASSE": "PLANTIO" }, "geometry": { "type": "Point", "coordinates": [ -59.949105791122911, -3.136160328696782 ] } },
{ "type": "Feature", "properties": { "CLASSE": "PLANTIO" }, "geometry": { "type": "Point", "coordinates": [ -59.948915833407064, -3.136185426471464 ] } },
{ "type": "Feature", "properties": { "CLASSE": "PLANTIO" }, "geometry": { "type": "Point", "coordinates": [ -59.94904201386607, -3.136185509328271 ] } },
{ "type": "Feature", "properties": { "CLASSE": "PLANTIO" }, "geometry": { "type": "Point", "coordinates": [ -59.948975038441397, -3.136196849106376 ] } },
{ "type": "Feature", "properties": { "CLASSE": "PLANTIO" }, "geometry": { "type": "Point", "coordinates": [ -59.949173344293079, -3.136197265132232 ] } },
{ "type": "Feature", "properties": { "CLASSE": "PLANTIO" }, "geometry": { "type": "Point", "coordinates": [ -59.949243517890146, -3.13619976616102 ] } },
{ "type": "Feature", "properties": { "CLASSE": "PLANTIO" }, "geometry": { "type": "Point", "coordinates": [ -59.949108710148799, -3.136211439796426 ] } },
{ "type": "Feature", "properties": { "CLASSE": "PLANTIO" }, "geometry": { "type": "Point", "coordinates": [ -59.948916566919102, -3.136235703792373 ] } },
{ "type": "Feature", "properties": { "CLASSE": "PLANTIO" }, "geometry": { "type": "Point", "coordinates": [ -59.949041615703301, -3.136234869490167 ] } },
{ "type": "Feature", "properties": { "CLASSE": "PLANTIO" }, "geometry": { "type": "Point", "coordinates": [ -59.948975460369105, -3.136243124254037 ] } },
{ "type": "Feature", "properties": { "CLASSE": "PLANTIO" }, "geometry": { "type": "Point", "coordinates": [ -59.949175053735992, -3.136246458528767 ] } },
{ "type": "Feature", "properties": { "CLASSE": "PLANTIO" }, "geometry": { "type": "Point", "coordinates": [ -59.949247179133444, -3.136246791703755 ] } },
{ "type": "Feature", "properties": { "CLASSE": "PLANTIO" }, "geometry": { "type": "Point", "coordinates": [ -59.949109209991441, -3.136258715488857 ] } },
{ "type": "Feature", "properties": { "CLASSE": "PLANTIO" }, "geometry": { "type": "Point", "coordinates": [ -59.948919135375284, -3.136282312445488 ] } },
{ "type": "Feature", "properties": { "CLASSE": "PLANTIO" }, "geometry": { "type": "Point", "coordinates": [ -59.949042349230901, -3.136285146812263 ] } },
{ "type": "Feature", "properties": { "CLASSE": "PLANTIO" }, "geometry": { "type": "Point", "coordinates": [ -59.948977325579456, -3.136294318735906 ] } },
{ "type": "Feature", "properties": { "CLASSE": "PLANTIO" }, "geometry": { "type": "Point", "coordinates": [ -59.949173757591559, -3.136297903162635 ] } },
{ "type": "Feature", "properties": { "CLASSE": "PLANTIO" }, "geometry": { "type": "Point", "coordinates": [ -59.949107153244917, -3.136307200183005 ] } },
{ "type": "Feature", "properties": { "CLASSE": "PLANTIO" }, "geometry": { "type": "Point", "coordinates": [ -59.949243736461106, -3.136297902834414 ] } },
{ "type": "Feature", "properties": { "CLASSE": "PLANTIO" }, "geometry": { "type": "Point", "coordinates": [ -59.948918219488441, -3.136335237044776 ] } },
{ "type": "Feature", "properties": { "CLASSE": "PLANTIO" }, "geometry": { "type": "Point", "coordinates": [ -59.949044507651941, -3.136333297972669 ] } },
{ "type": "Feature", "properties": { "CLASSE": "PLANTIO" }, "geometry": { "type": "Point", "coordinates": [ -59.948978635222169, -3.136341782025546 ] } },
{ "type": "Feature", "properties": { "CLASSE": "PLANTIO" }, "geometry": { "type": "Point", "coordinates": [ -59.949178316820372, -3.136342844234697 ] } },
{ "type": "Feature", "properties": { "CLASSE": "PLANTIO" }, "geometry": { "type": "Point", "coordinates": [ -59.949247358752324, -3.136344428105247 ] } },
{ "type": "Feature", "properties": { "CLASSE": "PLANTIO" }, "geometry": { "type": "Point", "coordinates": [ -59.949108413676093, -3.136357435813956 ] } },
{ "type": "Feature", "properties": { "CLASSE": "PLANTIO" }, "geometry": { "type": "Point", "coordinates": [ -59.948920319467909, -3.136382637796743 ] } },
{ "type": "Feature", "properties": { "CLASSE": "PLANTIO" }, "geometry": { "type": "Point", "coordinates": [ -59.949043582586206, -3.13638269982583 ] } },
{ "type": "Feature", "properties": { "CLASSE": "PLANTIO" }, "geometry": { "type": "Point", "coordinates": [ -59.948980852056316, -3.136390683593078 ] } },
{ "type": "Feature", "properties": { "CLASSE": "PLANTIO" }, "geometry": { "type": "Point", "coordinates": [ -59.949176786976572, -3.136391287237984 ] } },
{ "type": "Feature", "properties": { "CLASSE": "PLANTIO" }, "geometry": { "type": "Point", "coordinates": [ -59.949249146098929, -3.136394622045515 ] } },
{ "type": "Feature", "properties": { "CLASSE": "PLANTIO" }, "geometry": { "type": "Point", "coordinates": [ -59.949108620310973, -3.136407754828127 ] } },
{ "type": "Feature", "properties": { "CLASSE": "PLANTIO" }, "geometry": { "type": "Point", "coordinates": [ -59.948921238523859, -3.136431893728208 ] } },
{ "type": "Feature", "properties": { "CLASSE": "PLANTIO" }, "geometry": { "type": "Point", "coordinates": [ -59.948782921346584, -3.136058024409266 ] } },
{ "type": "Feature", "properties": { "CLASSE": "PLANTIO" }, "geometry": { "type": "Point", "coordinates": [ -59.948653927925996, -3.136076284784089 ] } },
{ "type": "Feature", "properties": { "CLASSE": "PLANTIO" }, "geometry": { "type": "Point", "coordinates": [ -59.948718557689411, -3.136089291631336 ] } },
{ "type": "Feature", "properties": { "CLASSE": "PLANTIO" }, "geometry": { "type": "Point", "coordinates": [ -59.948589777383496, -3.136117098837545 ] } },
{ "type": "Feature", "properties": { "CLASSE": "PLANTIO" }, "geometry": { "type": "Point", "coordinates": [ -59.948519855903022, -3.136124644819631 ] } },
{ "type": "Feature", "properties": { "CLASSE": "PLANTIO" }, "geometry": { "type": "Point", "coordinates": [ -59.948844852774066, -3.136104466082685 ] } },
{ "type": "Feature", "properties": { "CLASSE": "PLANTIO" }, "geometry": { "type": "Point", "coordinates": [ -59.948783810640172, -3.136110302815943 ] } },
{ "type": "Feature", "properties": { "CLASSE": "PLANTIO" }, "geometry": { "type": "Point", "coordinates": [ -59.948652242229763, -3.13612272669311 ] } },
{ "type": "Feature", "properties": { "CLASSE": "PLANTIO" }, "geometry": { "type": "Point", "coordinates": [ -59.94871929117776, -3.136139568950448 ] } },
{ "type": "Feature", "properties": { "CLASSE": "PLANTIO" }, "geometry": { "type": "Point", "coordinates": [ -59.948589147655419, -3.136149866645184 ] } },
{ "type": "Feature", "properties": { "CLASSE": "PLANTIO" }, "geometry": { "type": "Point", "coordinates": [ -59.948785364237928, -3.13615749512288 ] } },
{ "type": "Feature", "properties": { "CLASSE": "PLANTIO" }, "geometry": { "type": "Point", "coordinates": [ -59.948517739568295, -3.136179174455727 ] } },
{ "type": "Feature", "properties": { "CLASSE": "PLANTIO" }, "geometry": { "type": "Point", "coordinates": [ -59.948848669763031, -3.136153492711614 ] } },
{ "type": "Feature", "properties": { "CLASSE": "PLANTIO" }, "geometry": { "type": "Point", "coordinates": [ -59.94865289781044, -3.136172003468047 ] } },
{ "type": "Feature", "properties": { "CLASSE": "PLANTIO" }, "geometry": { "type": "Point", "coordinates": [ -59.948718815075701, -3.136187928564894 ] } },
{ "type": "Feature", "properties": { "CLASSE": "PLANTIO" }, "geometry": { "type": "Point", "coordinates": [ -59.948586660226731, -3.136206439060345 ] } },
{ "type": "Feature", "properties": { "CLASSE": "PLANTIO" }, "geometry": { "type": "Point", "coordinates": [ -59.948845852396666, -3.13619901746263 ] } },
{ "type": "Feature", "properties": { "CLASSE": "PLANTIO" }, "geometry": { "type": "Point", "coordinates": [ -59.948788283218313, -3.136208606220983 ] } },
{ "type": "Feature", "properties": { "CLASSE": "PLANTIO" }, "geometry": { "type": "Point", "coordinates": [ -59.948653553389327, -3.136221280242886 ] } },
{ "type": "Feature", "properties": { "CLASSE": "PLANTIO" }, "geometry": { "type": "Point", "coordinates": [ -59.948521907045681, -3.136232703529359 ] } },
{ "type": "Feature", "properties": { "CLASSE": "PLANTIO" }, "geometry": { "type": "Point", "coordinates": [ -59.948721344559026, -3.136234036945474 ] } },
{ "type": "Feature", "properties": { "CLASSE": "PLANTIO" }, "geometry": { "type": "Point", "coordinates": [ -59.948589521847133, -3.136250004390696 ] } },
{ "type": "Feature", "properties": { "CLASSE": "PLANTIO" }, "geometry": { "type": "Point", "coordinates": [ -59.948523364328103, -3.136271849795826 ] } },
{ "type": "Feature", "properties": { "CLASSE": "PLANTIO" }, "geometry": { "type": "Point", "coordinates": [ -59.948847561794857, -3.136248210856749 ] } },
{ "type": "Feature", "properties": { "CLASSE": "PLANTIO" }, "geometry": { "type": "Point", "coordinates": [ -59.948788783019232, -3.136255881910259 ] } },
{ "type": "Feature", "properties": { "CLASSE": "PLANTIO" }, "geometry": { "type": "Point", "coordinates": [ -59.948657370348663, -3.136270306871303 ] } },
{ "type": "Feature", "properties": { "CLASSE": "PLANTIO" }, "geometry": { "type": "Point", "coordinates": [ -59.948722078042159, -3.136284314264351 ] } },
{ "type": "Feature", "properties": { "CLASSE": "PLANTIO" }, "geometry": { "type": "Point", "coordinates": [ -59.948591797054128, -3.136299656363569 ] } },
{ "type": "Feature", "properties": { "CLASSE": "PLANTIO" }, "geometry": { "type": "Point", "coordinates": [ -59.948525522680107, -3.13632000095312 ] } },
{ "type": "Feature", "properties": { "CLASSE": "PLANTIO" }, "geometry": { "type": "Point", "coordinates": [ -59.948787253127527, -3.136304324907776 ] } },
{ "type": "Feature", "properties": { "CLASSE": "PLANTIO" }, "geometry": { "type": "Point", "coordinates": [ -59.948847397296042, -3.13630057264637 ] } },
{ "type": "Feature", "properties": { "CLASSE": "PLANTIO" }, "geometry": { "type": "Point", "coordinates": [ -59.948658846027364, -3.136316498633612 ] } },
{ "type": "Feature", "properties": { "CLASSE": "PLANTIO" }, "geometry": { "type": "Point", "coordinates": [ -59.948723631625931, -3.136331506570514 ] } },
{ "type": "Feature", "properties": { "CLASSE": "PLANTIO" }, "geometry": { "type": "Point", "coordinates": [ -59.948592501851969, -3.13634616079765 ] } },
{ "type": "Feature", "properties": { "CLASSE": "PLANTIO" }, "geometry": { "type": "Point", "coordinates": [ -59.948846570665317, -3.136344429816603 ] } },
{ "type": "Feature", "properties": { "CLASSE": "PLANTIO" }, "geometry": { "type": "Point", "coordinates": [ -59.948788884616611, -3.136352517757864 ] } },
{ "type": "Feature", "properties": { "CLASSE": "PLANTIO" }, "geometry": { "type": "Point", "coordinates": [ -59.948658369910184, -3.136364858246921 ] } },
{ "type": "Feature", "properties": { "CLASSE": "PLANTIO" }, "geometry": { "type": "Point", "coordinates": [ -59.948724365105683, -3.136381783889206 ] } },
{ "type": "Feature", "properties": { "CLASSE": "PLANTIO" }, "geometry": { "type": "Point", "coordinates": [ -59.948592874493208, -3.136395208281165 ] } },
{ "type": "Feature", "properties": { "CLASSE": "PLANTIO" }, "geometry": { "type": "Point", "coordinates": [ -59.94852705829053, -3.136418033382412 ] } },
{ "type": "Feature", "properties": { "CLASSE": "PLANTIO" }, "geometry": { "type": "Point", "coordinates": [ -59.948849606494598, -3.1363970417299 ] } },
{ "type": "Feature", "properties": { "CLASSE": "PLANTIO" }, "geometry": { "type": "Point", "coordinates": [ -59.94878848641266, -3.136401877916171 ] } },
{ "type": "Feature", "properties": { "CLASSE": "PLANTIO" }, "geometry": { "type": "Point", "coordinates": [ -59.948658498585225, -3.136414176712506 ] } },
{ "type": "Feature", "properties": { "CLASSE": "PLANTIO" }, "geometry": { "type": "Point", "coordinates": [ -59.94872494278912, -3.136430060120915 ] } },
{ "type": "Feature", "properties": { "CLASSE": "PLANTIO" }, "geometry": { "type": "Point", "coordinates": [ -59.948595501325151, -3.136442567340154 ] } },
{ "type": "Feature", "properties": { "CLASSE": "PLANTIO" }, "geometry": { "type": "Point", "coordinates": [ -59.948384976897749, -3.136094545511895 ] } },
{ "type": "Feature", "properties": { "CLASSE": "PLANTIO" }, "geometry": { "type": "Point", "coordinates": [ -59.948448319161777, -3.13610463415386 ] } },
{ "type": "Feature", "properties": { "CLASSE": "PLANTIO" }, "geometry": { "type": "Point", "coordinates": [ -59.948384578649488, -3.136143905665612 ] } },
{ "type": "Feature", "properties": { "CLASSE": "PLANTIO" }, "geometry": { "type": "Point", "coordinates": [ -59.94844987271582, -3.136151826458388 ] } },
{ "type": "Feature", "properties": { "CLASSE": "PLANTIO" }, "geometry": { "type": "Point", "coordinates": [ -59.948384024606376, -3.136191264732382 ] } },
{ "type": "Feature", "properties": { "CLASSE": "PLANTIO" }, "geometry": { "type": "Point", "coordinates": [ -59.948449474474053, -3.136201186612809 ] } },
{ "type": "Feature", "properties": { "CLASSE": "PLANTIO" }, "geometry": { "type": "Point", "coordinates": [ -59.948383626354037, -3.136240624885879 ] } },
{ "type": "Feature", "properties": { "CLASSE": "PLANTIO" }, "geometry": { "type": "Point", "coordinates": [ -59.948450130024121, -3.136250463385529 ] } },
{ "type": "Feature", "properties": { "CLASSE": "PLANTIO" }, "geometry": { "type": "Point", "coordinates": [ -59.948385335687725, -3.136289818276516 ] } },
{ "type": "Feature", "properties": { "CLASSE": "PLANTIO" }, "geometry": { "type": "Point", "coordinates": [ -59.948448677984253, -3.136299906921288 ] } },
{ "type": "Feature", "properties": { "CLASSE": "PLANTIO" }, "geometry": { "type": "Point", "coordinates": [ -59.948387122916238, -3.136340012210511 ] } },
{ "type": "Feature", "properties": { "CLASSE": "PLANTIO" }, "geometry": { "type": "Point", "coordinates": [ -59.948452417016732, -3.136347933005794 ] } },
{ "type": "Feature", "properties": { "CLASSE": "PLANTIO" }, "geometry": { "type": "Point", "coordinates": [ -59.94838867645435, -3.136387204514143 ] } },
{ "type": "Feature", "properties": { "CLASSE": "PLANTIO" }, "geometry": { "type": "Point", "coordinates": [ -59.9483872244002, -3.13643664804863 ] } },
{ "type": "Feature", "properties": { "CLASSE": "PLANTIO" }, "geometry": { "type": "Point", "coordinates": [ -59.948455757797454, -3.13644531924421 ] } },
{ "type": "Feature", "properties": { "CLASSE": "PLANTIO" }, "geometry": { "type": "Point", "coordinates": [ -59.950244120926804, -3.136331998663877 ] } },
{ "type": "Feature", "properties": { "CLASSE": "PLANTIO" }, "geometry": { "type": "Point", "coordinates": [ -59.950308636115089, -3.136329913720608 ] } },
{ "type": "Feature", "properties": { "CLASSE": "PLANTIO" }, "geometry": { "type": "Point", "coordinates": [ -59.950377755993692, -3.13633249793736 ] } },
{ "type": "Feature", "properties": { "CLASSE": "PLANTIO" }, "geometry": { "type": "Point", "coordinates": [ -59.950181007964169, -3.136352093379507 ] } },
{ "type": "Feature", "properties": { "CLASSE": "PLANTIO" }, "geometry": { "type": "Point", "coordinates": [ -59.950243489216781, -3.136378357210276 ] } },
{ "type": "Feature", "properties": { "CLASSE": "PLANTIO" }, "geometry": { "type": "Point", "coordinates": [ -59.950309525618387, -3.136382192142307 ] } },
{ "type": "Feature", "properties": { "CLASSE": "PLANTIO" }, "geometry": { "type": "Point", "coordinates": [ -59.950180825241468, -3.136397409688477 ] } },
{ "type": "Feature", "properties": { "CLASSE": "PLANTIO" }, "geometry": { "type": "Point", "coordinates": [ -59.950379543498109, -3.13638269188602 ] } },
{ "type": "Feature", "properties": { "CLASSE": "PLANTIO" }, "geometry": { "type": "Point", "coordinates": [ -59.950244300807249, -3.136429635087708 ] } },
{ "type": "Feature", "properties": { "CLASSE": "PLANTIO" }, "geometry": { "type": "Point", "coordinates": [ -59.950309869808144, -3.136427466759386 ] } },
{ "type": "Feature", "properties": { "CLASSE": "PLANTIO" }, "geometry": { "type": "Point", "coordinates": [ -59.950180954122253, -3.136446728171343 ] } },
{ "type": "Feature", "properties": { "CLASSE": "PLANTIO" }, "geometry": { "type": "Point", "coordinates": [ -59.950381253099174, -3.136431885291117 ] } },
{ "type": "Feature", "properties": { "CLASSE": "PLANTIO" }, "geometry": { "type": "Point", "coordinates": [ -59.95024796217583, -3.136476660632056 ] } },
{ "type": "Feature", "properties": { "CLASSE": "PLANTIO" }, "geometry": { "type": "Point", "coordinates": [ -59.950312711095016, -3.136477577320889 ] } },
{ "type": "Feature", "properties": { "CLASSE": "PLANTIO" }, "geometry": { "type": "Point", "coordinates": [ -59.950378747517568, -3.136481412242922 ] } },
{ "type": "Feature", "properties": { "CLASSE": "PLANTIO" }, "geometry": { "type": "Point", "coordinates": [ -59.950184927086987, -3.136497755889508 ] } },
{ "type": "Feature", "properties": { "CLASSE": "PLANTIO" }, "geometry": { "type": "Point", "coordinates": [ -59.950246354566652, -3.136524103108009 ] } },
{ "type": "Feature", "properties": { "CLASSE": "PLANTIO" }, "geometry": { "type": "Point", "coordinates": [ -59.950312235191241, -3.136525936954833 ] } },
{ "type": "Feature", "properties": { "CLASSE": "PLANTIO" }, "geometry": { "type": "Point", "coordinates": [ -59.95038240890235, -3.136528437787462 ] } },
{ "type": "Feature", "properties": { "CLASSE": "PLANTIO" }, "geometry": { "type": "Point", "coordinates": [ -59.950184900161908, -3.136545073285234 ] } },
{ "type": "Feature", "properties": { "CLASSE": "PLANTIO" }, "geometry": { "type": "Point", "coordinates": [ -59.950245956553552, -3.136573463284478 ] } },
{ "type": "Feature", "properties": { "CLASSE": "PLANTIO" }, "geometry": { "type": "Point", "coordinates": [ -59.950314920672049, -3.136574046429196 ] } },
{ "type": "Feature", "properties": { "CLASSE": "PLANTIO" }, "geometry": { "type": "Point", "coordinates": [ -59.950383142604885, -3.136578715122539 ] } },
{ "type": "Feature", "properties": { "CLASSE": "PLANTIO" }, "geometry": { "type": "Point", "coordinates": [ -59.95018465794201, -3.136596434547904 ] } },
{ "type": "Feature", "properties": { "CLASSE": "PLANTIO" }, "geometry": { "type": "Point", "coordinates": [ -59.95024751032701, -3.136620655601313 ] } },
{ "type": "Feature", "properties": { "CLASSE": "PLANTIO" }, "geometry": { "type": "Point", "coordinates": [ -59.950318893652145, -3.136625074147481 ] } },
{ "type": "Feature", "properties": { "CLASSE": "PLANTIO" }, "geometry": { "type": "Point", "coordinates": [ -59.950383720502096, -3.136626991370441 ] } },
{ "type": "Feature", "properties": { "CLASSE": "PLANTIO" }, "geometry": { "type": "Point", "coordinates": [ -59.950185684808794, -3.136643668557269 ] } },
{ "type": "Feature", "properties": { "CLASSE": "PLANTIO" }, "geometry": { "type": "Point", "coordinates": [ -59.950250107625287, -3.136671037144659 ] } },
{ "type": "Feature", "properties": { "CLASSE": "PLANTIO" }, "geometry": { "type": "Point", "coordinates": [ -59.950320447433377, -3.136672266464736 ] } },
{ "type": "Feature", "properties": { "CLASSE": "PLANTIO" }, "geometry": { "type": "Point", "coordinates": [ -59.950185336003379, -3.136690256391589 ] } },
{ "type": "Feature", "properties": { "CLASSE": "PLANTIO" }, "geometry": { "type": "Point", "coordinates": [ -59.950384825295579, -3.136675225924996 ] } },
{ "type": "Feature", "properties": { "CLASSE": "PLANTIO" }, "geometry": { "type": "Point", "coordinates": [ -59.949790052227804, -3.136369438738946 ] } },
{ "type": "Feature", "properties": { "CLASSE": "PLANTIO" }, "geometry": { "type": "Point", "coordinates": [ -59.949855660154505, -3.136367770757047 ] } },
{ "type": "Feature", "properties": { "CLASSE": "PLANTIO" }, "geometry": { "type": "Point", "coordinates": [ -59.950048816204223, -3.136356513370494 ] } },
{ "type": "Feature", "properties": { "CLASSE": "PLANTIO" }, "geometry": { "type": "Point", "coordinates": [ -59.949723406766729, -3.136391826313542 ] } },
{ "type": "Feature", "properties": { "CLASSE": "PLANTIO" }, "geometry": { "type": "Point", "coordinates": [ -59.950112822904337, -3.136361515650044 ] } },
{ "type": "Feature", "properties": { "CLASSE": "PLANTIO" }, "geometry": { "type": "Point", "coordinates": [ -59.94998660122608, -3.136374523580933 ] } },
{ "type": "Feature", "properties": { "CLASSE": "PLANTIO" }, "geometry": { "type": "Point", "coordinates": [ -59.949922787144565, -3.136385613362158 ] } },
{ "type": "Feature", "properties": { "CLASSE": "PLANTIO" }, "geometry": { "type": "Point", "coordinates": [ -59.949788678264376, -3.136419882838545 ] } },
{ "type": "Feature", "properties": { "CLASSE": "PLANTIO" }, "geometry": { "type": "Point", "coordinates": [ -59.949855184194369, -3.136416130385427 ] } },
{ "type": "Feature", "properties": { "CLASSE": "PLANTIO" }, "geometry": { "type": "Point", "coordinates": [ -59.950048340270207, -3.136404873001382 ] } },
{ "type": "Feature", "properties": { "CLASSE": "PLANTIO" }, "geometry": { "type": "Point", "coordinates": [ -59.949725448425376, -3.13643847666264 ] } },
{ "type": "Feature", "properties": { "CLASSE": "PLANTIO" }, "geometry": { "type": "Point", "coordinates": [ -59.950112269077515, -3.136408874738208 ] } },
{ "type": "Feature", "properties": { "CLASSE": "PLANTIO" }, "geometry": { "type": "Point", "coordinates": [ -59.949986203183805, -3.136423883754475 ] } },
{ "type": "Feature", "properties": { "CLASSE": "PLANTIO" }, "geometry": { "type": "Point", "coordinates": [ -59.949919227708214, -3.136435223691244 ] } },
{ "type": "Feature", "properties": { "CLASSE": "PLANTIO" }, "geometry": { "type": "Point", "coordinates": [ -59.949789333988456, -3.13646915962434 ] } },
{ "type": "Feature", "properties": { "CLASSE": "PLANTIO" }, "geometry": { "type": "Point", "coordinates": [ -59.949857869617425, -3.136464239857801 ] } },
{ "type": "Feature", "properties": { "CLASSE": "PLANTIO" }, "geometry": { "type": "Point", "coordinates": [ -59.950048918129305, -3.1364531492463 ] } },
{ "type": "Feature", "properties": { "CLASSE": "PLANTIO" }, "geometry": { "type": "Point", "coordinates": [ -59.950112613241735, -3.136454149353327 ] } },
{ "type": "Feature", "properties": { "CLASSE": "PLANTIO" }, "geometry": { "type": "Point", "coordinates": [ -59.949725499342627, -3.13648679459677 ] } },
{ "type": "Feature", "properties": { "CLASSE": "PLANTIO" }, "geometry": { "type": "Point", "coordinates": [ -59.949984673443659, -3.136472326770033 ] } },
{ "type": "Feature", "properties": { "CLASSE": "PLANTIO" }, "geometry": { "type": "Point", "coordinates": [ -59.949918985455376, -3.136486584950745 ] } },
{ "type": "Feature", "properties": { "CLASSE": "PLANTIO" }, "geometry": { "type": "Point", "coordinates": [ -59.949791668850331, -3.136512766650739 ] } },
{ "type": "Feature", "properties": { "CLASSE": "PLANTIO" }, "geometry": { "type": "Point", "coordinates": [ -59.949857471554033, -3.13651360002951 ] } },
{ "type": "Feature", "properties": { "CLASSE": "PLANTIO" }, "geometry": { "type": "Point", "coordinates": [ -59.950050393980142, -3.13649934101835 ] } },
{ "type": "Feature", "properties": { "CLASSE": "PLANTIO" }, "geometry": { "type": "Point", "coordinates": [ -59.950115688203375, -3.136507261544295 ] } },
{ "type": "Feature", "properties": { "CLASSE": "PLANTIO" }, "geometry": { "type": "Point", "coordinates": [ -59.949988490578257, -3.136521353400788 ] } },
{ "type": "Feature", "properties": { "CLASSE": "PLANTIO" }, "geometry": { "type": "Point", "coordinates": [ -59.949922880481076, -3.13653661212485 ] } },
{ "type": "Feature", "properties": { "CLASSE": "PLANTIO" }, "geometry": { "type": "Point", "coordinates": [ -59.949793085169354, -3.13656500337423 ] } },
{ "type": "Feature", "properties": { "CLASSE": "PLANTIO" }, "geometry": { "type": "Point", "coordinates": [ -59.949859181079255, -3.136562793430549 ] } },
{ "type": "Feature", "properties": { "CLASSE": "PLANTIO" }, "geometry": { "type": "Point", "coordinates": [ -59.950051205538507, -3.136550618893608 ] } },
{ "type": "Feature", "properties": { "CLASSE": "PLANTIO" }, "geometry": { "type": "Point", "coordinates": [ -59.950117086159942, -3.136552452773294 ] } },
{ "type": "Feature", "properties": { "CLASSE": "PLANTIO" }, "geometry": { "type": "Point", "coordinates": [ -59.949988248331572, -3.136572714660979 ] } },
{ "type": "Feature", "properties": { "CLASSE": "PLANTIO" }, "geometry": { "type": "Point", "coordinates": [ -59.949922560323991, -3.136586972840696 ] } },
{ "type": "Feature", "properties": { "CLASSE": "PLANTIO" }, "geometry": { "type": "Point", "coordinates": [ -59.949792238095391, -3.136615405780894 ] } },
{ "type": "Feature", "properties": { "CLASSE": "PLANTIO" }, "geometry": { "type": "Point", "coordinates": [ -59.950051705491752, -3.136597894594807 ] } },
{ "type": "Feature", "properties": { "CLASSE": "PLANTIO" }, "geometry": { "type": "Point", "coordinates": [ -59.949859914707808, -3.136613070760234 ] } },
{ "type": "Feature", "properties": { "CLASSE": "PLANTIO" }, "geometry": { "type": "Point", "coordinates": [ -59.950117819824705, -3.136602730105608 ] } },
{ "type": "Feature", "properties": { "CLASSE": "PLANTIO" }, "geometry": { "type": "Point", "coordinates": [ -59.949988904077067, -3.136621991448486 ] } },
{ "type": "Feature", "properties": { "CLASSE": "PLANTIO" }, "geometry": { "type": "Point", "coordinates": [ -59.949926143745408, -3.136632997840735 ] } },
{ "type": "Feature", "properties": { "CLASSE": "PLANTIO" }, "geometry": { "type": "Point", "coordinates": [ -59.949794318705877, -3.13666255640176 ] } },
{ "type": "Feature", "properties": { "CLASSE": "PLANTIO" }, "geometry": { "type": "Point", "coordinates": [ -59.949859243987738, -3.136658929029437 ] } },
{ "type": "Feature", "properties": { "CLASSE": "PLANTIO" }, "geometry": { "type": "Point", "coordinates": [ -59.95005199014863, -3.136649214162723 ] } },
{ "type": "Feature", "properties": { "CLASSE": "PLANTIO" }, "geometry": { "type": "Point", "coordinates": [ -59.950118397685692, -3.136651006350839 ] } },
{ "type": "Feature", "properties": { "CLASSE": "PLANTIO" }, "geometry": { "type": "Point", "coordinates": [ -59.949992565406653, -3.13666901699208 ] } },
{ "type": "Feature", "properties": { "CLASSE": "PLANTIO" }, "geometry": { "type": "Point", "coordinates": [ -59.949924769789099, -3.136683441941805 ] } },
{ "type": "Feature", "properties": { "CLASSE": "PLANTIO" }, "geometry": { "type": "Point", "coordinates": [ -59.949862046254061, -3.136708539316679 ] } },
{ "type": "Feature", "properties": { "CLASSE": "PLANTIO" }, "geometry": { "type": "Point", "coordinates": [ -59.949795471570617, -3.136714813971295 ] } },
{ "type": "Feature", "properties": { "CLASSE": "PLANTIO" }, "geometry": { "type": "Point", "coordinates": [ -59.950052490098336, -3.136696489863752 ] } },
{ "type": "Feature", "properties": { "CLASSE": "PLANTIO" }, "geometry": { "type": "Point", "coordinates": [ -59.950119951439838, -3.1366981986666 ] } },
{ "type": "Feature", "properties": { "CLASSE": "PLANTIO" }, "geometry": { "type": "Point", "coordinates": [ -59.949990879855555, -3.136715458920214 ] } },
{ "type": "Feature", "properties": { "CLASSE": "PLANTIO" }, "geometry": { "type": "Point", "coordinates": [ -59.949929640705257, -3.136732385186811 ] } },
{ "type": "Feature", "properties": { "CLASSE": "PLANTIO" }, "geometry": { "type": "Point", "coordinates": [ -59.949447296289812, -3.136393036856227 ] } },
{ "type": "Feature", "properties": { "CLASSE": "PLANTIO" }, "geometry": { "type": "Point", "coordinates": [ -59.94932035297736, -3.136403584904741 ] } },
{ "type": "Feature", "properties": { "CLASSE": "PLANTIO" }, "geometry": { "type": "Point", "coordinates": [ -59.949657702538325, -3.136385448232879 ] } },
{ "type": "Feature", "properties": { "CLASSE": "PLANTIO" }, "geometry": { "type": "Point", "coordinates": [ -59.949382756247239, -3.136428848323504 ] } },
{ "type": "Feature", "properties": { "CLASSE": "PLANTIO" }, "geometry": { "type": "Point", "coordinates": [ -59.949523944199974, -3.136424220062757 ] } },
{ "type": "Feature", "properties": { "CLASSE": "PLANTIO" }, "geometry": { "type": "Point", "coordinates": [ -59.949587561388192, -3.136424219710399 ] } },
{ "type": "Feature", "properties": { "CLASSE": "PLANTIO" }, "geometry": { "type": "Point", "coordinates": [ -59.949449083662564, -3.136443230797894 ] } },
{ "type": "Feature", "properties": { "CLASSE": "PLANTIO" }, "geometry": { "type": "Point", "coordinates": [ -59.949318568898342, -3.136455571504158 ] } },
{ "type": "Feature", "properties": { "CLASSE": "PLANTIO" }, "geometry": { "type": "Point", "coordinates": [ -59.949657382350814, -3.136435808945663 ] } },
{ "type": "Feature", "properties": { "CLASSE": "PLANTIO" }, "geometry": { "type": "Point", "coordinates": [ -59.949387061248537, -3.136477332989394 ] } },
{ "type": "Feature", "properties": { "CLASSE": "PLANTIO" }, "geometry": { "type": "Point", "coordinates": [ -59.94952452198843, -3.13647249630241 ] } },
{ "type": "Feature", "properties": { "CLASSE": "PLANTIO" }, "geometry": { "type": "Point", "coordinates": [ -59.949590324674723, -3.136473329725007 ] } },
{ "type": "Feature", "properties": { "CLASSE": "PLANTIO" }, "geometry": { "type": "Point", "coordinates": [ -59.949451846929556, -3.136492340811856 ] } },
{ "type": "Feature", "properties": { "CLASSE": "PLANTIO" }, "geometry": { "type": "Point", "coordinates": [ -59.949321176349422, -3.13650268043056 ] } },
{ "type": "Feature", "properties": { "CLASSE": "PLANTIO" }, "geometry": { "type": "Point", "coordinates": [ -59.949658193856003, -3.136487086817056 ] } },
{ "type": "Feature", "properties": { "CLASSE": "PLANTIO" }, "geometry": { "type": "Point", "coordinates": [ -59.949385648275133, -3.136527276810781 ] } },
{ "type": "Feature", "properties": { "CLASSE": "PLANTIO" }, "geometry": { "type": "Point", "coordinates": [ -59.94952420177885, -3.136522857013297 ] } },
{ "type": "Feature", "properties": { "CLASSE": "PLANTIO" }, "geometry": { "type": "Point", "coordinates": [ -59.94959090247017, -3.136521605965228 ] } },
{ "type": "Feature", "properties": { "CLASSE": "PLANTIO" }, "geometry": { "type": "Point", "coordinates": [ -59.949451215112326, -3.136538699347902 ] } },
{ "type": "Feature", "properties": { "CLASSE": "PLANTIO" }, "geometry": { "type": "Point", "coordinates": [ -59.949659591755896, -3.136532278042772 ] } },
{ "type": "Feature", "properties": { "CLASSE": "PLANTIO" }, "geometry": { "type": "Point", "coordinates": [ -59.949725706057897, -3.136537113617713 ] } },
{ "type": "Feature", "properties": { "CLASSE": "PLANTIO" }, "geometry": { "type": "Point", "coordinates": [ -59.949386187091811, -3.13657505277714 ] } },
{ "type": "Feature", "properties": { "CLASSE": "PLANTIO" }, "geometry": { "type": "Point", "coordinates": [ -59.949525677560196, -3.136569048781482 ] } },
{ "type": "Feature", "properties": { "CLASSE": "PLANTIO" }, "geometry": { "type": "Point", "coordinates": [ -59.949591558163497, -3.136570882748821 ] } },
{ "type": "Feature", "properties": { "CLASSE": "PLANTIO" }, "geometry": { "type": "Point", "coordinates": [ -59.949452026584304, -3.136589977216993 ] } },
{ "type": "Feature", "properties": { "CLASSE": "PLANTIO" }, "geometry": { "type": "Point", "coordinates": [ -59.949660989654511, -3.136577469268396 ] } },
{ "type": "Feature", "properties": { "CLASSE": "PLANTIO" }, "geometry": { "type": "Point", "coordinates": [ -59.949726283869047, -3.136585389859171 ] } },
{ "type": "Feature", "properties": { "CLASSE": "PLANTIO" }, "geometry": { "type": "Point", "coordinates": [ -59.949386842755253, -3.136624329558593 ] } },
{ "type": "Feature", "properties": { "CLASSE": "PLANTIO" }, "geometry": { "type": "Point", "coordinates": [ -59.949522195960547, -3.13661965964522 ] } },
{ "type": "Feature", "properties": { "CLASSE": "PLANTIO" }, "geometry": { "type": "Point", "coordinates": [ -59.949591160059605, -3.136620242916877 ] } },
{ "type": "Feature", "properties": { "CLASSE": "PLANTIO" }, "geometry": { "type": "Point", "coordinates": [ -59.949454556149625, -3.136636085600344 ] } },
{ "type": "Feature", "properties": { "CLASSE": "PLANTIO" }, "geometry": { "type": "Point", "coordinates": [ -59.94966246545156, -3.136623661037468 ] } },
{ "type": "Feature", "properties": { "CLASSE": "PLANTIO" }, "geometry": { "type": "Point", "coordinates": [ -59.949728071273817, -3.136635583802573 ] } },
{ "type": "Feature", "properties": { "CLASSE": "PLANTIO" }, "geometry": { "type": "Point", "coordinates": [ -59.949388474313473, -3.136672522412503 ] } },
{ "type": "Feature", "properties": { "CLASSE": "PLANTIO" }, "geometry": { "type": "Point", "coordinates": [ -59.949525740379848, -3.136665184372731 ] } },
{ "type": "Feature", "properties": { "CLASSE": "PLANTIO" }, "geometry": { "type": "Point", "coordinates": [ -59.949592088397459, -3.136673021602398 ] } },
{ "type": "Feature", "properties": { "CLASSE": "PLANTIO" }, "geometry": { "type": "Point", "coordinates": [ -59.949455972415144, -3.136688322320637 ] } },
{ "type": "Feature", "properties": { "CLASSE": "PLANTIO" }, "geometry": { "type": "Point", "coordinates": [ -59.949662417903745, -3.136677523651898 ] } },
{ "type": "Feature", "properties": { "CLASSE": "PLANTIO" }, "geometry": { "type": "Point", "coordinates": [ -59.949728726981469, -3.136684860587295 ] } },
{ "type": "Feature", "properties": { "CLASSE": "PLANTIO" }, "geometry": { "type": "Point", "coordinates": [ -59.949388974175754, -3.136719798106824 ] } },
{ "type": "Feature", "properties": { "CLASSE": "PLANTIO" }, "geometry": { "type": "Point", "coordinates": [ -59.949525303313557, -3.136714044268032 ] } },
{ "type": "Feature", "properties": { "CLASSE": "PLANTIO" }, "geometry": { "type": "Point", "coordinates": [ -59.949592432487329, -3.136718296211868 ] } },
{ "type": "Feature", "properties": { "CLASSE": "PLANTIO" }, "geometry": { "type": "Point", "coordinates": [ -59.949458052979232, -3.136735472939392 ] } },
{ "type": "Feature", "properties": { "CLASSE": "PLANTIO" }, "geometry": { "type": "Point", "coordinates": [ -59.949662800952062, -3.136723298533816 ] } },
{ "type": "Feature", "properties": { "CLASSE": "PLANTIO" }, "geometry": { "type": "Point", "coordinates": [ -59.949728173091863, -3.136732219669916 ] } },
{ "type": "Feature", "properties": { "CLASSE": "PLANTIO" }, "geometry": { "type": "Point", "coordinates": [ -59.949389063986736, -3.136768616308274 ] } },
{ "type": "Feature", "properties": { "CLASSE": "PLANTIO" }, "geometry": { "type": "Point", "coordinates": [ -59.949528066582296, -3.136763154281937 ] } },
{ "type": "Feature", "properties": { "CLASSE": "PLANTIO" }, "geometry": { "type": "Point", "coordinates": [ -59.949046345799651, -3.136431809837951 ] } },
{ "type": "Feature", "properties": { "CLASSE": "PLANTIO" }, "geometry": { "type": "Point", "coordinates": [ -59.948982824914928, -3.13643985614209 ] } },
{ "type": "Feature", "properties": { "CLASSE": "PLANTIO" }, "geometry": { "type": "Point", "coordinates": [ -59.949176466722186, -3.136441647944629 ] } },
{ "type": "Feature", "properties": { "CLASSE": "PLANTIO" }, "geometry": { "type": "Point", "coordinates": [ -59.949249723851842, -3.136442898282489 ] } },
{ "type": "Feature", "properties": { "CLASSE": "PLANTIO" }, "geometry": { "type": "Point", "coordinates": [ -59.949110778736816, -3.136455905988697 ] } },
{ "type": "Feature", "properties": { "CLASSE": "PLANTIO" }, "geometry": { "type": "Point", "coordinates": [ -59.948921640961792, -3.136477918739054 ] } },
{ "type": "Feature", "properties": { "CLASSE": "PLANTIO" }, "geometry": { "type": "Point", "coordinates": [ -59.949044582240255, -3.136477251208689 ] } },
{ "type": "Feature", "properties": { "CLASSE": "PLANTIO" }, "geometry": { "type": "Point", "coordinates": [ -59.94898174404053, -3.136487256907266 ] } },
{ "type": "Feature", "properties": { "CLASSE": "PLANTIO" }, "geometry": { "type": "Point", "coordinates": [ -59.949177942461681, -3.136487839710377 ] } },
{ "type": "Feature", "properties": { "CLASSE": "PLANTIO" }, "geometry": { "type": "Point", "coordinates": [ -59.949251355398012, -3.136491091135689 ] } },
{ "type": "Feature", "properties": { "CLASSE": "PLANTIO" }, "geometry": { "type": "Point", "coordinates": [ -59.949114517853808, -3.136503932074319 ] } },
{ "type": "Feature", "properties": { "CLASSE": "PLANTIO" }, "geometry": { "type": "Point", "coordinates": [ -59.948921691770501, -3.136526236663961 ] } },
{ "type": "Feature", "properties": { "CLASSE": "PLANTIO" }, "geometry": { "type": "Point", "coordinates": [ -59.949045393657009, -3.1365285290738 ] } },
{ "type": "Feature", "properties": { "CLASSE": "PLANTIO" }, "geometry": { "type": "Point", "coordinates": [ -59.948982516499051, -3.136538034499978 ] } },
{ "type": "Feature", "properties": { "CLASSE": "PLANTIO" }, "geometry": { "type": "Point", "coordinates": [ -59.94917859810004, -3.136537116489912 ] } },
{ "type": "Feature", "properties": { "CLASSE": "PLANTIO" }, "geometry": { "type": "Point", "coordinates": [ -59.949249825557452, -3.136539534139786 ] } },
{ "type": "Feature", "properties": { "CLASSE": "PLANTIO" }, "geometry": { "type": "Point", "coordinates": [ -59.949111778403072, -3.136550457372657 ] } },
{ "type": "Feature", "properties": { "CLASSE": "PLANTIO" }, "geometry": { "type": "Point", "coordinates": [ -59.948924161758235, -3.136578389996984 ] } },
{ "type": "Feature", "properties": { "CLASSE": "PLANTIO" }, "geometry": { "type": "Point", "coordinates": [ -59.94931874852012, -3.136553207906438 ] } },
{ "type": "Feature", "properties": { "CLASSE": "PLANTIO" }, "geometry": { "type": "Point", "coordinates": [ -59.949049210661194, -3.136577555702601 ] } },
{ "type": "Feature", "properties": { "CLASSE": "PLANTIO" }, "geometry": { "type": "Point", "coordinates": [ -59.948983211057843, -3.136587811549127 ] } },
{ "type": "Feature", "properties": { "CLASSE": "PLANTIO" }, "geometry": { "type": "Point", "coordinates": [ -59.949178122043101, -3.136585476109325 ] } },
{ "type": "Feature", "properties": { "CLASSE": "PLANTIO" }, "geometry": { "type": "Point", "coordinates": [ -59.949114463722275, -3.136598566841386 ] } },
{ "type": "Feature", "properties": { "CLASSE": "PLANTIO" }, "geometry": { "type": "Point", "coordinates": [ -59.949252744591341, -3.136590645239572 ] } },
{ "type": "Feature", "properties": { "CLASSE": "PLANTIO" }, "geometry": { "type": "Point", "coordinates": [ -59.948924173614579, -3.136626207650004 ] } },
{ "type": "Feature", "properties": { "CLASSE": "PLANTIO" }, "geometry": { "type": "Point", "coordinates": [ -59.949323697255146, -3.13660315169539 ] } },
{ "type": "Feature", "properties": { "CLASSE": "PLANTIO" }, "geometry": { "type": "Point", "coordinates": [ -59.949052871868453, -3.136624581244504 ] } },
{ "type": "Feature", "properties": { "CLASSE": "PLANTIO" }, "geometry": { "type": "Point", "coordinates": [ -59.948983827717036, -3.13663658805477 ] } },
{ "type": "Feature", "properties": { "CLASSE": "PLANTIO" }, "geometry": { "type": "Point", "coordinates": [ -59.949178777677794, -3.136634752888654 ] } },
{ "type": "Feature", "properties": { "CLASSE": "PLANTIO" }, "geometry": { "type": "Point", "coordinates": [ -59.949116173143189, -3.136647760236798 ] } },
{ "type": "Feature", "properties": { "CLASSE": "PLANTIO" }, "geometry": { "type": "Point", "coordinates": [ -59.949254454031383, -3.136639838636 ] } },
{ "type": "Feature", "properties": { "CLASSE": "PLANTIO" }, "geometry": { "type": "Point", "coordinates": [ -59.948925999854985, -3.136676901859133 ] } },
{ "type": "Feature", "properties": { "CLASSE": "PLANTIO" }, "geometry": { "type": "Point", "coordinates": [ -59.949322089520628, -3.136650594156876 ] } },
{ "type": "Feature", "properties": { "CLASSE": "PLANTIO" }, "geometry": { "type": "Point", "coordinates": [ -59.949051575689772, -3.136676025875516 ] } },
{ "type": "Feature", "properties": { "CLASSE": "PLANTIO" }, "geometry": { "type": "Point", "coordinates": [ -59.948984854425539, -3.136683822053733 ] } },
{ "type": "Feature", "properties": { "CLASSE": "PLANTIO" }, "geometry": { "type": "Point", "coordinates": [ -59.949181463003391, -3.136682862357603 ] } },
{ "type": "Feature", "properties": { "CLASSE": "PLANTIO" }, "geometry": { "type": "Point", "coordinates": [ -59.949254914928069, -3.136686614057311 ] } },
{ "type": "Feature", "properties": { "CLASSE": "PLANTIO" }, "geometry": { "type": "Point", "coordinates": [ -59.94911634081847, -3.136697578978691 ] } },
{ "type": "Feature", "properties": { "CLASSE": "PLANTIO" }, "geometry": { "type": "Point", "coordinates": [ -59.949325008561082, -3.136701705256812 ] } },
{ "type": "Feature", "properties": { "CLASSE": "PLANTIO" }, "geometry": { "type": "Point", "coordinates": [ -59.949054709996865, -3.136723093108849 ] } },
{ "type": "Feature", "properties": { "CLASSE": "PLANTIO" }, "geometry": { "type": "Point", "coordinates": [ -59.948988690891348, -3.136733098818119 ] } },
{ "type": "Feature", "properties": { "CLASSE": "PLANTIO" }, "geometry": { "type": "Point", "coordinates": [ -59.949182079685706, -3.136731638865008 ] } },
{ "type": "Feature", "properties": { "CLASSE": "PLANTIO" }, "geometry": { "type": "Point", "coordinates": [ -59.94911537679797, -3.13674648056034 ] } },
{ "type": "Feature", "properties": { "CLASSE": "PLANTIO" }, "geometry": { "type": "Point", "coordinates": [ -59.949257268110721, -3.136737266577008 ] } },
{ "type": "Feature", "properties": { "CLASSE": "PLANTIO" }, "geometry": { "type": "Point", "coordinates": [ -59.949328142903276, -3.136748772490968 ] } },
{ "type": "Feature", "properties": { "CLASSE": "PLANTIO" }, "geometry": { "type": "Point", "coordinates": [ -59.949050213477911, -3.136774287617094 ] } },
{ "type": "Feature", "properties": { "CLASSE": "PLANTIO" }, "geometry": { "type": "Point", "coordinates": [ -59.948985638735287, -3.136782417299464 ] } },
{ "type": "Feature", "properties": { "CLASSE": "PLANTIO" }, "geometry": { "type": "Point", "coordinates": [ -59.94918439390738, -3.136781791112433 ] } },
{ "type": "Feature", "properties": { "CLASSE": "PLANTIO" }, "geometry": { "type": "Point", "coordinates": [ -59.949121223498928, -3.136794339879131 ] } },
{ "type": "Feature", "properties": { "CLASSE": "PLANTIO" }, "geometry": { "type": "Point", "coordinates": [ -59.949254645515261, -3.136785292692437 ] } },
{ "type": "Feature", "properties": { "CLASSE": "PLANTIO" }, "geometry": { "type": "Point", "coordinates": [ -59.948526513444669, -3.136468915197852 ] } },
{ "type": "Feature", "properties": { "CLASSE": "PLANTIO" }, "geometry": { "type": "Point", "coordinates": [ -59.948849052501963, -3.136444400801999 ] } },
{ "type": "Feature", "properties": { "CLASSE": "PLANTIO" }, "geometry": { "type": "Point", "coordinates": [ -59.9487922254879, -3.136449904001196 ] } },
{ "type": "Feature", "properties": { "CLASSE": "PLANTIO" }, "geometry": { "type": "Point", "coordinates": [ -59.948660656950686, -3.136462327870362 ] } },
{ "type": "Feature", "properties": { "CLASSE": "PLANTIO" }, "geometry": { "type": "Point", "coordinates": [ -59.948723412881399, -3.136478503117061 ] } },
{ "type": "Feature", "properties": { "CLASSE": "PLANTIO" }, "geometry": { "type": "Point", "coordinates": [ -59.948595688411267, -3.136492636212452 ] } },
{ "type": "Feature", "properties": { "CLASSE": "PLANTIO" }, "geometry": { "type": "Point", "coordinates": [ -59.948792725280505, -3.136497179690032 ] } },
{ "type": "Feature", "properties": { "CLASSE": "PLANTIO" }, "geometry": { "type": "Point", "coordinates": [ -59.948851815686872, -3.136493510813125 ] } },
{ "type": "Feature", "properties": { "CLASSE": "PLANTIO" }, "geometry": { "type": "Point", "coordinates": [ -59.948660180827865, -3.136510687483366 ] } },
{ "type": "Feature", "properties": { "CLASSE": "PLANTIO" }, "geometry": { "type": "Point", "coordinates": [ -59.948528534376315, -3.136522110762833 ] } },
{ "type": "Feature", "properties": { "CLASSE": "PLANTIO" }, "geometry": { "type": "Point", "coordinates": [ -59.948724146355481, -3.136528780435434 ] } },
{ "type": "Feature", "properties": { "CLASSE": "PLANTIO" }, "geometry": { "type": "Point", "coordinates": [ -59.948595661279192, -3.136539953590194 ] } },
{ "type": "Feature", "properties": { "CLASSE": "PLANTIO" }, "geometry": { "type": "Point", "coordinates": [ -59.94885321348557, -3.136538702033015 ] } },
{ "type": "Feature", "properties": { "CLASSE": "PLANTIO" }, "geometry": { "type": "Point", "coordinates": [ -59.948793614558106, -3.136549458095971 ] } },
{ "type": "Feature", "properties": { "CLASSE": "PLANTIO" }, "geometry": { "type": "Point", "coordinates": [ -59.948660914291899, -3.13656096480107 ] } },
{ "type": "Feature", "properties": { "CLASSE": "PLANTIO" }, "geometry": { "type": "Point", "coordinates": [ -59.948531881739306, -3.136578724848043 ] } },
{ "type": "Feature", "properties": { "CLASSE": "PLANTIO" }, "geometry": { "type": "Point", "coordinates": [ -59.948729017110587, -3.136577723681405 ] } },
{ "type": "Feature", "properties": { "CLASSE": "PLANTIO" }, "geometry": { "type": "Point", "coordinates": [ -59.9485983465296, -3.136588063056521 ] } },
{ "type": "Feature", "properties": { "CLASSE": "PLANTIO" }, "geometry": { "type": "Point", "coordinates": [ -59.948852893180209, -3.136589062735169 ] } },
{ "type": "Feature", "properties": { "CLASSE": "PLANTIO" }, "geometry": { "type": "Point", "coordinates": [ -59.94879298265483, -3.136595816623583 ] } },
{ "type": "Feature", "properties": { "CLASSE": "PLANTIO" }, "geometry": { "type": "Point", "coordinates": [ -59.948660204474344, -3.136606322783578 ] } },
{ "type": "Feature", "properties": { "CLASSE": "PLANTIO" }, "geometry": { "type": "Point", "coordinates": [ -59.948531210853297, -3.136624583100584 ] } },
{ "type": "Feature", "properties": { "CLASSE": "PLANTIO" }, "geometry": { "type": "Point", "coordinates": [ -59.948728540992228, -3.13662608329502 ] } },
{ "type": "Feature", "properties": { "CLASSE": "PLANTIO" }, "geometry": { "type": "Point", "coordinates": [ -59.948599079982081, -3.136638340373445 ] } },
{ "type": "Feature", "properties": { "CLASSE": "PLANTIO" }, "geometry": { "type": "Point", "coordinates": [ -59.948529799948354, -3.136660936190545 ] } },
{ "type": "Feature", "properties": { "CLASSE": "PLANTIO" }, "geometry": { "type": "Point", "coordinates": [ -59.948662811834417, -3.136653431706726 ] } },
{ "type": "Feature", "properties": { "CLASSE": "PLANTIO" }, "geometry": { "type": "Point", "coordinates": [ -59.948853782462884, -3.136641341141534 ] } },
{ "type": "Feature", "properties": { "CLASSE": "PLANTIO" }, "geometry": { "type": "Point", "coordinates": [ -59.948793794031296, -3.136647094485909 ] } },
{ "type": "Feature", "properties": { "CLASSE": "PLANTIO" }, "geometry": { "type": "Point", "coordinates": [ -59.948596574150109, -3.136687867292423 ] } },
{ "type": "Feature", "properties": { "CLASSE": "PLANTIO" }, "geometry": { "type": "Point", "coordinates": [ -59.948729508152546, -3.136679362243456 ] } },
{ "type": "Feature", "properties": { "CLASSE": "PLANTIO" }, "geometry": { "type": "Point", "coordinates": [ -59.94853147033907, -3.13670962930982 ] } },
{ "type": "Feature", "properties": { "CLASSE": "PLANTIO" }, "geometry": { "type": "Point", "coordinates": [ -59.948855102359623, -3.136685531817783 ] } },
{ "type": "Feature", "properties": { "CLASSE": "PLANTIO" }, "geometry": { "type": "Point", "coordinates": [ -59.94879429381691, -3.136694370174375 ] } },
{ "type": "Feature", "properties": { "CLASSE": "PLANTIO" }, "geometry": { "type": "Point", "coordinates": [ -59.948662569394806, -3.136704792949622 ] } },
{ "type": "Feature", "properties": { "CLASSE": "PLANTIO" }, "geometry": { "type": "Point", "coordinates": [ -59.948727861389095, -3.13672630442391 ] } },
{ "type": "Feature", "properties": { "CLASSE": "PLANTIO" }, "geometry": { "type": "Point", "coordinates": [ -59.948598702739481, -3.136739040925235 ] } },
{ "type": "Feature", "properties": { "CLASSE": "PLANTIO" }, "geometry": { "type": "Point", "coordinates": [ -59.94892402096314, -3.136726387092516 ] } },
{ "type": "Feature", "properties": { "CLASSE": "PLANTIO" }, "geometry": { "type": "Point", "coordinates": [ -59.948531901380427, -3.136759427199486 ] } },
{ "type": "Feature", "properties": { "CLASSE": "PLANTIO" }, "geometry": { "type": "Point", "coordinates": [ -59.948664278750364, -3.13675398634151 ] } },
{ "type": "Feature", "properties": { "CLASSE": "PLANTIO" }, "geometry": { "type": "Point", "coordinates": [ -59.94879612003664, -3.136745064382403 ] } },
{ "type": "Feature", "properties": { "CLASSE": "PLANTIO" }, "geometry": { "type": "Point", "coordinates": [ -59.948600627396267, -3.136784190452012 ] } },
{ "type": "Feature", "properties": { "CLASSE": "PLANTIO" }, "geometry": { "type": "Point", "coordinates": [ -59.948729609701324, -3.136775998087948 ] } },
{ "type": "Feature", "properties": { "CLASSE": "PLANTIO" }, "geometry": { "type": "Point", "coordinates": [ -59.948857858995346, -3.136775413985191 ] } },
{ "type": "Feature", "properties": { "CLASSE": "PLANTIO" }, "geometry": { "type": "Point", "coordinates": [ -59.948926784149272, -3.136775497103571 ] } },
{ "type": "Feature", "properties": { "CLASSE": "PLANTIO" }, "geometry": { "type": "Point", "coordinates": [ -59.948532127393356, -3.136809996342087 ] } },
{ "type": "Feature", "properties": { "CLASSE": "PLANTIO" }, "geometry": { "type": "Point", "coordinates": [ -59.948798727410271, -3.136792173305992 ] } },
{ "type": "Feature", "properties": { "CLASSE": "PLANTIO" }, "geometry": { "type": "Point", "coordinates": [ -59.948666143898102, -3.136805180820197 ] } },
{ "type": "Feature", "properties": { "CLASSE": "PLANTIO" }, "geometry": { "type": "Point", "coordinates": [ -59.948599995459269, -3.13683054897669 ] } },
{ "type": "Feature", "properties": { "CLASSE": "PLANTIO" }, "geometry": { "type": "Point", "coordinates": [ -59.948734324656776, -3.136822940246844 ] } },
{ "type": "Feature", "properties": { "CLASSE": "PLANTIO" }, "geometry": { "type": "Point", "coordinates": [ -59.948390963420501, -3.136484674132838 ] } },
{ "type": "Feature", "properties": { "CLASSE": "PLANTIO" }, "geometry": { "type": "Point", "coordinates": [ -59.948455359544489, -3.136494679398055 ] } },
{ "type": "Feature", "properties": { "CLASSE": "PLANTIO" }, "geometry": { "type": "Point", "coordinates": [ -59.948458044777517, -3.136542788863849 ] } },
{ "type": "Feature", "properties": { "CLASSE": "PLANTIO" }, "geometry": { "type": "Point", "coordinates": [ -59.948460730009408, -3.136590898329565 ] } },
{ "type": "Feature", "properties": { "CLASSE": "PLANTIO" }, "geometry": { "type": "Point", "coordinates": [ -59.948461619235324, -3.136643176731937 ] } },
{ "type": "Feature", "properties": { "CLASSE": "PLANTIO" }, "geometry": { "type": "Point", "coordinates": [ -59.948460011387176, -3.136690619180094 ] } },
{ "type": "Feature", "properties": { "CLASSE": "PLANTIO" }, "geometry": { "type": "Point", "coordinates": [ -59.948457427637699, -3.136739145552959 ] } },
{ "type": "Feature", "properties": { "CLASSE": "PLANTIO" }, "geometry": { "type": "Point", "coordinates": [ -59.948459585965601, -3.136787296709123 ] } },
{ "type": "Feature", "properties": { "CLASSE": "PLANTIO" }, "geometry": { "type": "Point", "coordinates": [ -59.948458816593792, -3.136838699639853 ] } },
{ "type": "Feature", "properties": { "CLASSE": "PLANTIO" }, "geometry": { "type": "Point", "coordinates": [ -59.950251767978209, -3.136723002889482 ] } },
{ "type": "Feature", "properties": { "CLASSE": "PLANTIO" }, "geometry": { "type": "Point", "coordinates": [ -59.95031770812782, -3.136718791784304 ] } },
{ "type": "Feature", "properties": { "CLASSE": "PLANTIO" }, "geometry": { "type": "Point", "coordinates": [ -59.950382612896043, -3.13672170955239 ] } },
{ "type": "Feature", "properties": { "CLASSE": "PLANTIO" }, "geometry": { "type": "Point", "coordinates": [ -59.950185181948932, -3.136739345584544 ] } },
{ "type": "Feature", "properties": { "CLASSE": "PLANTIO" }, "geometry": { "type": "Point", "coordinates": [ -59.950251351546775, -3.136765317568056 ] } },
{ "type": "Feature", "properties": { "CLASSE": "PLANTIO" }, "geometry": { "type": "Point", "coordinates": [ -59.95031649002474, -3.136771236978198 ] } },
{ "type": "Feature", "properties": { "CLASSE": "PLANTIO" }, "geometry": { "type": "Point", "coordinates": [ -59.950185759813813, -3.136787621830216 ] } },
{ "type": "Feature", "properties": { "CLASSE": "PLANTIO" }, "geometry": { "type": "Point", "coordinates": [ -59.950382370696666, -3.136773070817199 ] } },
{ "type": "Feature", "properties": { "CLASSE": "PLANTIO" }, "geometry": { "type": "Point", "coordinates": [ -59.950249977629532, -3.13681576167383 ] } },
{ "type": "Feature", "properties": { "CLASSE": "PLANTIO" }, "geometry": { "type": "Point", "coordinates": [ -59.950314960313399, -3.136819679998005 ] } },
{ "type": "Feature", "properties": { "CLASSE": "PLANTIO" }, "geometry": { "type": "Point", "coordinates": [ -59.95038482247427, -3.136818178661052 ] } },
{ "type": "Feature", "properties": { "CLASSE": "PLANTIO" }, "geometry": { "type": "Point", "coordinates": [ -59.950186786674017, -3.136834855839261 ] } },
{ "type": "Feature", "properties": { "CLASSE": "PLANTIO" }, "geometry": { "type": "Point", "coordinates": [ -59.950251531395331, -3.136862953990253 ] } },
{ "type": "Feature", "properties": { "CLASSE": "PLANTIO" }, "geometry": { "type": "Point", "coordinates": [ -59.950316436186135, -3.136865871771406 ] } },
{ "type": "Feature", "properties": { "CLASSE": "PLANTIO" }, "geometry": { "type": "Point", "coordinates": [ -59.950185256942667, -3.136883298856894 ] } },
{ "type": "Feature", "properties": { "CLASSE": "PLANTIO" }, "geometry": { "type": "Point", "coordinates": [ -59.950386609962457, -3.136868372608909 ] } },
{ "type": "Feature", "properties": { "CLASSE": "PLANTIO" }, "geometry": { "type": "Point", "coordinates": [ -59.950251016517335, -3.136910813350845 ] } },
{ "type": "Feature", "properties": { "CLASSE": "PLANTIO" }, "geometry": { "type": "Point", "coordinates": [ -59.95031822366311, -3.136916065718687 ] } },
{ "type": "Feature", "properties": { "CLASSE": "PLANTIO" }, "geometry": { "type": "Point", "coordinates": [ -59.950389373344159, -3.136917482626636 ] } },
{ "type": "Feature", "properties": { "CLASSE": "PLANTIO" }, "geometry": { "type": "Point", "coordinates": [ -59.950185990604204, -3.136933576189257 ] } },
{ "type": "Feature", "properties": { "CLASSE": "PLANTIO" }, "geometry": { "type": "Point", "coordinates": [ -59.950249603642995, -3.136960757184525 ] } },
{ "type": "Feature", "properties": { "CLASSE": "PLANTIO" }, "geometry": { "type": "Point", "coordinates": [ -59.950319855335827, -3.136964258578956 ] } },
{ "type": "Feature", "properties": { "CLASSE": "PLANTIO" }, "geometry": { "type": "Point", "coordinates": [ -59.950387843636115, -3.136965925647196 ] } },
{ "type": "Feature", "properties": { "CLASSE": "PLANTIO" }, "geometry": { "type": "Point", "coordinates": [ -59.950184987766882, -3.136981977513614 ] } },
{ "type": "Feature", "properties": { "CLASSE": "PLANTIO" }, "geometry": { "type": "Point", "coordinates": [ -59.950249449586416, -3.137009846377673 ] } },
{ "type": "Feature", "properties": { "CLASSE": "PLANTIO" }, "geometry": { "type": "Point", "coordinates": [ -59.950320062114507, -3.13701457760569 ] } },
{ "type": "Feature", "properties": { "CLASSE": "PLANTIO" }, "geometry": { "type": "Point", "coordinates": [ -59.95038947531642, -3.137014118507871 ] } },
{ "type": "Feature", "properties": { "CLASSE": "PLANTIO" }, "geometry": { "type": "Point", "coordinates": [ -59.950187936665607, -3.137030066140227 ] } },
{ "type": "Feature", "properties": { "CLASSE": "PLANTIO" }, "geometry": { "type": "Point", "coordinates": [ -59.950249695304059, -3.137060665675257 ] } },
{ "type": "Feature", "properties": { "CLASSE": "PLANTIO" }, "geometry": { "type": "Point", "coordinates": [ -59.950320035187282, -3.13706189500185 ] } },
{ "type": "Feature", "properties": { "CLASSE": "PLANTIO" }, "geometry": { "type": "Point", "coordinates": [ -59.950387535557958, -3.137064104036689 ] } },
{ "type": "Feature", "properties": { "CLASSE": "PLANTIO" }, "geometry": { "type": "Point", "coordinates": [ -59.950184982032361, -3.137080635323422 ] } },
{ "type": "Feature", "properties": { "CLASSE": "PLANTIO" }, "geometry": { "type": "Point", "coordinates": [ -59.949864653768678, -3.136755648245249 ] } },
{ "type": "Feature", "properties": { "CLASSE": "PLANTIO" }, "geometry": { "type": "Point", "coordinates": [ -59.949796273883415, -3.136762569095112 ] } },
{ "type": "Feature", "properties": { "CLASSE": "PLANTIO" }, "geometry": { "type": "Point", "coordinates": [ -59.950054648641036, -3.136744641029544 ] } },
{ "type": "Feature", "properties": { "CLASSE": "PLANTIO" }, "geometry": { "type": "Point", "coordinates": [ -59.95011826590369, -3.136744640596568 ] } },
{ "type": "Feature", "properties": { "CLASSE": "PLANTIO" }, "geometry": { "type": "Point", "coordinates": [ -59.949993487386841, -3.136762567849324 ] } },
{ "type": "Feature", "properties": { "CLASSE": "PLANTIO" }, "geometry": { "type": "Point", "coordinates": [ -59.949929242640657, -3.13678174535881 ] } },
{ "type": "Feature", "properties": { "CLASSE": "PLANTIO" }, "geometry": { "type": "Point", "coordinates": [ -59.949861660154177, -3.136805717151148 ] } },
{ "type": "Feature", "properties": { "CLASSE": "PLANTIO" }, "geometry": { "type": "Point", "coordinates": [ -59.949798022341646, -3.136812262766981 ] } },
{ "type": "Feature", "properties": { "CLASSE": "PLANTIO" }, "geometry": { "type": "Point", "coordinates": [ -59.950053196796809, -3.13679408458885 ] } },
{ "type": "Feature", "properties": { "CLASSE": "PLANTIO" }, "geometry": { "type": "Point", "coordinates": [ -59.950120131258252, -3.136795835086069 ] } },
{ "type": "Feature", "properties": { "CLASSE": "PLANTIO" }, "geometry": { "type": "Point", "coordinates": [ -59.949993245130763, -3.136813929109032 ] } },
{ "type": "Feature", "properties": { "CLASSE": "PLANTIO" }, "geometry": { "type": "Point", "coordinates": [ -59.949925683185462, -3.136831355686873 ] } },
{ "type": "Feature", "properties": { "CLASSE": "PLANTIO" }, "geometry": { "type": "Point", "coordinates": [ -59.949864306615815, -3.136853326351307 ] } },
{ "type": "Feature", "properties": { "CLASSE": "PLANTIO" }, "geometry": { "type": "Point", "coordinates": [ -59.950055726433128, -3.136840192974674 ] } },
{ "type": "Feature", "properties": { "CLASSE": "PLANTIO" }, "geometry": { "type": "Point", "coordinates": [ -59.949797546355974, -3.136860622393655 ] } },
{ "type": "Feature", "properties": { "CLASSE": "PLANTIO" }, "geometry": { "type": "Point", "coordinates": [ -59.950120942815012, -3.136847112961433 ] } },
{ "type": "Feature", "properties": { "CLASSE": "PLANTIO" }, "geometry": { "type": "Point", "coordinates": [ -59.949992769170969, -3.136862288738193 ] } },
{ "type": "Feature", "properties": { "CLASSE": "PLANTIO" }, "geometry": { "type": "Point", "coordinates": [ -59.949926183111991, -3.136878631386288 ] } },
{ "type": "Feature", "properties": { "CLASSE": "PLANTIO" }, "geometry": { "type": "Point", "coordinates": [ -59.950055250480609, -3.136888552604553 ] } },
{ "type": "Feature", "properties": { "CLASSE": "PLANTIO" }, "geometry": { "type": "Point", "coordinates": [ -59.949862522593143, -3.136905312958653 ] } },
{ "type": "Feature", "properties": { "CLASSE": "PLANTIO" }, "geometry": { "type": "Point", "coordinates": [ -59.949796133421806, -3.136910566220465 ] } },
{ "type": "Feature", "properties": { "CLASSE": "PLANTIO" }, "geometry": { "type": "Point", "coordinates": [ -59.950120388969971, -3.136894472048645 ] } },
{ "type": "Feature", "properties": { "CLASSE": "PLANTIO" }, "geometry": { "type": "Point", "coordinates": [ -59.949990185616294, -3.136910815138286 ] } },
{ "type": "Feature", "properties": { "CLASSE": "PLANTIO" }, "geometry": { "type": "Point", "coordinates": [ -59.949929024330665, -3.136928741945283 ] } },
{ "type": "Feature", "properties": { "CLASSE": "PLANTIO" }, "geometry": { "type": "Point", "coordinates": [ -59.949798779871465, -3.136958175420141 ] } },
{ "type": "Feature", "properties": { "CLASSE": "PLANTIO" }, "geometry": { "type": "Point", "coordinates": [ -59.950057037920423, -3.136938746549887 ] } },
{ "type": "Feature", "properties": { "CLASSE": "PLANTIO" }, "geometry": { "type": "Point", "coordinates": [ -59.949864154205365, -3.136953505815583 ] } },
{ "type": "Feature", "properties": { "CLASSE": "PLANTIO" }, "geometry": { "type": "Point", "coordinates": [ -59.95012104472125, -3.136943748836849 ] } },
{ "type": "Feature", "properties": { "CLASSE": "PLANTIO" }, "geometry": { "type": "Point", "coordinates": [ -59.949990763448774, -3.136959091381698 ] } },
{ "type": "Feature", "properties": { "CLASSE": "PLANTIO" }, "geometry": { "type": "Point", "coordinates": [ -59.949928470457415, -3.13697610102993 ] } },
{ "type": "Feature", "properties": { "CLASSE": "PLANTIO" }, "geometry": { "type": "Point", "coordinates": [ -59.949866878562808, -3.13700211555895 ] } },
{ "type": "Feature", "properties": { "CLASSE": "PLANTIO" }, "geometry": { "type": "Point", "coordinates": [ -59.949798381779921, -3.137007535589966 ] } },
{ "type": "Feature", "properties": { "CLASSE": "PLANTIO" }, "geometry": { "type": "Point", "coordinates": [ -59.950055586068011, -3.13698819010876 ] } },
{ "type": "Feature", "properties": { "CLASSE": "PLANTIO" }, "geometry": { "type": "Point", "coordinates": [ -59.950122598465875, -3.136990941152121 ] } },
{ "type": "Feature", "properties": { "CLASSE": "PLANTIO" }, "geometry": { "type": "Point", "coordinates": [ -59.949993448872981, -3.13700720085393 ] } },
{ "type": "Feature", "properties": { "CLASSE": "PLANTIO" }, "geometry": { "type": "Point", "coordinates": [ -59.949929281979955, -3.137027378902964 ] } },
{ "type": "Feature", "properties": { "CLASSE": "PLANTIO" }, "geometry": { "type": "Point", "coordinates": [ -59.950055559107334, -3.137035507502006 ] } },
{ "type": "Feature", "properties": { "CLASSE": "PLANTIO" }, "geometry": { "type": "Point", "coordinates": [ -59.949797847361531, -3.137055144808642 ] } },
{ "type": "Feature", "properties": { "CLASSE": "PLANTIO" }, "geometry": { "type": "Point", "coordinates": [ -59.949866938678007, -3.137053956241992 ] } },
{ "type": "Feature", "properties": { "CLASSE": "PLANTIO" }, "geometry": { "type": "Point", "coordinates": [ -59.95012641560438, -3.137039967782556 ] } },
{ "type": "Feature", "properties": { "CLASSE": "PLANTIO" }, "geometry": { "type": "Point", "coordinates": [ -59.949992601807814, -3.137057603262377 ] } },
{ "type": "Feature", "properties": { "CLASSE": "PLANTIO" }, "geometry": { "type": "Point", "coordinates": [ -59.949931284694919, -3.137073528980572 ] } },
{ "type": "Feature", "properties": { "CLASSE": "PLANTIO" }, "geometry": { "type": "Point", "coordinates": [ -59.949799303685317, -3.137101086442058 ] } },
{ "type": "Feature", "properties": { "CLASSE": "PLANTIO" }, "geometry": { "type": "Point", "coordinates": [ -59.949868219735585, -3.137097646653096 ] } },
{ "type": "Feature", "properties": { "CLASSE": "PLANTIO" }, "geometry": { "type": "Point", "coordinates": [ -59.950057717639332, -3.137083658667294 ] } },
{ "type": "Feature", "properties": { "CLASSE": "PLANTIO" }, "geometry": { "type": "Point", "coordinates": [ -59.950124652153953, -3.137085409168321 ] } },
{ "type": "Feature", "properties": { "CLASSE": "PLANTIO" }, "geometry": { "type": "Point", "coordinates": [ -59.949995131428402, -3.137103711647562 ] } },
{ "type": "Feature", "properties": { "CLASSE": "PLANTIO" }, "geometry": { "type": "Point", "coordinates": [ -59.949929793869494, -3.137122472265389 ] } },
{ "type": "Feature", "properties": { "CLASSE": "PLANTIO" }, "geometry": { "type": "Point", "coordinates": [ -59.949593049223672, -3.136767072723366 ] } },
{ "type": "Feature", "properties": { "CLASSE": "PLANTIO" }, "geometry": { "type": "Point", "coordinates": [ -59.949456756852719, -3.136786917576444 ] } },
{ "type": "Feature", "properties": { "CLASSE": "PLANTIO" }, "geometry": { "type": "Point", "coordinates": [ -59.949662324951994, -3.136771658158949 ] } },
{ "type": "Feature", "properties": { "CLASSE": "PLANTIO" }, "geometry": { "type": "Point", "coordinates": [ -59.949728750896064, -3.13678049591104 ] } },
{ "type": "Feature", "properties": { "CLASSE": "PLANTIO" }, "geometry": { "type": "Point", "coordinates": [ -59.949393368979635, -3.136817100973808 ] } },
{ "type": "Feature", "properties": { "CLASSE": "PLANTIO" }, "geometry": { "type": "Point", "coordinates": [ -59.949527668461947, -3.136812514448749 ] } },
{ "type": "Feature", "properties": { "CLASSE": "PLANTIO" }, "geometry": { "type": "Point", "coordinates": [ -59.949592651111978, -3.136816432890988 ] } },
{ "type": "Feature", "properties": { "CLASSE": "PLANTIO" }, "geometry": { "type": "Point", "coordinates": [ -59.949458837413708, -3.13683406819505 ] } },
{ "type": "Feature", "properties": { "CLASSE": "PLANTIO" }, "geometry": { "type": "Point", "coordinates": [ -59.949662902745963, -3.136819934399327 ] } },
{ "type": "Feature", "properties": { "CLASSE": "PLANTIO" }, "geometry": { "type": "Point", "coordinates": [ -59.949729250798747, -3.136827771608566 ] } },
{ "type": "Feature", "properties": { "CLASSE": "PLANTIO" }, "geometry": { "type": "Point", "coordinates": [ -59.94939312663643, -3.136868462225678 ] } },
{ "type": "Feature", "properties": { "CLASSE": "PLANTIO" }, "geometry": { "type": "Point", "coordinates": [ -59.949527504037114, -3.136864876245838 ] } },
{ "type": "Feature", "properties": { "CLASSE": "PLANTIO" }, "geometry": { "type": "Point", "coordinates": [ -59.949595180688512, -3.136862541274709 ] } },
{ "type": "Feature", "properties": { "CLASSE": "PLANTIO" }, "geometry": { "type": "Point", "coordinates": [ -59.949458478230589, -3.136883928632585 ] } },
{ "type": "Feature", "properties": { "CLASSE": "PLANTIO" }, "geometry": { "type": "Point", "coordinates": [ -59.949665743929749, -3.13687004495717 ] } },
{ "type": "Feature", "properties": { "CLASSE": "PLANTIO" }, "geometry": { "type": "Point", "coordinates": [ -59.949732091991571, -3.136877882166786 ] } },
{ "type": "Feature", "properties": { "CLASSE": "PLANTIO" }, "geometry": { "type": "Point", "coordinates": [ -59.94939306064456, -3.136915279339966 ] } },
{ "type": "Feature", "properties": { "CLASSE": "PLANTIO" }, "geometry": { "type": "Point", "coordinates": [ -59.949528979807532, -3.136911068013461 ] } },
{ "type": "Feature", "properties": { "CLASSE": "PLANTIO" }, "geometry": { "type": "Point", "coordinates": [ -59.94959486047258, -3.13691290198561 ] } },
{ "type": "Feature", "properties": { "CLASSE": "PLANTIO" }, "geometry": { "type": "Point", "coordinates": [ -59.94946067563712, -3.136932580066244 ] } },
{ "type": "Feature", "properties": { "CLASSE": "PLANTIO" }, "geometry": { "type": "Point", "coordinates": [ -59.949667453416431, -3.136919238356164 ] } },
{ "type": "Feature", "properties": { "CLASSE": "PLANTIO" }, "geometry": { "type": "Point", "coordinates": [ -59.949733879386763, -3.136928076109683 ] } },
{ "type": "Feature", "properties": { "CLASSE": "PLANTIO" }, "geometry": { "type": "Point", "coordinates": [ -59.949394204244889, -3.136964014157122 ] } },
{ "type": "Feature", "properties": { "CLASSE": "PLANTIO" }, "geometry": { "type": "Point", "coordinates": [ -59.949527372086571, -3.136958510477335 ] } },
{ "type": "Feature", "properties": { "CLASSE": "PLANTIO" }, "geometry": { "type": "Point", "coordinates": [ -59.949597312147141, -3.136958009825719 ] } },
{ "type": "Feature", "properties": { "CLASSE": "PLANTIO" }, "geometry": { "type": "Point", "coordinates": [ -59.949461175499259, -3.136979855760842 ] } },
{ "type": "Feature", "properties": { "CLASSE": "PLANTIO" }, "geometry": { "type": "Point", "coordinates": [ -59.949667875406483, -3.136965513509381 ] } },
{ "type": "Feature", "properties": { "CLASSE": "PLANTIO" }, "geometry": { "type": "Point", "coordinates": [ -59.949734457184412, -3.136976352350473 ] } },
{ "type": "Feature", "properties": { "CLASSE": "PLANTIO" }, "geometry": { "type": "Point", "coordinates": [ -59.949391210556207, -3.137014083053288 ] } },
{ "type": "Feature", "properties": { "CLASSE": "PLANTIO" }, "geometry": { "type": "Point", "coordinates": [ -59.949531033346126, -3.137005536019686 ] } },
{ "type": "Feature", "properties": { "CLASSE": "PLANTIO" }, "geometry": { "type": "Point", "coordinates": [ -59.949596914028241, -3.137007369992993 ] } },
{ "type": "Feature", "properties": { "CLASSE": "PLANTIO" }, "geometry": { "type": "Point", "coordinates": [ -59.949459645665463, -3.137028298766964 ] } },
{ "type": "Feature", "properties": { "CLASSE": "PLANTIO" }, "geometry": { "type": "Point", "coordinates": [ -59.949663184210827, -3.137014206672617 ] } },
{ "type": "Feature", "properties": { "CLASSE": "PLANTIO" }, "geometry": { "type": "Point", "coordinates": [ -59.949731795690646, -3.137023878202122 ] } },
{ "type": "Feature", "properties": { "CLASSE": "PLANTIO" }, "geometry": { "type": "Point", "coordinates": [ -59.949391768830303, -3.13706210915457 ] } },
{ "type": "Feature", "properties": { "CLASSE": "PLANTIO" }, "geometry": { "type": "Point", "coordinates": [ -59.949530479418094, -3.137052895099103 ] } },
{ "type": "Feature", "properties": { "CLASSE": "PLANTIO" }, "geometry": { "type": "Point", "coordinates": [ -59.949596710655435, -3.137059231518769 ] } },
{ "type": "Feature", "properties": { "CLASSE": "PLANTIO" }, "geometry": { "type": "Point", "coordinates": [ -59.9496636840964, -3.137061482369084 ] } },
{ "type": "Feature", "properties": { "CLASSE": "PLANTIO" }, "geometry": { "type": "Point", "coordinates": [ -59.949459852322242, -3.137078617783743 ] } },
{ "type": "Feature", "properties": { "CLASSE": "PLANTIO" }, "geometry": { "type": "Point", "coordinates": [ -59.949732373484458, -3.137072154442713 ] } },
{ "type": "Feature", "properties": { "CLASSE": "PLANTIO" }, "geometry": { "type": "Point", "coordinates": [ -59.949392668450564, -3.137111114953314 ] } },
{ "type": "Feature", "properties": { "CLASSE": "PLANTIO" }, "geometry": { "type": "Point", "coordinates": [ -59.949530314983413, -3.137105256895701 ] } },
{ "type": "Feature", "properties": { "CLASSE": "PLANTIO" }, "geometry": { "type": "Point", "coordinates": [ -59.949597171581097, -3.137106006942751 ] } },
{ "type": "Feature", "properties": { "CLASSE": "PLANTIO" }, "geometry": { "type": "Point", "coordinates": [ -59.949458693584724, -3.137125018010686 ] } },
{ "type": "Feature", "properties": { "CLASSE": "PLANTIO" }, "geometry": { "type": "Point", "coordinates": [ -59.949666369473583, -3.137109591839682 ] } },
{ "type": "Feature", "properties": { "CLASSE": "PLANTIO" }, "geometry": { "type": "Point", "coordinates": [ -59.949732873376938, -3.137119430139762 ] } },
{ "type": "Feature", "properties": { "CLASSE": "PLANTIO" }, "geometry": { "type": "Point", "coordinates": [ -59.949387216616692, -3.137156848171237 ] } },
{ "type": "Feature", "properties": { "CLASSE": "PLANTIO" }, "geometry": { "type": "Point", "coordinates": [ -59.949527126558827, -3.137152824435496 ] } },
{ "type": "Feature", "properties": { "CLASSE": "PLANTIO" }, "geometry": { "type": "Point", "coordinates": [ -59.949326164062562, -3.136798257730959 ] } },
{ "type": "Feature", "properties": { "CLASSE": "PLANTIO" }, "geometry": { "type": "Point", "coordinates": [ -59.949057601914255, -3.136821521589809 ] } },
{ "type": "Feature", "properties": { "CLASSE": "PLANTIO" }, "geometry": { "type": "Point", "coordinates": [ -59.948988285081491, -3.136830026495552 ] } },
{ "type": "Feature", "properties": { "CLASSE": "PLANTIO" }, "geometry": { "type": "Point", "coordinates": [ -59.94918651338201, -3.136829442001186 ] } },
{ "type": "Feature", "properties": { "CLASSE": "PLANTIO" }, "geometry": { "type": "Point", "coordinates": [ -59.949121801219924, -3.136842616114038 ] } },
{ "type": "Feature", "properties": { "CLASSE": "PLANTIO" }, "geometry": { "type": "Point", "coordinates": [ -59.949258950489458, -3.13683377735785 ] } },
{ "type": "Feature", "properties": { "CLASSE": "PLANTIO" }, "geometry": { "type": "Point", "coordinates": [ -59.949328615706811, -3.136843365569995 ] } },
{ "type": "Feature", "properties": { "CLASSE": "PLANTIO" }, "geometry": { "type": "Point", "coordinates": [ -59.949056227829509, -3.136871965676981 ] } },
{ "type": "Feature", "properties": { "CLASSE": "PLANTIO" }, "geometry": { "type": "Point", "coordinates": [ -59.948988940681112, -3.136879303272501 ] } },
{ "type": "Feature", "properties": { "CLASSE": "PLANTIO" }, "geometry": { "type": "Point", "coordinates": [ -59.949185061416507, -3.136878885546892 ] } },
{ "type": "Feature", "properties": { "CLASSE": "PLANTIO" }, "geometry": { "type": "Point", "coordinates": [ -59.949121325143103, -3.136890975732086 ] } },
{ "type": "Feature", "properties": { "CLASSE": "PLANTIO" }, "geometry": { "type": "Point", "coordinates": [ -59.949260504124986, -3.136880969667054 ] } },
{ "type": "Feature", "properties": { "CLASSE": "PLANTIO" }, "geometry": { "type": "Point", "coordinates": [ -59.949327553253049, -3.136897811835098 ] } },
{ "type": "Feature", "properties": { "CLASSE": "PLANTIO" }, "geometry": { "type": "Point", "coordinates": [ -59.949055985436367, -3.136923326924411 ] } },
{ "type": "Feature", "properties": { "CLASSE": "PLANTIO" }, "geometry": { "type": "Point", "coordinates": [ -59.94898990786961, -3.136932582223075 ] } },
{ "type": "Feature", "properties": { "CLASSE": "PLANTIO" }, "geometry": { "type": "Point", "coordinates": [ -59.949183453652232, -3.136926328005579 ] } },
{ "type": "Feature", "properties": { "CLASSE": "PLANTIO" }, "geometry": { "type": "Point", "coordinates": [ -59.949260183861888, -3.136931330373649 ] } },
{ "type": "Feature", "properties": { "CLASSE": "PLANTIO" }, "geometry": { "type": "Point", "coordinates": [ -59.949120106860143, -3.136943420906938 ] } },
{ "type": "Feature", "properties": { "CLASSE": "PLANTIO" }, "geometry": { "type": "Point", "coordinates": [ -59.949327741504696, -3.136941085354643 ] } },
{ "type": "Feature", "properties": { "CLASSE": "PLANTIO" }, "geometry": { "type": "Point", "coordinates": [ -59.949053772857503, -3.136969810529074 ] } },
{ "type": "Feature", "properties": { "CLASSE": "PLANTIO" }, "geometry": { "type": "Point", "coordinates": [ -59.948989841823327, -3.136979399332652 ] } },
{ "type": "Feature", "properties": { "CLASSE": "PLANTIO" }, "geometry": { "type": "Point", "coordinates": [ -59.949185240969307, -3.136976521944362 ] } },
{ "type": "Feature", "properties": { "CLASSE": "PLANTIO" }, "geometry": { "type": "Point", "coordinates": [ -59.949261659595912, -3.136977522139205 ] } },
{ "type": "Feature", "properties": { "CLASSE": "PLANTIO" }, "geometry": { "type": "Point", "coordinates": [ -59.949122792168176, -3.136991530375155 ] } },
{ "type": "Feature", "properties": { "CLASSE": "PLANTIO" }, "geometry": { "type": "Point", "coordinates": [ -59.949327499146996, -3.136992446605412 ] } },
{ "type": "Feature", "properties": { "CLASSE": "PLANTIO" }, "geometry": { "type": "Point", "coordinates": [ -59.949054506358529, -3.13702008784982 ] } },
{ "type": "Feature", "properties": { "CLASSE": "PLANTIO" }, "geometry": { "type": "Point", "coordinates": [ -59.948991356469968, -3.137026091367929 ] } },
{ "type": "Feature", "properties": { "CLASSE": "PLANTIO" }, "geometry": { "type": "Point", "coordinates": [ -59.949188004183178, -3.137025631956298 ] } },
{ "type": "Feature", "properties": { "CLASSE": "PLANTIO" }, "geometry": { "type": "Point", "coordinates": [ -59.949120130594487, -3.13703905621577 ] } },
{ "type": "Feature", "properties": { "CLASSE": "PLANTIO" }, "geometry": { "type": "Point", "coordinates": [ -59.949262626820634, -3.137030801092394 ] } },
{ "type": "Feature", "properties": { "CLASSE": "PLANTIO" }, "geometry": { "type": "Point", "coordinates": [ -59.949330028684194, -3.137038554987662 ] } },
{ "type": "Feature", "properties": { "CLASSE": "PLANTIO" }, "geometry": { "type": "Point", "coordinates": [ -59.949055221471674, -3.137063319674958 ] } },
{ "type": "Feature", "properties": { "CLASSE": "PLANTIO" }, "geometry": { "type": "Point", "coordinates": [ -59.949057812660648, -3.137089792384451 ] } },
{ "type": "Feature", "properties": { "CLASSE": "PLANTIO" }, "geometry": { "type": "Point", "coordinates": [ -59.948990958265973, -3.137075451527323 ] } },
{ "type": "Feature", "properties": { "CLASSE": "PLANTIO" }, "geometry": { "type": "Point", "coordinates": [ -59.949186474311169, -3.137074074958115 ] } },
{ "type": "Feature", "properties": { "CLASSE": "PLANTIO" }, "geometry": { "type": "Point", "coordinates": [ -59.949119849254409, -3.137089917191936 ] } },
{ "type": "Feature", "properties": { "CLASSE": "PLANTIO" }, "geometry": { "type": "Point", "coordinates": [ -59.949261096958303, -3.137079244095325 ] } },
{ "type": "Feature", "properties": { "CLASSE": "PLANTIO" }, "geometry": { "type": "Point", "coordinates": [ -59.949326780729542, -3.137092167476261 ] } },
{ "type": "Feature", "properties": { "CLASSE": "PLANTIO" }, "geometry": { "type": "Point", "coordinates": [ -59.949056247085814, -3.137117349033417 ] } },
{ "type": "Feature", "properties": { "CLASSE": "PLANTIO" }, "geometry": { "type": "Point", "coordinates": [ -59.948989769712405, -3.137124874223716 ] } },
{ "type": "Feature", "properties": { "CLASSE": "PLANTIO" }, "geometry": { "type": "Point", "coordinates": [ -59.949187207826633, -3.13712435227999 ] } },
{ "type": "Feature", "properties": { "CLASSE": "PLANTIO" }, "geometry": { "type": "Point", "coordinates": [ -59.949258923347806, -3.137126227974704 ] } },
{ "type": "Feature", "properties": { "CLASSE": "PLANTIO" }, "geometry": { "type": "Point", "coordinates": [ -59.949121441812046, -3.137137609771422 ] } },
{ "type": "Feature", "properties": { "CLASSE": "PLANTIO" }, "geometry": { "type": "Point", "coordinates": [ -59.949326148872991, -3.137138526009458 ] } },
{ "type": "Feature", "properties": { "CLASSE": "PLANTIO" }, "geometry": { "type": "Point", "coordinates": [ -59.949055556770539, -3.137162957155589 ] } },
{ "type": "Feature", "properties": { "CLASSE": "PLANTIO" }, "geometry": { "type": "Point", "coordinates": [ -59.948989118337273, -3.137170982616709 ] } },
{ "type": "Feature", "properties": { "CLASSE": "PLANTIO" }, "geometry": { "type": "Point", "coordinates": [ -59.949185600052168, -3.137171794738109 ] } },
{ "type": "Feature", "properties": { "CLASSE": "PLANTIO" }, "geometry": { "type": "Point", "coordinates": [ -59.949116711586562, -3.137185802649554 ] } },
{ "type": "Feature", "properties": { "CLASSE": "PLANTIO" }, "geometry": { "type": "Point", "coordinates": [ -59.949257959328428, -3.137175129557335 ] } },
{ "type": "Feature", "properties": { "CLASSE": "PLANTIO" }, "geometry": { "type": "Point", "coordinates": [ -59.948859464614991, -3.136741562250059 ] } },
{ "type": "Feature", "properties": { "CLASSE": "PLANTIO" }, "geometry": { "type": "Point", "coordinates": [ -59.948927283947505, -3.136822772793117 ] } },
{ "type": "Feature", "properties": { "CLASSE": "PLANTIO" }, "geometry": { "type": "Point", "coordinates": [ -59.948800242038352, -3.136838865340152 ] } },
{ "type": "Feature", "properties": { "CLASSE": "PLANTIO" }, "geometry": { "type": "Point", "coordinates": [ -59.948531524109249, -3.136860127749088 ] } },
{ "type": "Feature", "properties": { "CLASSE": "PLANTIO" }, "geometry": { "type": "Point", "coordinates": [ -59.948667541663404, -3.136850372038225 ] } },
{ "type": "Feature", "properties": { "CLASSE": "PLANTIO" }, "geometry": { "type": "Point", "coordinates": [ -59.948730765038569, -3.136872550549896 ] } },
{ "type": "Feature", "properties": { "CLASSE": "PLANTIO" }, "geometry": { "type": "Point", "coordinates": [ -59.948598025705472, -3.136883556951666 ] } },
{ "type": "Feature", "properties": { "CLASSE": "PLANTIO" }, "geometry": { "type": "Point", "coordinates": [ -59.948929969233482, -3.136870882260645 ] } },
{ "type": "Feature", "properties": { "CLASSE": "PLANTIO" }, "geometry": { "type": "Point", "coordinates": [ -59.948800819714926, -3.136887141571741 ] } },
{ "type": "Feature", "properties": { "CLASSE": "PLANTIO" }, "geometry": { "type": "Point", "coordinates": [ -59.948668430908945, -3.136902650442167 ] } },
{ "type": "Feature", "properties": { "CLASSE": "PLANTIO" }, "geometry": { "type": "Point", "coordinates": [ -59.948601647896574, -3.136930082220616 ] } },
{ "type": "Feature", "properties": { "CLASSE": "PLANTIO" }, "geometry": { "type": "Point", "coordinates": [ -59.948733528193564, -3.136921660559864 ] } },
{ "type": "Feature", "properties": { "CLASSE": "PLANTIO" }, "geometry": { "type": "Point", "coordinates": [ -59.948858966689052, -3.136925829053204 ] } },
{ "type": "Feature", "properties": { "CLASSE": "PLANTIO" }, "geometry": { "type": "Point", "coordinates": [ -59.948929726822534, -3.136922243506483 ] } },
{ "type": "Feature", "properties": { "CLASSE": "PLANTIO" }, "geometry": { "type": "Point", "coordinates": [ -59.948800343593653, -3.136935501185604 ] } },
{ "type": "Feature", "properties": { "CLASSE": "PLANTIO" }, "geometry": { "type": "Point", "coordinates": [ -59.948667876872683, -3.136950009510869 ] } },
{ "type": "Feature", "properties": { "CLASSE": "PLANTIO" }, "geometry": { "type": "Point", "coordinates": [ -59.948733129958875, -3.136971020716167 ] } },
{ "type": "Feature", "properties": { "CLASSE": "PLANTIO" }, "geometry": { "type": "Point", "coordinates": [ -59.948602986131014, -3.136981318389395 ] } },
{ "type": "Feature", "properties": { "CLASSE": "PLANTIO" }, "geometry": { "type": "Point", "coordinates": [ -59.948860676063681, -3.136975022446165 ] } },
{ "type": "Feature", "properties": { "CLASSE": "PLANTIO" }, "geometry": { "type": "Point", "coordinates": [ -59.948928196920697, -3.136970686504561 ] } },
{ "type": "Feature", "properties": { "CLASSE": "PLANTIO" }, "geometry": { "type": "Point", "coordinates": [ -59.948800101161645, -3.136986862429616 ] } },
{ "type": "Feature", "properties": { "CLASSE": "PLANTIO" }, "geometry": { "type": "Point", "coordinates": [ -59.948668532424186, -3.136999286284357 ] } },
{ "type": "Feature", "properties": { "CLASSE": "PLANTIO" }, "geometry": { "type": "Point", "coordinates": [ -59.948607018373416, -3.137026301152282 ] } },
{ "type": "Feature", "properties": { "CLASSE": "PLANTIO" }, "geometry": { "type": "Point", "coordinates": [ -59.948736869010567, -3.137019046800447 ] } },
{ "type": "Feature", "properties": { "CLASSE": "PLANTIO" }, "geometry": { "type": "Point", "coordinates": [ -59.948929008301711, -3.137021964367491 ] } },
{ "type": "Feature", "properties": { "CLASSE": "PLANTIO" }, "geometry": { "type": "Point", "coordinates": [ -59.948861643229428, -3.137028301395226 ] } },
{ "type": "Feature", "properties": { "CLASSE": "PLANTIO" }, "geometry": { "type": "Point", "coordinates": [ -59.948799702933321, -3.137036222586666 ] } },
{ "type": "Feature", "properties": { "CLASSE": "PLANTIO" }, "geometry": { "type": "Point", "coordinates": [ -59.948667236174465, -3.137050730908484 ] } },
{ "type": "Feature", "properties": { "CLASSE": "PLANTIO" }, "geometry": { "type": "Point", "coordinates": [ -59.948606093219034, -3.137075702997663 ] } },
{ "type": "Feature", "properties": { "CLASSE": "PLANTIO" }, "geometry": { "type": "Point", "coordinates": [ -59.948737680362534, -3.13707032466133 ] } },
{ "type": "Feature", "properties": { "CLASSE": "PLANTIO" }, "geometry": { "type": "Point", "coordinates": [ -59.948929508091176, -3.13706924005659 ] } },
{ "type": "Feature", "properties": { "CLASSE": "PLANTIO" }, "geometry": { "type": "Point", "coordinates": [ -59.948861167110529, -3.137076661009552 ] } },
{ "type": "Feature", "properties": { "CLASSE": "PLANTIO" }, "geometry": { "type": "Point", "coordinates": [ -59.948800280602434, -3.137084498817892 ] } },
{ "type": "Feature", "properties": { "CLASSE": "PLANTIO" }, "geometry": { "type": "Point", "coordinates": [ -59.948670663628327, -3.137094754818868 ] } },
{ "type": "Feature", "properties": { "CLASSE": "PLANTIO" }, "geometry": { "type": "Point", "coordinates": [ -59.948734785044898, -3.137114848864528 ] } },
{ "type": "Feature", "properties": { "CLASSE": "PLANTIO" }, "geometry": { "type": "Point", "coordinates": [ -59.948603352580996, -3.137129023644263 ] } },
{ "type": "Feature", "properties": { "CLASSE": "PLANTIO" }, "geometry": { "type": "Point", "coordinates": [ -59.948929891032925, -3.137115014930473 ] } },
{ "type": "Feature", "properties": { "CLASSE": "PLANTIO" }, "geometry": { "type": "Point", "coordinates": [ -59.948861999044517, -3.137121393648087 ] } },
{ "type": "Feature", "properties": { "CLASSE": "PLANTIO" }, "geometry": { "type": "Point", "coordinates": [ -59.948669816376345, -3.137145157208394 ] } },
{ "type": "Feature", "properties": { "CLASSE": "PLANTIO" }, "geometry": { "type": "Point", "coordinates": [ -59.948799667059824, -3.137137902839505 ] } },
{ "type": "Feature", "properties": { "CLASSE": "PLANTIO" }, "geometry": { "type": "Point", "coordinates": [ -59.948732806107337, -3.137164334093619 ] } },
{ "type": "Feature", "properties": { "CLASSE": "PLANTIO" }, "geometry": { "type": "Point", "coordinates": [ -59.948605189044095, -3.137176445238531 ] } },
{ "type": "Feature", "properties": { "CLASSE": "PLANTIO" }, "geometry": { "type": "Point", "coordinates": [ -59.948930429767763, -3.137162790891104 ] } },
{ "type": "Feature", "properties": { "CLASSE": "PLANTIO" }, "geometry": { "type": "Point", "coordinates": [ -59.948857131373423, -3.137174630928577 ] } },
{ "type": "Feature", "properties": { "CLASSE": "PLANTIO" }, "geometry": { "type": "Point", "coordinates": [ -59.948796050105919, -3.137179967376255 ] } },
{ "type": "Feature", "properties": { "CLASSE": "PLANTIO" }, "geometry": { "type": "Point", "coordinates": [ -59.948665632464234, -3.13719355852087 ] } },
{ "type": "Feature", "properties": { "CLASSE": "PLANTIO" }, "geometry": { "type": "Point", "coordinates": [ -59.948728563779945, -3.13721198499983 ] } },
{ "type": "Feature", "properties": { "CLASSE": "PLANTIO" }, "geometry": { "type": "Point", "coordinates": [ -59.948602430024458, -3.137222720390071 ] } },
{ "type": "Feature", "properties": { "CLASSE": "PLANTIO" }, "geometry": { "type": "Point", "coordinates": [ -59.948461423920286, -3.136885808561729 ] } },
{ "type": "Feature", "properties": { "CLASSE": "PLANTIO" }, "geometry": { "type": "Point", "coordinates": [ -59.948460471585584, -3.136982527780702 ] } },
{ "type": "Feature", "properties": { "CLASSE": "PLANTIO" }, "geometry": { "type": "Point", "coordinates": [ -59.948537628001453, -3.137006623995838 ] } },
{ "type": "Feature", "properties": { "CLASSE": "PLANTIO" }, "geometry": { "type": "Point", "coordinates": [ -59.948464366392535, -3.137032554951233 ] } },
{ "type": "Feature", "properties": { "CLASSE": "PLANTIO" }, "geometry": { "type": "Point", "coordinates": [ -59.948541953444185, -3.13704856343756 ] } },
{ "type": "Feature", "properties": { "CLASSE": "PLANTIO" }, "geometry": { "type": "Point", "coordinates": [ -59.948462992216456, -3.137082999028713 ] } },
{ "type": "Feature", "properties": { "CLASSE": "PLANTIO" }, "geometry": { "type": "Point", "coordinates": [ -59.948538939062892, -3.137105177539858 ] } },
{ "type": "Feature", "properties": { "CLASSE": "PLANTIO" }, "geometry": { "type": "Point", "coordinates": [ -59.948465267377905, -3.137132650999483 ] } },
{ "type": "Feature", "properties": { "CLASSE": "PLANTIO" }, "geometry": { "type": "Point", "coordinates": [ -59.948539244057748, -3.137149951866391 ] } },
{ "type": "Feature", "properties": { "CLASSE": "PLANTIO" }, "geometry": { "type": "Point", "coordinates": [ -59.948538612098623, -3.137196310389513 ] } },
{ "type": "Feature", "properties": { "CLASSE": "PLANTIO" }, "geometry": { "type": "Point", "coordinates": [ -59.948460743579325, -3.137231162867323 ] } },
{ "type": "Feature", "properties": { "CLASSE": "PLANTIO" }, "geometry": { "type": "Point", "coordinates": [ -59.950252313129432, -3.137104501992219 ] } },
{ "type": "Feature", "properties": { "CLASSE": "PLANTIO" }, "geometry": { "type": "Point", "coordinates": [ -59.950321666855238, -3.137110087861913 ] } },
{ "type": "Feature", "properties": { "CLASSE": "PLANTIO" }, "geometry": { "type": "Point", "coordinates": [ -59.950387469686909, -3.137110921161856 ] } },
{ "type": "Feature", "properties": { "CLASSE": "PLANTIO" }, "geometry": { "type": "Point", "coordinates": [ -59.950186272331443, -3.137127848485427 ] } },
{ "type": "Feature", "properties": { "CLASSE": "PLANTIO" }, "geometry": { "type": "Point", "coordinates": [ -59.950252890989653, -3.137152778237862 ] } },
{ "type": "Feature", "properties": { "CLASSE": "PLANTIO" }, "geometry": { "type": "Point", "coordinates": [ -59.950318185337828, -3.137160698740601 ] } },
{ "type": "Feature", "properties": { "CLASSE": "PLANTIO" }, "geometry": { "type": "Point", "coordinates": [ -59.950387149570467, -3.137161281882314 ] } },
{ "type": "Feature", "properties": { "CLASSE": "PLANTIO" }, "geometry": { "type": "Point", "coordinates": [ -59.950185991136827, -3.137178709475023 ] } },
{ "type": "Feature", "properties": { "CLASSE": "PLANTIO" }, "geometry": { "type": "Point", "coordinates": [ -59.950250385357002, -3.13720230518539 ] } },
{ "type": "Feature", "properties": { "CLASSE": "PLANTIO" }, "geometry": { "type": "Point", "coordinates": [ -59.950317553604869, -3.137207057286176 ] } },
{ "type": "Feature", "properties": { "CLASSE": "PLANTIO" }, "geometry": { "type": "Point", "coordinates": [ -59.950384566054133, -3.137209808288745 ] } },
{ "type": "Feature", "properties": { "CLASSE": "PLANTIO" }, "geometry": { "type": "Point", "coordinates": [ -59.950249831514789, -3.137249664273469 ] } },
{ "type": "Feature", "properties": { "CLASSE": "PLANTIO" }, "geometry": { "type": "Point", "coordinates": [ -59.950317077672402, -3.137255416918599 ] } },
{ "type": "Feature", "properties": { "CLASSE": "PLANTIO" }, "geometry": { "type": "Point", "coordinates": [ -59.950385143928052, -3.137258084535517 ] } },
{ "type": "Feature", "properties": { "CLASSE": "PLANTIO" }, "geometry": { "type": "Point", "coordinates": [ -59.950246721077384, -3.137298232370263 ] } },
{ "type": "Feature", "properties": { "CLASSE": "PLANTIO" }, "geometry": { "type": "Point", "coordinates": [ -59.950315625841348, -3.137304860480718 ] } },
{ "type": "Feature", "properties": { "CLASSE": "PLANTIO" }, "geometry": { "type": "Point", "coordinates": [ -59.950381350806616, -3.137304693241205 ] } },
{ "type": "Feature", "properties": { "CLASSE": "PLANTIO" }, "geometry": { "type": "Point", "coordinates": [ -59.950244996581681, -3.137344174029039 ] } },
{ "type": "Feature", "properties": { "CLASSE": "PLANTIO" }, "geometry": { "type": "Point", "coordinates": [ -59.950314700906851, -3.137354262349511 ] } },
{ "type": "Feature", "properties": { "CLASSE": "PLANTIO" }, "geometry": { "type": "Point", "coordinates": [ -59.950376737588449, -3.137354386963572 ] } },
{ "type": "Feature", "properties": { "CLASSE": "PLANTIO" }, "geometry": { "type": "Point", "coordinates": [ -59.950244559584469, -3.137393033931943 ] } },
{ "type": "Feature", "properties": { "CLASSE": "PLANTIO" }, "geometry": { "type": "Point", "coordinates": [ -59.950312917991532, -3.13739945360156 ] } },
{ "type": "Feature", "properties": { "CLASSE": "PLANTIO" }, "geometry": { "type": "Point", "coordinates": [ -59.950377159653421, -3.137400662123021 ] } },
{ "type": "Feature", "properties": { "CLASSE": "PLANTIO" }, "geometry": { "type": "Point", "coordinates": [ -59.949866426501409, -3.137146110511473 ] } },
{ "type": "Feature", "properties": { "CLASSE": "PLANTIO" }, "geometry": { "type": "Point", "coordinates": [ -59.950058295474385, -3.137131934911011 ] } },
{ "type": "Feature", "properties": { "CLASSE": "PLANTIO" }, "geometry": { "type": "Point", "coordinates": [ -59.949798085490293, -3.137153531626929 ] } },
{ "type": "Feature", "properties": { "CLASSE": "PLANTIO" }, "geometry": { "type": "Point", "coordinates": [ -59.950123434006407, -3.137137854358322 ] } },
{ "type": "Feature", "properties": { "CLASSE": "PLANTIO" }, "geometry": { "type": "Point", "coordinates": [ -59.949992098864648, -3.137153280283307 ] } },
{ "type": "Feature", "properties": { "CLASSE": "PLANTIO" }, "geometry": { "type": "Point", "coordinates": [ -59.949928087743707, -3.137175459416667 ] } },
{ "type": "Feature", "properties": { "CLASSE": "PLANTIO" }, "geometry": { "type": "Point", "coordinates": [ -59.950055556114926, -3.137178460224654 ] } },
{ "type": "Feature", "properties": { "CLASSE": "PLANTIO" }, "geometry": { "type": "Point", "coordinates": [ -59.9498639987168, -3.13719663799548 ] } },
{ "type": "Feature", "properties": { "CLASSE": "PLANTIO" }, "geometry": { "type": "Point", "coordinates": [ -59.949794448099162, -3.137202141407677 ] } },
{ "type": "Feature", "properties": { "CLASSE": "PLANTIO" }, "geometry": { "type": "Point", "coordinates": [ -59.950120772555628, -3.137185380216565 ] } },
{ "type": "Feature", "properties": { "CLASSE": "PLANTIO" }, "geometry": { "type": "Point", "coordinates": [ -59.949991622891055, -3.137201639911702 ] } },
{ "type": "Feature", "properties": { "CLASSE": "PLANTIO" }, "geometry": { "type": "Point", "coordinates": [ -59.949926635863456, -3.137224902972946 ] } },
{ "type": "Feature", "properties": { "CLASSE": "PLANTIO" }, "geometry": { "type": "Point", "coordinates": [ -59.949793933147483, -3.137250000761732 ] } },
{ "type": "Feature", "properties": { "CLASSE": "PLANTIO" }, "geometry": { "type": "Point", "coordinates": [ -59.949860361332277, -3.1372452477775 ] } },
{ "type": "Feature", "properties": { "CLASSE": "PLANTIO" }, "geometry": { "type": "Point", "coordinates": [ -59.950053284155807, -3.137230988798947 ] } },
{ "type": "Feature", "properties": { "CLASSE": "PLANTIO" }, "geometry": { "type": "Point", "coordinates": [ -59.950182236944435, -3.137225818448563 ] } },
{ "type": "Feature", "properties": { "CLASSE": "PLANTIO" }, "geometry": { "type": "Point", "coordinates": [ -59.950120218697215, -3.137232739303087 ] } },
{ "type": "Feature", "properties": { "CLASSE": "PLANTIO" }, "geometry": { "type": "Point", "coordinates": [ -59.94999122481574, -3.137251000083424 ] } },
{ "type": "Feature", "properties": { "CLASSE": "PLANTIO" }, "geometry": { "type": "Point", "coordinates": [ -59.949922764785605, -3.137270511125791 ] } },
{ "type": "Feature", "properties": { "CLASSE": "PLANTIO" }, "geometry": { "type": "Point", "coordinates": [ -59.949792286496596, -3.13729694295715 ] } },
{ "type": "Feature", "properties": { "CLASSE": "PLANTIO" }, "geometry": { "type": "Point", "coordinates": [ -59.949857738792495, -3.137293273902472 ] } },
{ "type": "Feature", "properties": { "CLASSE": "PLANTIO" }, "geometry": { "type": "Point", "coordinates": [ -59.950052808187216, -3.137279348427938 ] } },
{ "type": "Feature", "properties": { "CLASSE": "PLANTIO" }, "geometry": { "type": "Point", "coordinates": [ -59.95018695208028, -3.137272760605903 ] } },
{ "type": "Feature", "properties": { "CLASSE": "PLANTIO" }, "geometry": { "type": "Point", "coordinates": [ -59.950115761248945, -3.137284434106519 ] } },
{ "type": "Feature", "properties": { "CLASSE": "PLANTIO" }, "geometry": { "type": "Point", "coordinates": [ -59.949990748838111, -3.137299359711633 ] } },
{ "type": "Feature", "properties": { "CLASSE": "PLANTIO" }, "geometry": { "type": "Point", "coordinates": [ -59.949920726503088, -3.137326041327803 ] } },
{ "type": "Feature", "properties": { "CLASSE": "PLANTIO" }, "geometry": { "type": "Point", "coordinates": [ -59.949792415289146, -3.137346261433699 ] } },
{ "type": "Feature", "properties": { "CLASSE": "PLANTIO" }, "geometry": { "type": "Point", "coordinates": [ -59.949858511342676, -3.137344051502446 ] } },
{ "type": "Feature", "properties": { "CLASSE": "PLANTIO" }, "geometry": { "type": "Point", "coordinates": [ -59.950182183036141, -3.137320453236875 ] } },
{ "type": "Feature", "properties": { "CLASSE": "PLANTIO" }, "geometry": { "type": "Point", "coordinates": [ -59.950050536222797, -3.137331877001913 ] } },
{ "type": "Feature", "properties": { "CLASSE": "PLANTIO" }, "geometry": { "type": "Point", "coordinates": [ -59.950118368779137, -3.137331543035387 ] } },
{ "type": "Feature", "properties": { "CLASSE": "PLANTIO" }, "geometry": { "type": "Point", "coordinates": [ -59.949987578866462, -3.137353972756735 ] } },
{ "type": "Feature", "properties": { "CLASSE": "PLANTIO" }, "geometry": { "type": "Point", "coordinates": [ -59.949920406313034, -3.137376402041838 ] } },
{ "type": "Feature", "properties": { "CLASSE": "PLANTIO" }, "geometry": { "type": "Point", "coordinates": [ -59.949856903645987, -3.137391493970327 ] } },
{ "type": "Feature", "properties": { "CLASSE": "PLANTIO" }, "geometry": { "type": "Point", "coordinates": [ -59.950181707081093, -3.137368812867301 ] } },
{ "type": "Feature", "properties": { "CLASSE": "PLANTIO" }, "geometry": { "type": "Point", "coordinates": [ -59.950049982349434, -3.137379236087199 ] } },
{ "type": "Feature", "properties": { "CLASSE": "PLANTIO" }, "geometry": { "type": "Point", "coordinates": [ -59.95011789281515, -3.137379902665003 ] } },
{ "type": "Feature", "properties": { "CLASSE": "PLANTIO" }, "geometry": { "type": "Point", "coordinates": [ -59.949984195738885, -3.13739903894605 ] } },
{ "type": "Feature", "properties": { "CLASSE": "PLANTIO" }, "geometry": { "type": "Point", "coordinates": [ -59.949919774521, -3.13742276058192 ] } },
{ "type": "Feature", "properties": { "CLASSE": "PLANTIO" }, "geometry": { "type": "Point", "coordinates": [ -59.949854242149165, -3.137439019823105 ] } },
{ "type": "Feature", "properties": { "CLASSE": "PLANTIO" }, "geometry": { "type": "Point", "coordinates": [ -59.950182207021335, -3.137416088568258 ] } },
{ "type": "Feature", "properties": { "CLASSE": "PLANTIO" }, "geometry": { "type": "Point", "coordinates": [ -59.950044686383187, -3.137426970407418 ] } },
{ "type": "Feature", "properties": { "CLASSE": "PLANTIO" }, "geometry": { "type": "Point", "coordinates": [ -59.950113123756601, -3.137427595294021 ] } },
{ "type": "Feature", "properties": { "CLASSE": "PLANTIO" }, "geometry": { "type": "Point", "coordinates": [ -59.949983153905258, -3.13744693999476 ] } },
{ "type": "Feature", "properties": { "CLASSE": "PLANTIO" }, "geometry": { "type": "Point", "coordinates": [ -59.949597749353877, -3.137154283181822 ] } },
{ "type": "Feature", "properties": { "CLASSE": "PLANTIO" }, "geometry": { "type": "Point", "coordinates": [ -59.949664995460175, -3.137160035935544 ] } },
{ "type": "Feature", "properties": { "CLASSE": "PLANTIO" }, "geometry": { "type": "Point", "coordinates": [ -59.949456128340479, -3.137180589896616 ] } },
{ "type": "Feature", "properties": { "CLASSE": "PLANTIO" }, "geometry": { "type": "Point", "coordinates": [ -59.949731343573127, -3.137167873149707 ] } },
{ "type": "Feature", "properties": { "CLASSE": "PLANTIO" }, "geometry": { "type": "Point", "coordinates": [ -59.94938866260609, -3.137206062413668 ] } },
{ "type": "Feature", "properties": { "CLASSE": "PLANTIO" }, "geometry": { "type": "Point", "coordinates": [ -59.949529440814295, -3.1372029766843 ] } },
{ "type": "Feature", "properties": { "CLASSE": "PLANTIO" }, "geometry": { "type": "Point", "coordinates": [ -59.949597273327818, -3.137202642805207 ] } },
{ "type": "Feature", "properties": { "CLASSE": "PLANTIO" }, "geometry": { "type": "Point", "coordinates": [ -59.949665495340632, -3.137207311631727 ] } },
{ "type": "Feature", "properties": { "CLASSE": "PLANTIO" }, "geometry": { "type": "Point", "coordinates": [ -59.949454364801007, -3.137226031271801 ] } },
{ "type": "Feature", "properties": { "CLASSE": "PLANTIO" }, "geometry": { "type": "Point", "coordinates": [ -59.949727939871188, -3.137219484559417 ] } },
{ "type": "Feature", "properties": { "CLASSE": "PLANTIO" }, "geometry": { "type": "Point", "coordinates": [ -59.949386001057029, -3.13725358825851 ] } },
{ "type": "Feature", "properties": { "CLASSE": "PLANTIO" }, "geometry": { "type": "Point", "coordinates": [ -59.949527677282965, -3.137248418060594 ] } },
{ "type": "Feature", "properties": { "CLASSE": "PLANTIO" }, "geometry": { "type": "Point", "coordinates": [ -59.949593480109478, -3.137249251494758 ] } },
{ "type": "Feature", "properties": { "CLASSE": "PLANTIO" }, "geometry": { "type": "Point", "coordinates": [ -59.949661857929421, -3.13725592140959 ] } },
{ "type": "Feature", "properties": { "CLASSE": "PLANTIO" }, "geometry": { "type": "Point", "coordinates": [ -59.94945490360093, -3.137273807237506 ] } },
{ "type": "Feature", "properties": { "CLASSE": "PLANTIO" }, "geometry": { "type": "Point", "coordinates": [ -59.949727308060737, -3.137265843097417 ] } },
{ "type": "Feature", "properties": { "CLASSE": "PLANTIO" }, "geometry": { "type": "Point", "coordinates": [ -59.949387710492154, -3.137302781654789 ] } },
{ "type": "Feature", "properties": { "CLASSE": "PLANTIO" }, "geometry": { "type": "Point", "coordinates": [ -59.949524195649381, -3.137299028922349 ] } },
{ "type": "Feature", "properties": { "CLASSE": "PLANTIO" }, "geometry": { "type": "Point", "coordinates": [ -59.949592183978957, -3.137300696132613 ] } },
{ "type": "Feature", "properties": { "CLASSE": "PLANTIO" }, "geometry": { "type": "Point", "coordinates": [ -59.949657244617121, -3.137305615115203 ] } },
{ "type": "Feature", "properties": { "CLASSE": "PLANTIO" }, "geometry": { "type": "Point", "coordinates": [ -59.949453939601689, -3.137322708822545 ] } },
{ "type": "Feature", "properties": { "CLASSE": "PLANTIO" }, "geometry": { "type": "Point", "coordinates": [ -59.949725700350378, -3.137313285563472 ] } },
{ "type": "Feature", "properties": { "CLASSE": "PLANTIO" }, "geometry": { "type": "Point", "coordinates": [ -59.949383213988348, -3.137353976168995 ] } },
{ "type": "Feature", "properties": { "CLASSE": "PLANTIO" }, "geometry": { "type": "Point", "coordinates": [ -59.949519738114112, -3.137350723711521 ] } },
{ "type": "Feature", "properties": { "CLASSE": "PLANTIO" }, "geometry": { "type": "Point", "coordinates": [ -59.94958967825017, -3.137350223067763 ] } },
{ "type": "Feature", "properties": { "CLASSE": "PLANTIO" }, "geometry": { "type": "Point", "coordinates": [ -59.949657666591939, -3.137351890267617 ] } },
{ "type": "Feature", "properties": { "CLASSE": "PLANTIO" }, "geometry": { "type": "Point", "coordinates": [ -59.949453541448399, -3.137372068987155 ] } },
{ "type": "Feature", "properties": { "CLASSE": "PLANTIO" }, "geometry": { "type": "Point", "coordinates": [ -59.949725224334934, -3.137361645188157 ] } },
{ "type": "Feature", "properties": { "CLASSE": "PLANTIO" }, "geometry": { "type": "Point", "coordinates": [ -59.949521213867492, -3.137396915478298 ] } },
{ "type": "Feature", "properties": { "CLASSE": "PLANTIO" }, "geometry": { "type": "Point", "coordinates": [ -59.949588148417398, -3.137398666074958 ] } },
{ "type": "Feature", "properties": { "CLASSE": "PLANTIO" }, "geometry": { "type": "Point", "coordinates": [ -59.949658322262927, -3.137401167050271 ] } },
{ "type": "Feature", "properties": { "CLASSE": "PLANTIO" }, "geometry": { "type": "Point", "coordinates": [ -59.94945411919219, -3.137420345224285 ] } },
{ "type": "Feature", "properties": { "CLASSE": "PLANTIO" }, "geometry": { "type": "Point", "coordinates": [ -59.949790592283399, -3.137397747766826 ] } },
{ "type": "Feature", "properties": { "CLASSE": "PLANTIO" }, "geometry": { "type": "Point", "coordinates": [ -59.949722718621253, -3.137411172125546 ] } },
{ "type": "Feature", "properties": { "CLASSE": "PLANTIO" }, "geometry": { "type": "Point", "coordinates": [ -59.949520133023704, -3.137444316248789 ] } },
{ "type": "Feature", "properties": { "CLASSE": "PLANTIO" }, "geometry": { "type": "Point", "coordinates": [ -59.949587516582163, -3.13744502461082 ] } },
{ "type": "Feature", "properties": { "CLASSE": "PLANTIO" }, "geometry": { "type": "Point", "coordinates": [ -59.94965769043656, -3.137447525586978 ] } },
{ "type": "Feature", "properties": { "CLASSE": "PLANTIO" }, "geometry": { "type": "Point", "coordinates": [ -59.949788984575598, -3.137445190233549 ] } },
{ "type": "Feature", "properties": { "CLASSE": "PLANTIO" }, "geometry": { "type": "Point", "coordinates": [ -59.949446578145434, -3.137473290706637 ] } },
{ "type": "Feature", "properties": { "CLASSE": "PLANTIO" }, "geometry": { "type": "Point", "coordinates": [ -59.949721266702902, -3.137460615678101 ] } },
{ "type": "Feature", "properties": { "CLASSE": "PLANTIO" }, "geometry": { "type": "Point", "coordinates": [ -59.949325828608359, -3.137188886716316 ] } },
{ "type": "Feature", "properties": { "CLASSE": "PLANTIO" }, "geometry": { "type": "Point", "coordinates": [ -59.94898629066072, -3.137219779979432 ] } },
{ "type": "Feature", "properties": { "CLASSE": "PLANTIO" }, "geometry": { "type": "Point", "coordinates": [ -59.949183992275472, -3.137219237196071 ] } },
{ "type": "Feature", "properties": { "CLASSE": "PLANTIO" }, "geometry": { "type": "Point", "coordinates": [ -59.949115220647094, -3.137234745921603 ] } },
{ "type": "Feature", "properties": { "CLASSE": "PLANTIO" }, "geometry": { "type": "Point", "coordinates": [ -59.949257561154603, -3.137224489719813 ] } },
{ "type": "Feature", "properties": { "CLASSE": "PLANTIO" }, "geometry": { "type": "Point", "coordinates": [ -59.949325040951045, -3.137233244162402 ] } },
{ "type": "Feature", "properties": { "CLASSE": "PLANTIO" }, "geometry": { "type": "Point", "coordinates": [ -59.9490500182796, -3.137262052698482 ] } },
{ "type": "Feature", "properties": { "CLASSE": "PLANTIO" }, "geometry": { "type": "Point", "coordinates": [ -59.948983180057816, -3.137268348051776 ] } },
{ "type": "Feature", "properties": { "CLASSE": "PLANTIO" }, "geometry": { "type": "Point", "coordinates": [ -59.94918148649537, -3.137268764124073 ] } },
{ "type": "Feature", "properties": { "CLASSE": "PLANTIO" }, "geometry": { "type": "Point", "coordinates": [ -59.949114666655838, -3.137282104995272 ] } },
{ "type": "Feature", "properties": { "CLASSE": "PLANTIO" }, "geometry": { "type": "Point", "coordinates": [ -59.94925392368868, -3.137273099489143 ] } },
{ "type": "Feature", "properties": { "CLASSE": "PLANTIO" }, "geometry": { "type": "Point", "coordinates": [ -59.949324642783942, -3.137282604325613 ] } },
{ "type": "Feature", "properties": { "CLASSE": "PLANTIO" }, "geometry": { "type": "Point", "coordinates": [ -59.949049697971624, -3.137312413401517 ] } },
{ "type": "Feature", "properties": { "CLASSE": "PLANTIO" }, "geometry": { "type": "Point", "coordinates": [ -59.948981317993024, -3.13731933409975 ] } },
{ "type": "Feature", "properties": { "CLASSE": "PLANTIO" }, "geometry": { "type": "Point", "coordinates": [ -59.949180190305874, -3.13732020875549 ] } },
{ "type": "Feature", "properties": { "CLASSE": "PLANTIO" }, "geometry": { "type": "Point", "coordinates": [ -59.949112903069683, -3.137327546365022 ] } },
{ "type": "Feature", "properties": { "CLASSE": "PLANTIO" }, "geometry": { "type": "Point", "coordinates": [ -59.949255633105089, -3.137322292884441 ] } },
{ "type": "Feature", "properties": { "CLASSE": "PLANTIO" }, "geometry": { "type": "Point", "coordinates": [ -59.949323346613987, -3.137334048959218 ] } },
{ "type": "Feature", "properties": { "CLASSE": "PLANTIO" }, "geometry": { "type": "Point", "coordinates": [ -59.949048617070012, -3.137359814165627 ] } },
{ "type": "Feature", "properties": { "CLASSE": "PLANTIO" }, "geometry": { "type": "Point", "coordinates": [ -59.948982012521888, -3.1373691111474 ] } },
{ "type": "Feature", "properties": { "CLASSE": "PLANTIO" }, "geometry": { "type": "Point", "coordinates": [ -59.949178426726299, -3.137365650126149 ] } },
{ "type": "Feature", "properties": { "CLASSE": "PLANTIO" }, "geometry": { "type": "Point", "coordinates": [ -59.949113870258408, -3.137380825315951 ] } },
{ "type": "Feature", "properties": { "CLASSE": "PLANTIO" }, "geometry": { "type": "Point", "coordinates": [ -59.949255234924927, -3.13737165304655 ] } },
{ "type": "Feature", "properties": { "CLASSE": "PLANTIO" }, "geometry": { "type": "Point", "coordinates": [ -59.949321738848319, -3.137381491418907 ] } },
{ "type": "Feature", "properties": { "CLASSE": "PLANTIO" }, "geometry": { "type": "Point", "coordinates": [ -59.949043847874769, -3.137407506769669 ] } },
{ "type": "Feature", "properties": { "CLASSE": "PLANTIO" }, "geometry": { "type": "Point", "coordinates": [ -59.949173813343243, -3.137415343820088 ] } },
{ "type": "Feature", "properties": { "CLASSE": "PLANTIO" }, "geometry": { "type": "Point", "coordinates": [ -59.949381489381814, -3.13739991781442 ] } },
{ "type": "Feature", "properties": { "CLASSE": "PLANTIO" }, "geometry": { "type": "Point", "coordinates": [ -59.949111795077236, -3.13742226451177 ] } },
{ "type": "Feature", "properties": { "CLASSE": "PLANTIO" }, "geometry": { "type": "Point", "coordinates": [ -59.949253627148742, -3.137419095505109 ] } },
{ "type": "Feature", "properties": { "CLASSE": "PLANTIO" }, "geometry": { "type": "Point", "coordinates": [ -59.949318412976275, -3.137434103362843 ] } },
{ "type": "Feature", "properties": { "CLASSE": "PLANTIO" }, "geometry": { "type": "Point", "coordinates": [ -59.949046006259188, -3.137455657928321 ] } },
{ "type": "Feature", "properties": { "CLASSE": "PLANTIO" }, "geometry": { "type": "Point", "coordinates": [ -59.949174507894931, -3.137465120869457 ] } },
{ "type": "Feature", "properties": { "CLASSE": "PLANTIO" }, "geometry": { "type": "Point", "coordinates": [ -59.949381169114012, -3.137450278521392 ] } },
{ "type": "Feature", "properties": { "CLASSE": "PLANTIO" }, "geometry": { "type": "Point", "coordinates": [ -59.949108819712599, -3.137479378896614 ] } },
{ "type": "Feature", "properties": { "CLASSE": "PLANTIO" }, "geometry": { "type": "Point", "coordinates": [ -59.949253306862467, -3.137469456210432 ] } },
{ "type": "Feature", "properties": { "CLASSE": "PLANTIO" }, "geometry": { "type": "Point", "coordinates": [ -59.94931567350951, -3.137480628662381 ] } },
{ "type": "Feature", "properties": { "CLASSE": "PLANTIO" }, "geometry": { "type": "Point", "coordinates": [ -59.949378585451278, -3.137498804908866 ] } },
{ "type": "Feature", "properties": { "CLASSE": "PLANTIO" }, "geometry": { "type": "Point", "coordinates": [ -59.949170694047474, -3.137518274773385 ] } },
{ "type": "Feature", "properties": { "CLASSE": "PLANTIO" }, "geometry": { "type": "Point", "coordinates": [ -59.949106890040134, -3.137526091790839 ] } },
{ "type": "Feature", "properties": { "CLASSE": "PLANTIO" }, "geometry": { "type": "Point", "coordinates": [ -59.949248537687929, -3.137517148818908 ] } },
{ "type": "Feature", "properties": { "CLASSE": "PLANTIO" }, "geometry": { "type": "Point", "coordinates": [ -59.948926792261737, -3.137211400653833 ] } },
{ "type": "Feature", "properties": { "CLASSE": "PLANTIO" }, "geometry": { "type": "Point", "coordinates": [ -59.948856265762522, -3.137217987825416 ] } },
{ "type": "Feature", "properties": { "CLASSE": "PLANTIO" }, "geometry": { "type": "Point", "coordinates": [ -59.948795612920669, -3.137228827261119 ] } },
{ "type": "Feature", "properties": { "CLASSE": "PLANTIO" }, "geometry": { "type": "Point", "coordinates": [ -59.948663595091354, -3.137242293340975 ] } },
{ "type": "Feature", "properties": { "CLASSE": "PLANTIO" }, "geometry": { "type": "Point", "coordinates": [ -59.948598997499197, -3.137270558892844 ] } },
{ "type": "Feature", "properties": { "CLASSE": "PLANTIO" }, "geometry": { "type": "Point", "coordinates": [ -59.948730273126834, -3.13726117839137 ] } },
{ "type": "Feature", "properties": { "CLASSE": "PLANTIO" }, "geometry": { "type": "Point", "coordinates": [ -59.948855867532352, -3.137267347982657 ] } },
{ "type": "Feature", "properties": { "CLASSE": "PLANTIO" }, "geometry": { "type": "Point", "coordinates": [ -59.948797010688416, -3.13727401847941 ] } },
{ "type": "Feature", "properties": { "CLASSE": "PLANTIO" }, "geometry": { "type": "Point", "coordinates": [ -59.94892881322486, -3.137264596220533 ] } },
{ "type": "Feature", "properties": { "CLASSE": "PLANTIO" }, "geometry": { "type": "Point", "coordinates": [ -59.948659352751115, -3.137289944245474 ] } },
{ "type": "Feature", "properties": { "CLASSE": "PLANTIO" }, "geometry": { "type": "Point", "coordinates": [ -59.948728665287213, -3.137308620842141 ] } },
{ "type": "Feature", "properties": { "CLASSE": "PLANTIO" }, "geometry": { "type": "Point", "coordinates": [ -59.948596862743578, -3.137318043032415 ] } },
{ "type": "Feature", "properties": { "CLASSE": "PLANTIO" }, "geometry": { "type": "Point", "coordinates": [ -59.948924942021826, -3.137310204352652 ] } },
{ "type": "Feature", "properties": { "CLASSE": "PLANTIO" }, "geometry": { "type": "Point", "coordinates": [ -59.948854337605844, -3.137315790978739 ] } },
{ "type": "Feature", "properties": { "CLASSE": "PLANTIO" }, "geometry": { "type": "Point", "coordinates": [ -59.948793528953068, -3.137324629325903 ] } },
{ "type": "Feature", "properties": { "CLASSE": "PLANTIO" }, "geometry": { "type": "Point", "coordinates": [ -59.948660690980169, -3.137341180414104 ] } },
{ "type": "Feature", "properties": { "CLASSE": "PLANTIO" }, "geometry": { "type": "Point", "coordinates": [ -59.948728344932753, -3.137358981540999 ] } },
{ "type": "Feature", "properties": { "CLASSE": "PLANTIO" }, "geometry": { "type": "Point", "coordinates": [ -59.948593946825305, -3.137369112455445 ] } },
{ "type": "Feature", "properties": { "CLASSE": "PLANTIO" }, "geometry": { "type": "Point", "coordinates": [ -59.948923334205396, -3.137357646806286 ] } },
{ "type": "Feature", "properties": { "CLASSE": "PLANTIO" }, "geometry": { "type": "Point", "coordinates": [ -59.948849802078904, -3.137366485208659 ] } },
{ "type": "Feature", "properties": { "CLASSE": "PLANTIO" }, "geometry": { "type": "Point", "coordinates": [ -59.948792974916365, -3.13737198839528 ] } },
{ "type": "Feature", "properties": { "CLASSE": "PLANTIO" }, "geometry": { "type": "Point", "coordinates": [ -59.948657775069627, -3.137392249838307 ] } },
{ "type": "Feature", "properties": { "CLASSE": "PLANTIO" }, "geometry": { "type": "Point", "coordinates": [ -59.948593060602796, -3.137419014571563 ] } },
{ "type": "Feature", "properties": { "CLASSE": "PLANTIO" }, "geometry": { "type": "Point", "coordinates": [ -59.948727126571931, -3.137411426708553 ] } },
{ "type": "Feature", "properties": { "CLASSE": "PLANTIO" }, "geometry": { "type": "Point", "coordinates": [ -59.94892188218116, -3.137407090346613 ] } },
{ "type": "Feature", "properties": { "CLASSE": "PLANTIO" }, "geometry": { "type": "Point", "coordinates": [ -59.948849403841841, -3.137415845365489 ] } },
{ "type": "Feature", "properties": { "CLASSE": "PLANTIO" }, "geometry": { "type": "Point", "coordinates": [ -59.948792810361816, -3.137424350181611 ] } },
{ "type": "Feature", "properties": { "CLASSE": "PLANTIO" }, "geometry": { "type": "Point", "coordinates": [ -59.948657825807807, -3.13744056775829 ] } },
{ "type": "Feature", "properties": { "CLASSE": "PLANTIO" }, "geometry": { "type": "Point", "coordinates": [ -59.948979877811574, -3.137416595293104 ] } },
{ "type": "Feature", "properties": { "CLASSE": "PLANTIO" }, "geometry": { "type": "Point", "coordinates": [ -59.94859356033384, -3.137466290256562 ] } },
{ "type": "Feature", "properties": { "CLASSE": "PLANTIO" }, "geometry": { "type": "Point", "coordinates": [ -59.948724620721116, -3.13746095362773 ] } },
{ "type": "Feature", "properties": { "CLASSE": "PLANTIO" }, "geometry": { "type": "Point", "coordinates": [ -59.948920585948819, -3.137458534973668 ] } },
{ "type": "Feature", "properties": { "CLASSE": "PLANTIO" }, "geometry": { "type": "Point", "coordinates": [ -59.948846975904267, -3.137466372830303 ] } },
{ "type": "Feature", "properties": { "CLASSE": "PLANTIO" }, "geometry": { "type": "Point", "coordinates": [ -59.948791436213746, -3.137474794263198 ] } },
{ "type": "Feature", "properties": { "CLASSE": "PLANTIO" }, "geometry": { "type": "Point", "coordinates": [ -59.948656783798178, -3.137488468788355 ] } },
{ "type": "Feature", "properties": { "CLASSE": "PLANTIO" }, "geometry": { "type": "Point", "coordinates": [ -59.948978503689681, -3.13746703937759 ] } },
{ "type": "Feature", "properties": { "CLASSE": "PLANTIO" }, "geometry": { "type": "Point", "coordinates": [ -59.948592488553892, -3.137517213761228 ] } },
{ "type": "Feature", "properties": { "CLASSE": "PLANTIO" }, "geometry": { "type": "Point", "coordinates": [ -59.94872188117791, -3.137507478916504 ] } },
{ "type": "Feature", "properties": { "CLASSE": "PLANTIO" }, "geometry": { "type": "Point", "coordinates": [ -59.948919505024428, -3.137505935735611 ] } },
{ "type": "Feature", "properties": { "CLASSE": "PLANTIO" }, "geometry": { "type": "Point", "coordinates": [ -59.948843494166105, -3.137516983677223 ] } },
{ "type": "Feature", "properties": { "CLASSE": "PLANTIO" }, "geometry": { "type": "Point", "coordinates": [ -59.948788696678371, -3.137521319553116 ] } },
{ "type": "Feature", "properties": { "CLASSE": "PLANTIO" }, "geometry": { "type": "Point", "coordinates": [ -59.948655819682834, -3.137537370361663 ] } },
{ "type": "Feature", "properties": { "CLASSE": "PLANTIO" }, "geometry": { "type": "Point", "coordinates": [ -59.948977988620051, -3.137514898720731 ] } },
{ "type": "Feature", "properties": { "CLASSE": "PLANTIO" }, "geometry": { "type": "Point", "coordinates": [ -59.948720273326707, -3.137554921366544 ] } },
{ "type": "Feature", "properties": { "CLASSE": "PLANTIO" }, "geometry": { "type": "Point", "coordinates": [ -59.948589680282403, -3.137566261251379 ] } },
{ "type": "Feature", "properties": { "CLASSE": "PLANTIO" }, "geometry": { "type": "Point", "coordinates": [ -59.948532163681314, -3.137249672733951 ] } },
{ "type": "Feature", "properties": { "CLASSE": "PLANTIO" }, "geometry": { "type": "Point", "coordinates": [ -59.94853363931157, -3.137295864493765 ] } },
{ "type": "Feature", "properties": { "CLASSE": "PLANTIO" }, "geometry": { "type": "Point", "coordinates": [ -59.948530977647756, -3.137343390322918 ] } },
{ "type": "Feature", "properties": { "CLASSE": "PLANTIO" }, "geometry": { "type": "Point", "coordinates": [ -59.948527340080169, -3.137392000076829 ] } },
{ "type": "Feature", "properties": { "CLASSE": "PLANTIO" }, "geometry": { "type": "Point", "coordinates": [ -59.948527995595761, -3.137441276848037 ] } },
{ "type": "Feature", "properties": { "CLASSE": "PLANTIO" }, "geometry": { "type": "Point", "coordinates": [ -59.948525411820604, -3.137489803220092 ] } },
{ "type": "Feature", "properties": { "CLASSE": "PLANTIO" }, "geometry": { "type": "Point", "coordinates": [ -59.948524603479591, -3.137540705878379 ] } },
{ "type": "Feature", "properties": { "CLASSE": "PLANTIO" }, "geometry": { "type": "Point", "coordinates": [ -59.948970506062061, -3.135417425146677 ] } },
{ "type": "Feature", "properties": { "CLASSE": "PLANTIO" }, "geometry": { "type": "Point", "coordinates": [ -59.948969035945289, -3.135467487918895 ] } },
{ "type": "Feature", "properties": { "CLASSE": "PLANTIO" }, "geometry": { "type": "Point", "coordinates": [ -59.948717487307356, -3.135210453177265 ] } },
{ "type": "Feature", "properties": { "CLASSE": "PLANTIO" }, "geometry": { "type": "Point", "coordinates": [ -59.948716702062306, -3.13525318242867 ] } },
{ "type": "Feature", "properties": { "CLASSE": "PLANTIO" }, "geometry": { "type": "Point", "coordinates": [ -59.950303114890708, -3.135945788209582 ] } },
{ "type": "Feature", "properties": { "CLASSE": "PLANTIO" }, "geometry": { "type": "Point", "coordinates": [ -59.949919690711361, -3.135099789252784 ] } },
{ "type": "Feature", "properties": { "CLASSE": "PLANTIO" }, "geometry": { "type": "Point", "coordinates": [ -59.949101336828299, -3.135823937549418 ] } },
{ "type": "Feature", "properties": { "CLASSE": "PLANTIO" }, "geometry": { "type": "Point", "coordinates": [ -59.949102312764929, -3.135289469159488 ] } },
{ "type": "Feature", "properties": { "CLASSE": "PLANTIO" }, "geometry": { "type": "Point", "coordinates": [ -59.949104363549871, -3.135238630616982 ] } },
{ "type": "Feature", "properties": { "CLASSE": "PLANTIO" }, "geometry": { "type": "Point", "coordinates": [ -59.949042880774435, -3.137505737239152 ] } },
{ "type": "Feature", "properties": { "CLASSE": "PLANTIO" }, "geometry": { "type": "Point", "coordinates": [ -59.948972114112586, -3.135321748505611 ] } },
{ "type": "Feature", "properties": { "CLASSE": "PLANTIO" }, "geometry": { "type": "Point", "coordinates": [ -59.948974428282007, -3.135126767519864 ] } },
{ "type": "Feature", "properties": { "CLASSE": "PLANTIO" }, "geometry": { "type": "Point", "coordinates": [ -59.948858597494883, -3.136875695470707 ] } },
{ "type": "Feature", "properties": { "CLASSE": "PLANTIO" }, "geometry": { "type": "Point", "coordinates": [ -59.948858228193352, -3.136825547567895 ] } },
{ "type": "Feature", "properties": { "CLASSE": "PLANTIO" }, "geometry": { "type": "Point", "coordinates": [ -59.948838935506437, -3.135521169939814 ] } },
{ "type": "Feature", "properties": { "CLASSE": "PLANTIO" }, "geometry": { "type": "Point", "coordinates": [ -59.948841572192713, -3.135323520844736 ] } },
{ "type": "Feature", "properties": { "CLASSE": "PLANTIO" }, "geometry": { "type": "Point", "coordinates": [ -59.948721163623453, -3.135846379803006 ] } },
{ "type": "Feature", "properties": { "CLASSE": "PLANTIO" }, "geometry": { "type": "Point", "coordinates": [ -59.948721005673669, -3.135017628834433 ] } },
{ "type": "Feature", "properties": { "CLASSE": "PLANTIO" }, "geometry": { "type": "Point", "coordinates": [ -59.948721455816603, -3.134968929832034 ] } },
{ "type": "Feature", "properties": { "CLASSE": "PLANTIO" }, "geometry": { "type": "Point", "coordinates": [ -59.948519667132352, -3.135294881435406 ] } },
{ "type": "Feature", "properties": { "CLASSE": "PLANTIO" }, "geometry": { "type": "Point", "coordinates": [ -59.948526290486207, -3.136369017167794 ] } },
{ "type": "Feature", "properties": { "CLASSE": "PLANTIO" }, "geometry": { "type": "Point", "coordinates": [ -59.948533558533889, -3.13690895485226 ] } },
{ "type": "Feature", "properties": { "CLASSE": "PLANTIO" }, "geometry": { "type": "Point", "coordinates": [ -59.948535593579528, -3.136957796892759 ] } },
{ "type": "Feature", "properties": { "CLASSE": "PLANTIO" }, "geometry": { "type": "Point", "coordinates": [ -59.948463005479887, -3.137181906933499 ] } },
{ "type": "Feature", "properties": { "CLASSE": "PLANTIO" }, "geometry": { "type": "Point", "coordinates": [ -59.948460947753937, -3.136934168171265 ] } }
]
}
